🚀 Iniciando treinamento do modelo Ollama...
🔄 Conectando ao MongoDB...
✅ Conectado ao MongoDB com sucesso!
📊 Encontrados 38 vendedores para treinamento
Debug - Repository - Query params: {
  vendedorId: '9fbda514-e7f1-45f7-ad1e-8a49974dd485',
  dataInicio: 2024-09-17T03:00:00.000Z,
  dataFim: 2025-03-17T23:33:11.150Z
}
Debug - Repository - MongoDB query: {
  vendedorId: '9fbda514-e7f1-45f7-ad1e-8a49974dd485',
  data: { '$gte': 1726542000000, '$lte': 1742266799999 }
}
Debug - Repository - Resultado encontrado: [
  {
    _id: new ObjectId('67c9968290c4d048db4a8f76'),
    id: 'fa167d5b-0213-4b33-a152-307b2aadd895',
    vendedorId: '9fbda514-e7f1-45f7-ad1e-8a49974dd485',
    data: 2025-01-05T00:00:00.000Z,
    docinhosCoco: 904,
    __v: 0
  },
  {
    _id: new ObjectId('67c996a690c4d048db4a8fde'),
    id: '5a6e78a7-a88d-42fe-af4b-b21b2adf8542',
    vendedorId: '9fbda514-e7f1-45f7-ad1e-8a49974dd485',
    data: 2025-01-27T00:00:00.000Z,
    docinhosCoco: 1350,
    __v: 0
  },
  {
    _id: new ObjectId('67c996bb90c4d048db4a9008'),
    id: '4281ab34-893c-4c48-8b07-5c21eaf2e997',
    vendedorId: '9fbda514-e7f1-45f7-ad1e-8a49974dd485',
    data: 2025-01-18T00:00:00.000Z,
    docinhosCoco: 686,
    __v: 0
  },
  {
    _id: new ObjectId('67c997ed90c4d048db4a907b'),
    id: '46f91907-38b9-40e9-871e-a77ff2e7ab07',
    vendedorId: '9fbda514-e7f1-45f7-ad1e-8a49974dd485',
    data: 2025-02-25T00:00:00.000Z,
    docinhosCoco: 1545,
    __v: 0
  },
  {
    _id: new ObjectId('67c9980b90c4d048db4a90b3'),
    id: '5b90a06d-9b52-4f0a-a788-4b9cc355912f',
    vendedorId: '9fbda514-e7f1-45f7-ad1e-8a49974dd485',
    data: 2025-02-23T00:00:00.000Z,
    docinhosCoco: 562,
    __v: 0
  },
  {
    _id: new ObjectId('67d67303411c5e96033671bc'),
    id: '6db1564d-ac6d-43f9-8159-a738a5c5d035',
    vendedorId: '9fbda514-e7f1-45f7-ad1e-8a49974dd485',
    data: 2025-03-10T06:43:15.110Z,
    docinhosCoco: 67,
    __v: 0
  },
  {
    _id: new ObjectId('67d67303411c5e96033671be'),
    id: '7e7dc616-d873-45b3-a7ed-557508b26959',
    vendedorId: '9fbda514-e7f1-45f7-ad1e-8a49974dd485',
    data: 2025-02-16T06:43:15.110Z,
    docinhosCoco: 91,
    __v: 0
  },
  {
    _id: new ObjectId('67d67303411c5e96033671c0'),
    id: '67668eb7-c81f-411b-b68a-44579ad3bbf7',
    vendedorId: '9fbda514-e7f1-45f7-ad1e-8a49974dd485',
    data: 2025-03-15T06:43:15.110Z,
    docinhosCoco: 24,
    __v: 0
  },
  {
    _id: new ObjectId('67d67303411c5e96033671c2'),
    id: '5aa8ae0b-12a6-4f55-ba17-cda195e28d37',
    vendedorId: '9fbda514-e7f1-45f7-ad1e-8a49974dd485',
    data: 2025-02-17T06:43:15.110Z,
    docinhosCoco: 38,
    __v: 0
  },
  {
    _id: new ObjectId('67d67303411c5e96033671c4'),
    id: '58549a9d-9859-4c99-8391-3c0ec3868663',
    vendedorId: '9fbda514-e7f1-45f7-ad1e-8a49974dd485',
    data: 2025-02-24T06:43:15.110Z,
    docinhosCoco: 13,
    __v: 0
  },
  {
    _id: new ObjectId('67d67303411c5e96033671c6'),
    id: 'd54042b4-4c7b-4089-8cb5-ab802b70c8bc',
    vendedorId: '9fbda514-e7f1-45f7-ad1e-8a49974dd485',
    data: 2025-03-09T06:43:15.110Z,
    docinhosCoco: 97,
    __v: 0
  },
  {
    _id: new ObjectId('67d67303411c5e96033671c8'),
    id: '8be312bd-0803-4fe5-b614-3209e43838f9',
    vendedorId: '9fbda514-e7f1-45f7-ad1e-8a49974dd485',
    data: 2025-03-05T06:43:15.110Z,
    docinhosCoco: 87,
    __v: 0
  },
  {
    _id: new ObjectId('67d67303411c5e96033671ca'),
    id: '86a16541-0388-41c0-a7c7-80a91b3a76a5',
    vendedorId: '9fbda514-e7f1-45f7-ad1e-8a49974dd485',
    data: 2025-03-01T06:43:15.110Z,
    docinhosCoco: 88,
    __v: 0
  },
  {
    _id: new ObjectId('67d67303411c5e96033671cc'),
    id: 'b8f5c504-a8d2-4015-bc7d-5f425279e8fb',
    vendedorId: '9fbda514-e7f1-45f7-ad1e-8a49974dd485',
    data: 2025-03-06T06:43:15.110Z,
    docinhosCoco: 55,
    __v: 0
  },
  {
    _id: new ObjectId('67d67304411c5e96033671ce'),
    id: '133c8eb5-3ed9-40cd-96db-2ac396cd9726',
    vendedorId: '9fbda514-e7f1-45f7-ad1e-8a49974dd485',
    data: 2025-03-16T06:43:15.110Z,
    docinhosCoco: 50,
    __v: 0
  },
  {
    _id: new ObjectId('67d67304411c5e96033671d0'),
    id: '3d84c04d-b617-4f9d-ab51-5e869aee3b2a',
    vendedorId: '9fbda514-e7f1-45f7-ad1e-8a49974dd485',
    data: 2025-03-06T06:43:15.110Z,
    docinhosCoco: 86,
    __v: 0
  },
  {
    _id: new ObjectId('67d67304411c5e96033671d2'),
    id: '0e3a94aa-5c17-4760-be4f-74cc6e56d163',
    vendedorId: '9fbda514-e7f1-45f7-ad1e-8a49974dd485',
    data: 2025-02-17T06:43:15.110Z,
    docinhosCoco: 28,
    __v: 0
  },
  {
    _id: new ObjectId('67d67304411c5e96033671d4'),
    id: 'f57b8eec-02dc-4295-8db2-eaa69144b34f',
    vendedorId: '9fbda514-e7f1-45f7-ad1e-8a49974dd485',
    data: 2025-03-11T06:43:15.110Z,
    docinhosCoco: 64,
    __v: 0
  },
  {
    _id: new ObjectId('67d67304411c5e96033671d6'),
    id: 'cd5b3e2d-19d6-43c2-939a-200dee87aca7',
    vendedorId: '9fbda514-e7f1-45f7-ad1e-8a49974dd485',
    data: 2025-02-23T06:43:15.110Z,
    docinhosCoco: 54,
    __v: 0
  },
  {
    _id: new ObjectId('67d67304411c5e96033671d8'),
    id: 'ca2f8215-fae9-433f-bf40-bd63399403bb',
    vendedorId: '9fbda514-e7f1-45f7-ad1e-8a49974dd485',
    data: 2025-03-16T06:43:15.110Z,
    docinhosCoco: 83,
    __v: 0
  },
  {
    _id: new ObjectId('67d67304411c5e96033671da'),
    id: 'd60f5af8-49e8-4dc8-9b9a-60399c41c308',
    vendedorId: '9fbda514-e7f1-45f7-ad1e-8a49974dd485',
    data: 2025-02-22T06:43:15.110Z,
    docinhosCoco: 17,
    __v: 0
  },
  {
    _id: new ObjectId('67d67304411c5e96033671dc'),
    id: 'bdd532a9-d5e5-4497-be5e-a3ab4eba8072',
    vendedorId: '9fbda514-e7f1-45f7-ad1e-8a49974dd485',
    data: 2025-02-15T06:43:15.110Z,
    docinhosCoco: 40,
    __v: 0
  },
  {
    _id: new ObjectId('67d6738d0b7b3d7c35643499'),
    id: '502d8d77-9ef2-4948-bf09-2897a4ef9f53',
    vendedorId: '9fbda514-e7f1-45f7-ad1e-8a49974dd485',
    data: 2024-09-17T18:00:42.002Z,
    docinhosCoco: 68,
    __v: 0
  },
  {
    _id: new ObjectId('67d673910b7b3d7c356434e1'),
    id: '76ee1894-004a-4a1b-8ece-6beafef76e61',
    vendedorId: '9fbda514-e7f1-45f7-ad1e-8a49974dd485',
    data: 2024-09-20T03:56:20.202Z,
    docinhosCoco: 51,
    __v: 0
  },
  {
    _id: new ObjectId('67d673920b7b3d7c356434eb'),
    id: '01011705-56bb-4ca4-b843-a448b5565c42',
    vendedorId: '9fbda514-e7f1-45f7-ad1e-8a49974dd485',
    data: 2024-09-20T12:50:46.545Z,
    docinhosCoco: 57,
    __v: 0
  },
  {
    _id: new ObjectId('67d673920b7b3d7c356434f7'),
    id: '92d3951b-be3c-4f04-ad7b-29be6a23b044',
    vendedorId: '9fbda514-e7f1-45f7-ad1e-8a49974dd485',
    data: 2024-09-21T03:07:15.360Z,
    docinhosCoco: 79,
    __v: 0
  },
  {
    _id: new ObjectId('67d673940b7b3d7c35643523'),
    id: '6023e0b0-3370-4c7c-98e5-426dfcf5e42b',
    vendedorId: '9fbda514-e7f1-45f7-ad1e-8a49974dd485',
    data: 2024-09-22T16:28:07.786Z,
    docinhosCoco: 48,
    __v: 0
  },
  {
    _id: new ObjectId('67d673970b7b3d7c35643551'),
    id: '391b4815-6d8c-46c6-94c9-e861fbc92e34',
    vendedorId: '9fbda514-e7f1-45f7-ad1e-8a49974dd485',
    data: 2024-09-23T14:59:14.310Z,
    docinhosCoco: 62,
    __v: 0
  },
  {
    _id: new ObjectId('67d6739e0b7b3d7c356435e1'),
    id: '7adf91f5-5a78-4830-bc52-225cbf51d892',
    vendedorId: '9fbda514-e7f1-45f7-ad1e-8a49974dd485',
    data: 2024-09-28T06:10:46.089Z,
    docinhosCoco: 52,
    __v: 0
  },
  {
    _id: new ObjectId('67d6739f0b7b3d7c356435f3'),
    id: '7e7c5d89-b859-4b88-8c5f-a50eba9de181',
    vendedorId: '9fbda514-e7f1-45f7-ad1e-8a49974dd485',
    data: 2024-09-28T21:04:28.748Z,
    docinhosCoco: 88,
    __v: 0
  },
  {
    _id: new ObjectId('67d673a10b7b3d7c3564361d'),
    id: '2ae42023-fced-4c5a-b5ab-1beda36e00c3',
    vendedorId: '9fbda514-e7f1-45f7-ad1e-8a49974dd485',
    data: 2024-09-30T23:29:25.929Z,
    docinhosCoco: 32,
    __v: 0
  },
  {
    _id: new ObjectId('67d673a20b7b3d7c35643631'),
    id: '7f91d689-dd13-4e23-9093-fadc2289dcb7',
    vendedorId: '9fbda514-e7f1-45f7-ad1e-8a49974dd485',
    data: 2024-10-01T16:56:14.921Z,
    docinhosCoco: 64,
    __v: 0
  },
  {
    _id: new ObjectId('67d673a30b7b3d7c35643649'),
    id: 'dd56430d-2866-40c0-9e24-d49a60e3fa73',
    vendedorId: '9fbda514-e7f1-45f7-ad1e-8a49974dd485',
    data: 2024-10-02T05:25:31.472Z,
    docinhosCoco: 58,
    __v: 0
  },
  {
    _id: new ObjectId('67d673aa0b7b3d7c356436c9'),
    id: '3ffaa34f-b9df-42a5-9357-3a92acc67882',
    vendedorId: '9fbda514-e7f1-45f7-ad1e-8a49974dd485',
    data: 2024-10-06T17:00:16.426Z,
    docinhosCoco: 75,
    __v: 0
  },
  {
    _id: new ObjectId('67d673ad0b7b3d7c3564370d'),
    id: '74236c81-46b2-4dda-80db-4c2158ebafa7',
    vendedorId: '9fbda514-e7f1-45f7-ad1e-8a49974dd485',
    data: 2024-10-09T19:01:05.374Z,
    docinhosCoco: 54,
    __v: 0
  },
  {
    _id: new ObjectId('67d673af0b7b3d7c35643725'),
    id: '806fdbb4-8ef7-4884-bc49-9d7dba8d8689',
    vendedorId: '9fbda514-e7f1-45f7-ad1e-8a49974dd485',
    data: 2024-10-10T07:54:32.667Z,
    docinhosCoco: 61,
    __v: 0
  },
  {
    _id: new ObjectId('67d673b30b7b3d7c35643773'),
    id: '5d8eecab-816a-4641-b9e0-ff72f3c25444',
    vendedorId: '9fbda514-e7f1-45f7-ad1e-8a49974dd485',
    data: 2024-10-12T18:18:07.200Z,
    docinhosCoco: 46,
    __v: 0
  },
  {
    _id: new ObjectId('67d673b30b7b3d7c3564377b'),
    id: 'b6972861-f499-4f14-a4c0-5eda9b741cbf',
    vendedorId: '9fbda514-e7f1-45f7-ad1e-8a49974dd485',
    data: 2024-10-13T01:54:24.530Z,
    docinhosCoco: 62,
    __v: 0
  },
  {
    _id: new ObjectId('67d673b40b7b3d7c35643787'),
    id: 'd298d9b6-73e6-43e0-87ca-71882eabfab8',
    vendedorId: '9fbda514-e7f1-45f7-ad1e-8a49974dd485',
    data: 2024-10-13T12:33:45.750Z,
    docinhosCoco: 63,
    __v: 0
  },
  {
    _id: new ObjectId('67d673b50b7b3d7c35643797'),
    id: 'efc7347c-38dc-452e-9980-28d3e3f67b6c',
    vendedorId: '9fbda514-e7f1-45f7-ad1e-8a49974dd485',
    data: 2024-10-14T05:13:56.721Z,
    docinhosCoco: 68,
    __v: 0
  },
  {
    _id: new ObjectId('67d673b50b7b3d7c3564379f'),
    id: 'a909ff99-abba-42ec-b668-76232ba903de',
    vendedorId: '9fbda514-e7f1-45f7-ad1e-8a49974dd485',
    data: 2024-10-14T12:24:43.694Z,
    docinhosCoco: 69,
    __v: 0
  },
  {
    _id: new ObjectId('67d673b60b7b3d7c356437b3'),
    id: '4212fc82-868d-4d03-ab84-0b68e1d1b3c1',
    vendedorId: '9fbda514-e7f1-45f7-ad1e-8a49974dd485',
    data: 2024-10-15T05:19:40.665Z,
    docinhosCoco: 57,
    __v: 0
  },
  {
    _id: new ObjectId('67d673b80b7b3d7c356437d5'),
    id: '86abf898-a9a7-4d51-be28-857046724ebd',
    vendedorId: '9fbda514-e7f1-45f7-ad1e-8a49974dd485',
    data: 2024-10-16T08:57:10.073Z,
    docinhosCoco: 57,
    __v: 0
  },
  {
    _id: new ObjectId('67d673bd0b7b3d7c35643837'),
    id: '8d72c476-7094-4e26-a190-5bcc71104931',
    vendedorId: '9fbda514-e7f1-45f7-ad1e-8a49974dd485',
    data: 2024-10-19T08:21:28.473Z,
    docinhosCoco: 87,
    __v: 0
  },
  {
    _id: new ObjectId('67d673c70b7b3d7c3564390b'),
    id: '6393d745-e00a-45dc-aba3-fbfb06f7beb9',
    vendedorId: '9fbda514-e7f1-45f7-ad1e-8a49974dd485',
    data: 2024-10-26T12:10:07.014Z,
    docinhosCoco: 40,
    __v: 0
  },
  {
    _id: new ObjectId('67d673c80b7b3d7c35643911'),
    id: '8c72d414-d961-4a2a-9e04-038aee21c9ec',
    vendedorId: '9fbda514-e7f1-45f7-ad1e-8a49974dd485',
    data: 2024-10-26T14:39:43.878Z,
    docinhosCoco: 57,
    __v: 0
  },
  {
    _id: new ObjectId('67d673ca0b7b3d7c35643935'),
    id: '65abf760-27e8-4402-940a-33aa1a10099b',
    vendedorId: '9fbda514-e7f1-45f7-ad1e-8a49974dd485',
    data: 2024-10-27T11:58:54.319Z,
    docinhosCoco: 65,
    __v: 0
  },
  {
    _id: new ObjectId('67d673cb0b7b3d7c35643951'),
    id: '68920e8f-c967-471e-ad8b-16c44fe68358',
    vendedorId: '9fbda514-e7f1-45f7-ad1e-8a49974dd485',
    data: 2024-10-28T16:22:01.375Z,
    docinhosCoco: 71,
    __v: 0
  },
  {
    _id: new ObjectId('67d673cc0b7b3d7c3564396d'),
    id: 'c03e35dd-6a63-4737-a18f-af6debc6a2ab',
    vendedorId: '9fbda514-e7f1-45f7-ad1e-8a49974dd485',
    data: 2024-10-29T21:10:34.422Z,
    docinhosCoco: 39,
    __v: 0
  },
  {
    _id: new ObjectId('67d673cd0b7b3d7c35643981'),
    id: 'aa6c9710-3e02-47a6-b16a-8ebf50eff8be',
    vendedorId: '9fbda514-e7f1-45f7-ad1e-8a49974dd485',
    data: 2024-10-30T20:54:40.742Z,
    docinhosCoco: 45,
    __v: 0
  },
  {
    _id: new ObjectId('67d673d20b7b3d7c356439d1'),
    id: '418b233b-afe5-4ceb-a80a-4118bc3d74de',
    vendedorId: '9fbda514-e7f1-45f7-ad1e-8a49974dd485',
    data: 2024-11-02T09:48:08.992Z,
    docinhosCoco: 74,
    __v: 0
  },
  {
    _id: new ObjectId('67d673d30b7b3d7c356439f3'),
    id: 'ca6f05cf-7eaf-4d06-92fe-341c922ab846',
    vendedorId: '9fbda514-e7f1-45f7-ad1e-8a49974dd485',
    data: 2024-11-03T12:00:27.799Z,
    docinhosCoco: 57,
    __v: 0
  },
  {
    _id: new ObjectId('67d673d80b7b3d7c35643a59'),
    id: '1e18c1c6-f16e-4751-95da-e3c42bcbb975',
    vendedorId: '9fbda514-e7f1-45f7-ad1e-8a49974dd485',
    data: 2024-11-06T02:45:35.780Z,
    docinhosCoco: 30,
    __v: 0
  },
  {
    _id: new ObjectId('67d673da0b7b3d7c35643a79'),
    id: '4357466f-597d-4b27-889e-9e161443b4d3',
    vendedorId: '9fbda514-e7f1-45f7-ad1e-8a49974dd485',
    data: 2024-11-06T19:35:26.371Z,
    docinhosCoco: 57,
    __v: 0
  },
  {
    _id: new ObjectId('67d673dc0b7b3d7c35643a9f'),
    id: '5934829c-0549-46fc-9d4a-854069255ed4',
    vendedorId: '9fbda514-e7f1-45f7-ad1e-8a49974dd485',
    data: 2024-11-07T12:39:38.939Z,
    docinhosCoco: 71,
    __v: 0
  },
  {
    _id: new ObjectId('67d673df0b7b3d7c35643ad3'),
    id: 'd92ad680-8cca-4f18-acfc-0f21973893cc',
    vendedorId: '9fbda514-e7f1-45f7-ad1e-8a49974dd485',
    data: 2024-11-09T16:11:35.982Z,
    docinhosCoco: 96,
    __v: 0
  },
  {
    _id: new ObjectId('67d673e50b7b3d7c35643b4f'),
    id: '681d6353-88a2-4562-a564-08567a75b6be',
    vendedorId: '9fbda514-e7f1-45f7-ad1e-8a49974dd485',
    data: 2024-11-13T10:59:40.771Z,
    docinhosCoco: 48,
    __v: 0
  },
  {
    _id: new ObjectId('67d673e80b7b3d7c35643b87'),
    id: 'c2707a94-59c8-479a-ac44-e422c1b6863c',
    vendedorId: '9fbda514-e7f1-45f7-ad1e-8a49974dd485',
    data: 2024-11-15T09:28:49.326Z,
    docinhosCoco: 69,
    __v: 0
  },
  {
    _id: new ObjectId('67d673ea0b7b3d7c35643ba7'),
    id: '42122a24-0646-48ad-9b02-85daf0d013ab',
    vendedorId: '9fbda514-e7f1-45f7-ad1e-8a49974dd485',
    data: 2024-11-16T03:52:20.890Z,
    docinhosCoco: 67,
    __v: 0
  },
  {
    _id: new ObjectId('67d673ea0b7b3d7c35643bb7'),
    id: 'c15a359e-8e73-44d6-91be-06d49df81ef6',
    vendedorId: '9fbda514-e7f1-45f7-ad1e-8a49974dd485',
    data: 2024-11-16T16:36:08.012Z,
    docinhosCoco: 46,
    __v: 0
  },
  {
    _id: new ObjectId('67d673eb0b7b3d7c35643bc1'),
    id: 'a47ceea2-3fea-4b31-85e9-e04aa9c81bbe',
    vendedorId: '9fbda514-e7f1-45f7-ad1e-8a49974dd485',
    data: 2024-11-17T00:52:27.807Z,
    docinhosCoco: 49,
    __v: 0
  },
  {
    _id: new ObjectId('67d673ed0b7b3d7c35643be9'),
    id: '729e241a-5c99-470e-a402-a4a4a3b468ec',
    vendedorId: '9fbda514-e7f1-45f7-ad1e-8a49974dd485',
    data: 2024-11-18T00:48:36.299Z,
    docinhosCoco: 50,
    __v: 0
  },
  {
    _id: new ObjectId('67d673ed0b7b3d7c35643bed'),
    id: '5766feff-399c-42d5-81fd-c94352e3b5cd',
    vendedorId: '9fbda514-e7f1-45f7-ad1e-8a49974dd485',
    data: 2024-11-18T03:23:16.305Z,
    docinhosCoco: 65,
    __v: 0
  },
  {
    _id: new ObjectId('67d673ee0b7b3d7c35643bf9'),
    id: 'd99e0b83-92d7-4662-b6ae-9f69af294e6a',
    vendedorId: '9fbda514-e7f1-45f7-ad1e-8a49974dd485',
    data: 2024-11-18T17:58:52.767Z,
    docinhosCoco: 36,
    __v: 0
  },
  {
    _id: new ObjectId('67d673f30b7b3d7c35643c5b'),
    id: '84470391-8368-47e8-a315-66433aea5a15',
    vendedorId: '9fbda514-e7f1-45f7-ad1e-8a49974dd485',
    data: 2024-11-22T04:10:33.878Z,
    docinhosCoco: 35,
    __v: 0
  },
  {
    _id: new ObjectId('67d673fa0b7b3d7c35643cef'),
    id: 'b82bbe96-700b-4785-9ccc-079a1f837d57',
    vendedorId: '9fbda514-e7f1-45f7-ad1e-8a49974dd485',
    data: 2024-11-26T03:56:22.577Z,
    docinhosCoco: 70,
    __v: 0
  },
  {
    _id: new ObjectId('67d673fb0b7b3d7c35643cf5'),
    id: '490b1e79-e548-459d-9bc3-a539ee0345eb',
    vendedorId: '9fbda514-e7f1-45f7-ad1e-8a49974dd485',
    data: 2024-11-26T10:31:24.391Z,
    docinhosCoco: 64,
    __v: 0
  },
  {
    _id: new ObjectId('67d673fb0b7b3d7c35643d07'),
    id: 'ee9453dc-c543-4d98-8254-0900fb295327',
    vendedorId: '9fbda514-e7f1-45f7-ad1e-8a49974dd485',
    data: 2024-11-27T01:13:56.662Z,
    docinhosCoco: 39,
    __v: 0
  },
  {
    _id: new ObjectId('67d673fc0b7b3d7c35643d17'),
    id: 'dda9c07b-c414-4751-9600-03784a070bc5',
    vendedorId: '9fbda514-e7f1-45f7-ad1e-8a49974dd485',
    data: 2024-11-27T16:18:43.192Z,
    docinhosCoco: 55,
    __v: 0
  },
  {
    _id: new ObjectId('67d673fd0b7b3d7c35643d1d'),
    id: '6b584a6f-3311-4432-b03c-275377b2ea80',
    vendedorId: '9fbda514-e7f1-45f7-ad1e-8a49974dd485',
    data: 2024-11-27T19:06:18.743Z,
    docinhosCoco: 71,
    __v: 0
  },
  {
    _id: new ObjectId('67d673fe0b7b3d7c35643d35'),
    id: '7893670b-2f86-4e37-b050-4f6d84e52962',
    vendedorId: '9fbda514-e7f1-45f7-ad1e-8a49974dd485',
    data: 2024-11-28T10:50:54.903Z,
    docinhosCoco: 74,
    __v: 0
  },
  {
    _id: new ObjectId('67d674020b7b3d7c35643d7f'),
    id: 'a1f10e92-2fb3-4cc2-81b0-b8eef3c0c46f',
    vendedorId: '9fbda514-e7f1-45f7-ad1e-8a49974dd485',
    data: 2024-11-30T13:33:55.938Z,
    docinhosCoco: 91,
    __v: 0
  },
  {
    _id: new ObjectId('67d674020b7b3d7c35643d91'),
    id: '3e4de83b-f508-46da-a7a1-a3a596b4f199',
    vendedorId: '9fbda514-e7f1-45f7-ad1e-8a49974dd485',
    data: 2024-12-01T02:26:04.399Z,
    docinhosCoco: 59,
    __v: 0
  },
  {
    _id: new ObjectId('67d674030b7b3d7c35643d9b'),
    id: '9dbe4e16-4a4b-4b49-849c-801c81b46b6b',
    vendedorId: '9fbda514-e7f1-45f7-ad1e-8a49974dd485',
    data: 2024-12-01T06:40:24.164Z,
    docinhosCoco: 83,
    __v: 0
  },
  {
    _id: new ObjectId('67d674030b7b3d7c35643d9f'),
    id: '7f449041-a68e-48ee-a4d7-d85059958a9f',
    vendedorId: '9fbda514-e7f1-45f7-ad1e-8a49974dd485',
    data: 2024-12-01T09:02:25.972Z,
    docinhosCoco: 75,
    __v: 0
  },
  {
    _id: new ObjectId('67d6740a0b7b3d7c35643e1f'),
    id: '7092b365-a291-432b-8fc8-59e493dfe712',
    vendedorId: '9fbda514-e7f1-45f7-ad1e-8a49974dd485',
    data: 2024-12-05T20:28:04.032Z,
    docinhosCoco: 73,
    __v: 0
  },
  {
    _id: new ObjectId('67d6740b0b7b3d7c35643e41'),
    id: '540f3255-db6c-4243-87b2-a85978ffc2ee',
    vendedorId: '9fbda514-e7f1-45f7-ad1e-8a49974dd485',
    data: 2024-12-07T05:03:45.476Z,
    docinhosCoco: 105,
    __v: 0
  },
  {
    _id: new ObjectId('67d6740d0b7b3d7c35643e67'),
    id: '4e19d9c7-f57b-40d2-82a0-620b6edcd393',
    vendedorId: '9fbda514-e7f1-45f7-ad1e-8a49974dd485',
    data: 2024-12-07T23:05:57.942Z,
    docinhosCoco: 52,
    __v: 0
  },
  {
    _id: new ObjectId('67d6740e0b7b3d7c35643e7d'),
    id: '64a99160-5600-4957-8731-1783da16b9dd',
    vendedorId: '9fbda514-e7f1-45f7-ad1e-8a49974dd485',
    data: 2024-12-08T14:23:12.077Z,
    docinhosCoco: 83,
    __v: 0
  },
  {
    _id: new ObjectId('67d6740f0b7b3d7c35643e7f'),
    id: '0775e8ef-9b88-4cb1-adc6-d19671d98f69',
    vendedorId: '9fbda514-e7f1-45f7-ad1e-8a49974dd485',
    data: 2024-12-08T16:09:15.299Z,
    docinhosCoco: 75,
    __v: 0
  },
  {
    _id: new ObjectId('67d674150b7b3d7c35643ef5'),
    id: '3ac3f3dc-0d6e-4ac5-8c0d-cc45b1d27014',
    vendedorId: '9fbda514-e7f1-45f7-ad1e-8a49974dd485',
    data: 2024-12-13T00:23:26.931Z,
    docinhosCoco: 39,
    __v: 0
  },
  {
    _id: new ObjectId('67d674170b7b3d7c35643f2f'),
    id: '1f566613-127c-443a-8ca8-01cbca3772e5',
    vendedorId: '9fbda514-e7f1-45f7-ad1e-8a49974dd485',
    data: 2024-12-14T13:22:20.487Z,
    docinhosCoco: 80,
    __v: 0
  },
  {
    _id: new ObjectId('67d674180b7b3d7c35643f3f'),
    id: 'b567c4b0-e73e-4d6d-8832-e1d3b781ae1b',
    vendedorId: '9fbda514-e7f1-45f7-ad1e-8a49974dd485',
    data: 2024-12-15T04:25:43.833Z,
    docinhosCoco: 52,
    __v: 0
  },
  {
    _id: new ObjectId('67d6741b0b7b3d7c35643f6d'),
    id: '0310dc18-7d7d-4c52-bc41-1965bea4ac64',
    vendedorId: '9fbda514-e7f1-45f7-ad1e-8a49974dd485',
    data: 2024-12-16T09:07:02.901Z,
    docinhosCoco: 86,
    __v: 0
  },
  {
    _id: new ObjectId('67d6741d0b7b3d7c35643f9d'),
    id: '14376834-dda8-4fbc-a5a7-b3ffaaa0aeb2',
    vendedorId: '9fbda514-e7f1-45f7-ad1e-8a49974dd485',
    data: 2024-12-17T17:17:01.711Z,
    docinhosCoco: 45,
    __v: 0
  },
  {
    _id: new ObjectId('67d6741e0b7b3d7c35643fab'),
    id: '22997e66-2400-4a02-9cc3-06eac360a8b0',
    vendedorId: '9fbda514-e7f1-45f7-ad1e-8a49974dd485',
    data: 2024-12-18T14:23:41.371Z,
    docinhosCoco: 66,
    __v: 0
  },
  {
    _id: new ObjectId('67d674200b7b3d7c35643fd5'),
    id: 'd82d2f16-ee64-45c7-b763-498568d0179b',
    vendedorId: '9fbda514-e7f1-45f7-ad1e-8a49974dd485',
    data: 2024-12-20T02:05:38.990Z,
    docinhosCoco: 44,
    __v: 0
  },
  {
    _id: new ObjectId('67d674250b7b3d7c35644037'),
    id: 'a1887257-7b90-4b9c-b319-38875bd6c902',
    vendedorId: '9fbda514-e7f1-45f7-ad1e-8a49974dd485',
    data: 2024-12-23T13:26:12.902Z,
    docinhosCoco: 92,
    __v: 0
  },
  {
    _id: new ObjectId('67d6742b0b7b3d7c356440b1'),
    id: '551223b6-c99f-452e-a92f-e4b4f3f5c810',
    vendedorId: '9fbda514-e7f1-45f7-ad1e-8a49974dd485',
    data: 2024-12-27T05:58:38.534Z,
    docinhosCoco: 94,
    __v: 0
  },
  {
    _id: new ObjectId('67d674320b7b3d7c35644139'),
    id: '606c5f8c-5a6c-49a1-b28d-a9ca11c843b5',
    vendedorId: '9fbda514-e7f1-45f7-ad1e-8a49974dd485',
    data: 2024-12-30T18:17:30.142Z,
    docinhosCoco: 46,
    __v: 0
  },
  {
    _id: new ObjectId('67d674340b7b3d7c35644161'),
    id: '84a7fbcd-eb69-406d-896f-2bc0549ad419',
    vendedorId: '9fbda514-e7f1-45f7-ad1e-8a49974dd485',
    data: 2025-01-01T02:40:53.180Z,
    docinhosCoco: 51,
    __v: 0
  },
  {
    _id: new ObjectId('67d674380b7b3d7c356441a7'),
    id: '335f4c9a-504d-4c61-b2d2-491eee9b26f8',
    vendedorId: '9fbda514-e7f1-45f7-ad1e-8a49974dd485',
    data: 2025-01-03T06:15:39.151Z,
    docinhosCoco: 41,
    __v: 0
  },
  {
    _id: new ObjectId('67d674380b7b3d7c356441a9'),
    id: '8c5a4057-28c2-4c16-b00f-eaf32fa22ada',
    vendedorId: '9fbda514-e7f1-45f7-ad1e-8a49974dd485',
    data: 2025-01-03T06:17:11.572Z,
    docinhosCoco: 73,
    __v: 0
  },
  {
    _id: new ObjectId('67d674380b7b3d7c356441b3'),
    id: '512016ab-0528-4609-9639-50e577a77472',
    vendedorId: '9fbda514-e7f1-45f7-ad1e-8a49974dd485',
    data: 2025-01-03T15:04:49.352Z,
    docinhosCoco: 59,
    __v: 0
  },
  {
    _id: new ObjectId('67d6743b0b7b3d7c356441e1'),
    id: '5f7638b4-52d7-46b4-8a60-004ca037eae4',
    vendedorId: '9fbda514-e7f1-45f7-ad1e-8a49974dd485',
    data: 2025-01-05T07:59:48.244Z,
    docinhosCoco: 97,
    __v: 0
  },
  {
    _id: new ObjectId('67d6743c0b7b3d7c35644205'),
    id: '787be455-e35d-4f8e-b363-ca5fa9210dca',
    vendedorId: '9fbda514-e7f1-45f7-ad1e-8a49974dd485',
    data: 2025-01-07T02:30:28.456Z,
    docinhosCoco: 55,
    __v: 0
  },
  {
    _id: new ObjectId('67d6743d0b7b3d7c3564420b'),
    id: '0bf81013-de83-4e72-aade-2d46bd104ab5',
    vendedorId: '9fbda514-e7f1-45f7-ad1e-8a49974dd485',
    data: 2025-01-07T06:11:35.591Z,
    docinhosCoco: 66,
    __v: 0
  },
  {
    _id: new ObjectId('67d6743d0b7b3d7c35644217'),
    id: '6d0f83e4-ea01-43b3-854d-9037755b1796',
    vendedorId: '9fbda514-e7f1-45f7-ad1e-8a49974dd485',
    data: 2025-01-07T11:26:58.088Z,
    docinhosCoco: 74,
    __v: 0
  },
  {
    _id: new ObjectId('67d674400b7b3d7c3564424d'),
    id: 'e1ec908d-51e9-44b9-a9fe-4b3c13854b94',
    vendedorId: '9fbda514-e7f1-45f7-ad1e-8a49974dd485',
    data: 2025-01-09T03:02:56.417Z,
    docinhosCoco: 35,
    __v: 0
  },
  {
    _id: new ObjectId('67d6744b0b7b3d7c3564431d'),
    id: '279e8219-9d4a-427d-b8cc-08049511736e',
    vendedorId: '9fbda514-e7f1-45f7-ad1e-8a49974dd485',
    data: 2025-01-16T14:17:09.942Z,
    docinhosCoco: 80,
    __v: 0
  },
  ... 37 more items
]
✅ Processado vendedor: Henrique Moura
Debug - Repository - Query params: {
  vendedorId: 'b1541f82-a09f-43c9-8cd4-086292bd948a',
  dataInicio: 2024-09-17T03:00:00.000Z,
  dataFim: 2025-03-18T02:59:59.999Z
}
Debug - Repository - MongoDB query: {
  vendedorId: 'b1541f82-a09f-43c9-8cd4-086292bd948a',
  data: { '$gte': 1726542000000, '$lte': 1742266799999 }
}
Debug - Repository - Resultado encontrado: [
  {
    _id: new ObjectId('67c9968290c4d048db4a8f78'),
    id: '09bf54f3-466d-4d0a-909b-4dd5a389639d',
    vendedorId: 'b1541f82-a09f-43c9-8cd4-086292bd948a',
    data: 2025-01-06T00:00:00.000Z,
    docinhosCoco: 1324,
    __v: 0
  },
  {
    _id: new ObjectId('67c996a590c4d048db4a8fda'),
    id: 'dcfa3d46-87f5-45d4-93b9-bc4ff1f6029a',
    vendedorId: 'b1541f82-a09f-43c9-8cd4-086292bd948a',
    data: 2025-01-25T00:00:00.000Z,
    docinhosCoco: 1267,
    __v: 0
  },
  {
    _id: new ObjectId('67c996b690c4d048db4a8ff4'),
    id: '3facb689-c392-46c1-80da-0d18ee975698',
    vendedorId: 'b1541f82-a09f-43c9-8cd4-086292bd948a',
    data: 2025-01-08T00:00:00.000Z,
    docinhosCoco: 853,
    __v: 0
  },
  {
    _id: new ObjectId('67c9980090c4d048db4a9087'),
    id: '7b920c3b-de8c-4d83-9a16-1905ba980aaf',
    vendedorId: 'b1541f82-a09f-43c9-8cd4-086292bd948a',
    data: 2025-02-03T00:00:00.000Z,
    docinhosCoco: 1032,
    __v: 0
  },
  {
    _id: new ObjectId('67c9980290c4d048db4a9093'),
    id: 'ab8f2665-e774-4de8-8e15-c59b20c8ed1a',
    vendedorId: 'b1541f82-a09f-43c9-8cd4-086292bd948a',
    data: 2025-02-09T00:00:00.000Z,
    docinhosCoco: 1202,
    __v: 0
  },
  {
    _id: new ObjectId('67d67304411c5e96033671de'),
    id: '13059809-23dc-4b8f-b0b2-89b4d50e8a0f',
    vendedorId: 'b1541f82-a09f-43c9-8cd4-086292bd948a',
    data: 2025-03-06T06:43:15.110Z,
    docinhosCoco: 88,
    __v: 0
  },
  {
    _id: new ObjectId('67d67304411c5e96033671e0'),
    id: '9cdae874-bda9-409c-a5fc-1146fbe58634',
    vendedorId: 'b1541f82-a09f-43c9-8cd4-086292bd948a',
    data: 2025-02-16T06:43:15.110Z,
    docinhosCoco: 20,
    __v: 0
  },
  {
    _id: new ObjectId('67d67305411c5e96033671e2'),
    id: '864403ef-aa73-4a7a-806e-c322b48cbd11',
    vendedorId: 'b1541f82-a09f-43c9-8cd4-086292bd948a',
    data: 2025-02-21T06:43:15.110Z,
    docinhosCoco: 51,
    __v: 0
  },
  {
    _id: new ObjectId('67d67305411c5e96033671e4'),
    id: 'da001437-1c4c-44bd-b178-b4562a944a74',
    vendedorId: 'b1541f82-a09f-43c9-8cd4-086292bd948a',
    data: 2025-02-28T06:43:15.110Z,
    docinhosCoco: 10,
    __v: 0
  },
  {
    _id: new ObjectId('67d67305411c5e96033671e6'),
    id: '30a678b1-fe67-49c1-8f46-221eec6dab48',
    vendedorId: 'b1541f82-a09f-43c9-8cd4-086292bd948a',
    data: 2025-02-16T06:43:15.110Z,
    docinhosCoco: 24,
    __v: 0
  },
  {
    _id: new ObjectId('67d67305411c5e96033671e8'),
    id: '2a1ce65c-b270-4559-ae03-4b309a43f03e',
    vendedorId: 'b1541f82-a09f-43c9-8cd4-086292bd948a',
    data: 2025-03-04T06:43:15.110Z,
    docinhosCoco: 15,
    __v: 0
  },
  {
    _id: new ObjectId('67d67305411c5e96033671ea'),
    id: '62ad40a8-b248-4a33-94a9-2b482cce9695',
    vendedorId: 'b1541f82-a09f-43c9-8cd4-086292bd948a',
    data: 2025-03-10T06:43:15.110Z,
    docinhosCoco: 77,
    __v: 0
  },
  {
    _id: new ObjectId('67d67305411c5e96033671ec'),
    id: 'd76d5244-2385-49fa-864e-7eba9f450596',
    vendedorId: 'b1541f82-a09f-43c9-8cd4-086292bd948a',
    data: 2025-03-11T06:43:15.110Z,
    docinhosCoco: 37,
    __v: 0
  },
  {
    _id: new ObjectId('67d67305411c5e96033671ee'),
    id: 'e82270b1-a9a2-4fce-93aa-ac9f6b6d3d6e',
    vendedorId: 'b1541f82-a09f-43c9-8cd4-086292bd948a',
    data: 2025-02-23T06:43:15.110Z,
    docinhosCoco: 33,
    __v: 0
  },
  {
    _id: new ObjectId('67d67305411c5e96033671f0'),
    id: 'bc029df9-da7e-4480-8bd2-0f8c757d0c51',
    vendedorId: 'b1541f82-a09f-43c9-8cd4-086292bd948a',
    data: 2025-03-05T06:43:15.110Z,
    docinhosCoco: 58,
    __v: 0
  },
  {
    _id: new ObjectId('67d67305411c5e96033671f2'),
    id: '412b1b71-ee70-48b2-a708-8460d452fc4a',
    vendedorId: 'b1541f82-a09f-43c9-8cd4-086292bd948a',
    data: 2025-02-17T06:43:15.110Z,
    docinhosCoco: 45,
    __v: 0
  },
  {
    _id: new ObjectId('67d67305411c5e96033671f4'),
    id: '03f35f84-a49b-4716-8508-49bd8aec2773',
    vendedorId: 'b1541f82-a09f-43c9-8cd4-086292bd948a',
    data: 2025-02-26T06:43:15.110Z,
    docinhosCoco: 39,
    __v: 0
  },
  {
    _id: new ObjectId('67d67306411c5e96033671f6'),
    id: '1eb166f0-a185-4ba4-a65f-25717ed67ddf',
    vendedorId: 'b1541f82-a09f-43c9-8cd4-086292bd948a',
    data: 2025-02-18T06:43:15.110Z,
    docinhosCoco: 93,
    __v: 0
  },
  {
    _id: new ObjectId('67d67306411c5e96033671f8'),
    id: 'c6940d29-7514-45f6-9c82-4844180d6809',
    vendedorId: 'b1541f82-a09f-43c9-8cd4-086292bd948a',
    data: 2025-02-23T06:43:15.110Z,
    docinhosCoco: 11,
    __v: 0
  },
  {
    _id: new ObjectId('67d67306411c5e96033671fa'),
    id: 'c756442f-97f2-4c03-9b36-c43c0bc81b74',
    vendedorId: 'b1541f82-a09f-43c9-8cd4-086292bd948a',
    data: 2025-03-16T06:43:15.110Z,
    docinhosCoco: 37,
    __v: 0
  },
  {
    _id: new ObjectId('67d67306411c5e96033671fc'),
    id: '04feb99c-c7ed-48a7-8e90-e44d76fad8d3',
    vendedorId: 'b1541f82-a09f-43c9-8cd4-086292bd948a',
    data: 2025-03-08T06:43:15.110Z,
    docinhosCoco: 38,
    __v: 0
  },
  {
    _id: new ObjectId('67d67306411c5e96033671fe'),
    id: '63cc9412-743f-48a1-8e21-83eac738cb8b',
    vendedorId: 'b1541f82-a09f-43c9-8cd4-086292bd948a',
    data: 2025-02-15T06:43:15.110Z,
    docinhosCoco: 86,
    __v: 0
  },
  {
    _id: new ObjectId('67d67306411c5e9603367200'),
    id: '9f11dc23-0ee4-4d8a-9fc6-2c35c7632867',
    vendedorId: 'b1541f82-a09f-43c9-8cd4-086292bd948a',
    data: 2025-03-02T06:43:15.110Z,
    docinhosCoco: 91,
    __v: 0
  },
  {
    _id: new ObjectId('67d67306411c5e9603367202'),
    id: '78762f69-6228-498b-a7f9-b59885da1e68',
    vendedorId: 'b1541f82-a09f-43c9-8cd4-086292bd948a',
    data: 2025-02-20T06:43:15.110Z,
    docinhosCoco: 42,
    __v: 0
  },
  {
    _id: new ObjectId('67d673910b7b3d7c356434e3'),
    id: '06f16fd0-9387-4c81-a2ba-277c451d61b4',
    vendedorId: 'b1541f82-a09f-43c9-8cd4-086292bd948a',
    data: 2024-09-20T03:56:54.625Z,
    docinhosCoco: 77,
    __v: 0
  },
  {
    _id: new ObjectId('67d673910b7b3d7c356434e9'),
    id: '0ad91197-092a-48c3-9088-40fcf870c48a',
    vendedorId: 'b1541f82-a09f-43c9-8cd4-086292bd948a',
    data: 2024-09-20T11:15:59.531Z,
    docinhosCoco: 66,
    __v: 0
  },
  {
    _id: new ObjectId('67d673940b7b3d7c35643513'),
    id: 'fa6481cc-f69e-48b7-9931-51af31040a24',
    vendedorId: 'b1541f82-a09f-43c9-8cd4-086292bd948a',
    data: 2024-09-22T01:10:00.409Z,
    docinhosCoco: 74,
    __v: 0
  },
  {
    _id: new ObjectId('67d673950b7b3d7c35643525'),
    id: 'c9f4d94f-d897-4f52-859a-418f0acfccd3',
    vendedorId: 'b1541f82-a09f-43c9-8cd4-086292bd948a',
    data: 2024-09-22T16:50:55.892Z,
    docinhosCoco: 68,
    __v: 0
  },
  {
    _id: new ObjectId('67d673960b7b3d7c35643549'),
    id: '0c169eca-6e07-47ca-a532-daa390e3eb6f',
    vendedorId: 'b1541f82-a09f-43c9-8cd4-086292bd948a',
    data: 2024-09-23T08:57:43.284Z,
    docinhosCoco: 74,
    __v: 0
  },
  {
    _id: new ObjectId('67d673970b7b3d7c35643559'),
    id: 'f72b8edc-96e1-43e3-972a-634ba8190ed9',
    vendedorId: 'b1541f82-a09f-43c9-8cd4-086292bd948a',
    data: 2024-09-23T17:48:02.920Z,
    docinhosCoco: 47,
    __v: 0
  },
  {
    _id: new ObjectId('67d6739a0b7b3d7c3564358f'),
    id: 'fcaafec0-c3cc-4a99-b7a1-8245e66bf25a',
    vendedorId: 'b1541f82-a09f-43c9-8cd4-086292bd948a',
    data: 2024-09-25T04:41:47.679Z,
    docinhosCoco: 64,
    __v: 0
  },
  {
    _id: new ObjectId('67d6739c0b7b3d7c356435bb'),
    id: '74700d28-6166-4e31-be2a-cb64b99ea6c9',
    vendedorId: 'b1541f82-a09f-43c9-8cd4-086292bd948a',
    data: 2024-09-26T19:28:11.839Z,
    docinhosCoco: 50,
    __v: 0
  },
  {
    _id: new ObjectId('67d673a00b7b3d7c35643601'),
    id: '257acdcd-671c-42d8-8c5f-fd1ef1ddc404',
    vendedorId: 'b1541f82-a09f-43c9-8cd4-086292bd948a',
    data: 2024-09-29T09:16:32.886Z,
    docinhosCoco: 94,
    __v: 0
  },
  {
    _id: new ObjectId('67d673a70b7b3d7c35643693'),
    id: '30e08aa0-33fe-49d6-9706-f8a71ce10dd0',
    vendedorId: 'b1541f82-a09f-43c9-8cd4-086292bd948a',
    data: 2024-10-05T08:37:41.907Z,
    docinhosCoco: 102,
    __v: 0
  },
  {
    _id: new ObjectId('67d673a90b7b3d7c356436af'),
    id: '413f4ba8-40f2-43a5-b196-0221ce429146',
    vendedorId: 'b1541f82-a09f-43c9-8cd4-086292bd948a',
    data: 2024-10-06T03:00:41.052Z,
    docinhosCoco: 42,
    __v: 0
  },
  {
    _id: new ObjectId('67d673aa0b7b3d7c356436c3'),
    id: '8c705eb7-be94-47be-a28b-f2a912e45cef',
    vendedorId: 'b1541f82-a09f-43c9-8cd4-086292bd948a',
    data: 2024-10-06T12:26:36.419Z,
    docinhosCoco: 61,
    __v: 0
  },
  {
    _id: new ObjectId('67d673ab0b7b3d7c356436d9'),
    id: 'c5163bbe-e5d7-4c66-8c34-0c402c5a0298',
    vendedorId: 'b1541f82-a09f-43c9-8cd4-086292bd948a',
    data: 2024-10-07T03:12:12.265Z,
    docinhosCoco: 58,
    __v: 0
  },
  {
    _id: new ObjectId('67d673b00b7b3d7c35643741'),
    id: '42c7243c-3466-4659-83a0-3503a9615576',
    vendedorId: 'b1541f82-a09f-43c9-8cd4-086292bd948a',
    data: 2024-10-11T04:50:01.612Z,
    docinhosCoco: 40,
    __v: 0
  },
  {
    _id: new ObjectId('67d673b60b7b3d7c356437b5'),
    id: 'd9cebc7e-4dd6-4415-9c6b-e4c43d9ea417',
    vendedorId: 'b1541f82-a09f-43c9-8cd4-086292bd948a',
    data: 2024-10-15T05:53:23.842Z,
    docinhosCoco: 46,
    __v: 0
  },
  {
    _id: new ObjectId('67d673b70b7b3d7c356437c5'),
    id: 'b0ae5775-018d-44a1-800d-82b947455d56',
    vendedorId: 'b1541f82-a09f-43c9-8cd4-086292bd948a',
    data: 2024-10-15T16:01:21.549Z,
    docinhosCoco: 37,
    __v: 0
  },
  {
    _id: new ObjectId('67d673b90b7b3d7c356437f7'),
    id: '48b2c4c5-8830-4318-abdd-eb47743ffe2d',
    vendedorId: 'b1541f82-a09f-43c9-8cd4-086292bd948a',
    data: 2024-10-17T14:06:04.761Z,
    docinhosCoco: 75,
    __v: 0
  },
  {
    _id: new ObjectId('67d673bd0b7b3d7c35643841'),
    id: 'eed2b72e-256e-48dd-b236-97853921d2b2',
    vendedorId: 'b1541f82-a09f-43c9-8cd4-086292bd948a',
    data: 2024-10-19T14:49:19.064Z,
    docinhosCoco: 40,
    __v: 0
  },
  {
    _id: new ObjectId('67d673c20b7b3d7c356438a9'),
    id: '3e00b7a0-47f7-43cb-a269-347d165d352d',
    vendedorId: 'b1541f82-a09f-43c9-8cd4-086292bd948a',
    data: 2024-10-23T00:33:48.642Z,
    docinhosCoco: 34,
    __v: 0
  },
  {
    _id: new ObjectId('67d673c30b7b3d7c356438ad'),
    id: '72e855d1-aee2-4661-b189-1d7bba48d0a1',
    vendedorId: 'b1541f82-a09f-43c9-8cd4-086292bd948a',
    data: 2024-10-23T01:57:18.349Z,
    docinhosCoco: 62,
    __v: 0
  },
  {
    _id: new ObjectId('67d673c30b7b3d7c356438b7'),
    id: 'a4d56af7-5a96-440c-9ab4-9fb33fa468a7',
    vendedorId: 'b1541f82-a09f-43c9-8cd4-086292bd948a',
    data: 2024-10-23T07:42:59.707Z,
    docinhosCoco: 69,
    __v: 0
  },
  {
    _id: new ObjectId('67d673c40b7b3d7c356438cf'),
    id: '3787dd9a-250e-4f7d-857c-a199f43fbf40',
    vendedorId: 'b1541f82-a09f-43c9-8cd4-086292bd948a',
    data: 2024-10-24T05:07:35.709Z,
    docinhosCoco: 37,
    __v: 0
  },
  {
    _id: new ObjectId('67d673c60b7b3d7c356438ed'),
    id: '4bea0778-11e2-4a4b-bb3b-6ea043cef1f5',
    vendedorId: 'b1541f82-a09f-43c9-8cd4-086292bd948a',
    data: 2024-10-25T18:27:10.997Z,
    docinhosCoco: 78,
    __v: 0
  },
  {
    _id: new ObjectId('67d673c70b7b3d7c35643907'),
    id: '3d56e105-cbe9-4171-8c20-313404e5746a',
    vendedorId: 'b1541f82-a09f-43c9-8cd4-086292bd948a',
    data: 2024-10-26T11:00:32.882Z,
    docinhosCoco: 40,
    __v: 0
  },
  {
    _id: new ObjectId('67d673ca0b7b3d7c3564393b'),
    id: '547582f1-b1ca-494d-805c-1a9b6e912ddb',
    vendedorId: 'b1541f82-a09f-43c9-8cd4-086292bd948a',
    data: 2024-10-27T19:20:22.317Z,
    docinhosCoco: 94,
    __v: 0
  },
  {
    _id: new ObjectId('67d673cd0b7b3d7c35643975'),
    id: 'b25a5b03-3553-4edb-97d4-a355b3ede9c7',
    vendedorId: 'b1541f82-a09f-43c9-8cd4-086292bd948a',
    data: 2024-10-30T04:46:54.285Z,
    docinhosCoco: 50,
    __v: 0
  },
  {
    _id: new ObjectId('67d673cf0b7b3d7c356439a1'),
    id: 'ee716e5f-6ca8-4a29-a9b2-da8f17fe6cc1',
    vendedorId: 'b1541f82-a09f-43c9-8cd4-086292bd948a',
    data: 2024-10-31T18:57:01.308Z,
    docinhosCoco: 45,
    __v: 0
  },
  {
    _id: new ObjectId('67d673d10b7b3d7c356439c1'),
    id: '30682cd1-811c-42a1-92d9-89b134c18138',
    vendedorId: 'b1541f82-a09f-43c9-8cd4-086292bd948a',
    data: 2024-11-01T18:13:54.822Z,
    docinhosCoco: 39,
    __v: 0
  },
  {
    _id: new ObjectId('67d673d40b7b3d7c356439fd'),
    id: 'c9852c1d-19be-488d-9f1e-c602c4b86d35',
    vendedorId: 'b1541f82-a09f-43c9-8cd4-086292bd948a',
    data: 2024-11-03T20:07:42.405Z,
    docinhosCoco: 59,
    __v: 0
  },
  {
    _id: new ObjectId('67d673d40b7b3d7c35643a01'),
    id: '836b5ea3-f77f-4adf-abc6-c636d16adada',
    vendedorId: 'b1541f82-a09f-43c9-8cd4-086292bd948a',
    data: 2024-11-03T21:11:00.731Z,
    docinhosCoco: 101,
    __v: 0
  },
  {
    _id: new ObjectId('67d673d40b7b3d7c35643a09'),
    id: '4733c605-4de9-4f8d-84ab-38008846159b',
    vendedorId: 'b1541f82-a09f-43c9-8cd4-086292bd948a',
    data: 2024-11-04T04:20:59.821Z,
    docinhosCoco: 80,
    __v: 0
  },
  {
    _id: new ObjectId('67d673e00b7b3d7c35643af1'),
    id: '7a7e7671-a583-472b-a3b0-9f01316cecc5',
    vendedorId: 'b1541f82-a09f-43c9-8cd4-086292bd948a',
    data: 2024-11-10T07:55:23.144Z,
    docinhosCoco: 96,
    __v: 0
  },
  {
    _id: new ObjectId('67d673e10b7b3d7c35643af9'),
    id: 'a398ff3e-c622-480e-b00b-a90f4a9bf67d',
    vendedorId: 'b1541f82-a09f-43c9-8cd4-086292bd948a',
    data: 2024-11-10T18:22:57.775Z,
    docinhosCoco: 42,
    __v: 0
  },
  {
    _id: new ObjectId('67d673e10b7b3d7c35643afd'),
    id: 'db3905b7-bbb3-42b2-8bc3-9c9513ce4ae4',
    vendedorId: 'b1541f82-a09f-43c9-8cd4-086292bd948a',
    data: 2024-11-11T00:25:17.276Z,
    docinhosCoco: 88,
    __v: 0
  },
  {
    _id: new ObjectId('67d673f10b7b3d7c35643c39'),
    id: 'fbd1dd4e-de73-4c37-b138-f9ce31031a2c',
    vendedorId: 'b1541f82-a09f-43c9-8cd4-086292bd948a',
    data: 2024-11-20T22:15:21.075Z,
    docinhosCoco: 59,
    __v: 0
  },
  {
    _id: new ObjectId('67d673f60b7b3d7c35643c99'),
    id: '4755b767-ea55-4d7f-bf7d-87b618504d9d',
    vendedorId: 'b1541f82-a09f-43c9-8cd4-086292bd948a',
    data: 2024-11-23T13:24:36.804Z,
    docinhosCoco: 66,
    __v: 0
  },
  {
    _id: new ObjectId('67d673f70b7b3d7c35643ca5'),
    id: '1dd541df-3fc6-4fcb-86f0-1fccca9f1ec7',
    vendedorId: 'b1541f82-a09f-43c9-8cd4-086292bd948a',
    data: 2024-11-23T19:45:27.231Z,
    docinhosCoco: 53,
    __v: 0
  },
  {
    _id: new ObjectId('67d673f90b7b3d7c35643cd7'),
    id: '919ec493-01b1-4367-9d21-ec486efe70c8',
    vendedorId: 'b1541f82-a09f-43c9-8cd4-086292bd948a',
    data: 2024-11-25T12:12:31.257Z,
    docinhosCoco: 52,
    __v: 0
  },
  {
    _id: new ObjectId('67d674020b7b3d7c35643d87'),
    id: '1b976dbc-85c7-43b0-8e86-7da4bc79f1a3',
    vendedorId: 'b1541f82-a09f-43c9-8cd4-086292bd948a',
    data: 2024-11-30T19:30:47.221Z,
    docinhosCoco: 53,
    __v: 0
  },
  {
    _id: new ObjectId('67d674050b7b3d7c35643dbd'),
    id: '5a0f9959-24b6-492c-95c2-c81c79e7b728',
    vendedorId: 'b1541f82-a09f-43c9-8cd4-086292bd948a',
    data: 2024-12-02T08:35:10.312Z,
    docinhosCoco: 60,
    __v: 0
  },
  {
    _id: new ObjectId('67d674060b7b3d7c35643dcd'),
    id: '5bd67714-eedb-4c91-a268-0993a69dc50e',
    vendedorId: 'b1541f82-a09f-43c9-8cd4-086292bd948a',
    data: 2024-12-02T23:15:56.903Z,
    docinhosCoco: 85,
    __v: 0
  },
  {
    _id: new ObjectId('67d674090b7b3d7c35643e11'),
    id: 'ba240b51-a20a-43f8-8998-028e07a8d3b3',
    vendedorId: 'b1541f82-a09f-43c9-8cd4-086292bd948a',
    data: 2024-12-05T12:37:22.177Z,
    docinhosCoco: 80,
    __v: 0
  },
  {
    _id: new ObjectId('67d6740a0b7b3d7c35643e2b'),
    id: '0aa84e39-1747-487f-8535-a44816165d02',
    vendedorId: 'b1541f82-a09f-43c9-8cd4-086292bd948a',
    data: 2024-12-06T14:00:08.910Z,
    docinhosCoco: 56,
    __v: 0
  },
  {
    _id: new ObjectId('67d674140b7b3d7c35643ee3'),
    id: '195f0829-8f74-4fbc-9649-d662b3bc1418',
    vendedorId: 'b1541f82-a09f-43c9-8cd4-086292bd948a',
    data: 2024-12-12T08:45:48.600Z,
    docinhosCoco: 96,
    __v: 0
  },
  {
    _id: new ObjectId('67d674180b7b3d7c35643f35'),
    id: 'f66c828a-ae46-4e41-8450-507b4e354b92',
    vendedorId: 'b1541f82-a09f-43c9-8cd4-086292bd948a',
    data: 2024-12-14T15:22:29.863Z,
    docinhosCoco: 83,
    __v: 0
  },
  {
    _id: new ObjectId('67d6741f0b7b3d7c35643fc3'),
    id: '05ea8dff-2c89-4249-9d3d-8511caf3be1b',
    vendedorId: 'b1541f82-a09f-43c9-8cd4-086292bd948a',
    data: 2024-12-19T17:21:56.879Z,
    docinhosCoco: 69,
    __v: 0
  },
  {
    _id: new ObjectId('67d674210b7b3d7c35643fe9'),
    id: 'a43a8929-b988-4256-ba05-8cf41649aa2c',
    vendedorId: 'b1541f82-a09f-43c9-8cd4-086292bd948a',
    data: 2024-12-20T13:29:53.575Z,
    docinhosCoco: 80,
    __v: 0
  },
  {
    _id: new ObjectId('67d674210b7b3d7c35643ff1'),
    id: '7c53a2fb-88a5-47c9-a034-690fb204129c',
    vendedorId: 'b1541f82-a09f-43c9-8cd4-086292bd948a',
    data: 2024-12-20T23:58:55.373Z,
    docinhosCoco: 49,
    __v: 0
  },
  {
    _id: new ObjectId('67d674230b7b3d7c3564400b'),
    id: '4453ad61-6364-4250-9f56-53018d7b81ba',
    vendedorId: 'b1541f82-a09f-43c9-8cd4-086292bd948a',
    data: 2024-12-21T14:24:29.483Z,
    docinhosCoco: 97,
    __v: 0
  },
  {
    _id: new ObjectId('67d674240b7b3d7c35644029'),
    id: '8d0b644c-80d2-4110-b9ea-fc801b62c495',
    vendedorId: 'b1541f82-a09f-43c9-8cd4-086292bd948a',
    data: 2024-12-23T02:48:23.753Z,
    docinhosCoco: 87,
    __v: 0
  },
  {
    _id: new ObjectId('67d674270b7b3d7c35644061'),
    id: '704859c3-bdff-4bf6-ba92-cc0b4a79eada',
    vendedorId: 'b1541f82-a09f-43c9-8cd4-086292bd948a',
    data: 2024-12-24T11:04:22.578Z,
    docinhosCoco: 63,
    __v: 0
  },
  {
    _id: new ObjectId('67d674280b7b3d7c3564407d'),
    id: '35eddb9e-1bf3-4965-ab25-fb4f009fa248',
    vendedorId: 'b1541f82-a09f-43c9-8cd4-086292bd948a',
    data: 2024-12-25T04:12:54.059Z,
    docinhosCoco: 49,
    __v: 0
  },
  {
    _id: new ObjectId('67d674290b7b3d7c35644081'),
    id: 'ea7b488f-75a2-475f-9c3c-f93cf469b4e8',
    vendedorId: 'b1541f82-a09f-43c9-8cd4-086292bd948a',
    data: 2024-12-25T05:37:59.136Z,
    docinhosCoco: 45,
    __v: 0
  },
  {
    _id: new ObjectId('67d674290b7b3d7c3564408d'),
    id: 'a15b479c-2464-4521-bae8-6f65e3c171ed',
    vendedorId: 'b1541f82-a09f-43c9-8cd4-086292bd948a',
    data: 2024-12-25T14:02:18.223Z,
    docinhosCoco: 58,
    __v: 0
  },
  {
    _id: new ObjectId('67d6742a0b7b3d7c356440a3'),
    id: '01fcc0f2-ffca-4a38-8d82-16b85d492f4e',
    vendedorId: 'b1541f82-a09f-43c9-8cd4-086292bd948a',
    data: 2024-12-26T20:16:12.523Z,
    docinhosCoco: 96,
    __v: 0
  },
  {
    _id: new ObjectId('67d6742b0b7b3d7c356440b5'),
    id: 'bb2dd708-5cf5-4ab7-8505-b52966c567a5',
    vendedorId: 'b1541f82-a09f-43c9-8cd4-086292bd948a',
    data: 2024-12-27T09:58:41.778Z,
    docinhosCoco: 49,
    __v: 0
  },
  {
    _id: new ObjectId('67d674300b7b3d7c3564410f'),
    id: '444c8b03-3a37-41c3-b816-673cef54de08',
    vendedorId: 'b1541f82-a09f-43c9-8cd4-086292bd948a',
    data: 2024-12-29T15:36:28.883Z,
    docinhosCoco: 101,
    __v: 0
  },
  {
    _id: new ObjectId('67d674350b7b3d7c35644179'),
    id: 'b341c55a-c98c-4644-a5d6-13a405059961',
    vendedorId: 'b1541f82-a09f-43c9-8cd4-086292bd948a',
    data: 2025-01-01T19:14:25.143Z,
    docinhosCoco: 43,
    __v: 0
  },
  {
    _id: new ObjectId('67d674360b7b3d7c35644185'),
    id: 'ed7daa33-6965-464b-afcb-59faa7b6e703',
    vendedorId: 'b1541f82-a09f-43c9-8cd4-086292bd948a',
    data: 2025-01-02T08:58:13.116Z,
    docinhosCoco: 35,
    __v: 0
  },
  {
    _id: new ObjectId('67d674360b7b3d7c3564418f'),
    id: '9359520c-8c88-4ce8-a3d2-b6444e51b923',
    vendedorId: 'b1541f82-a09f-43c9-8cd4-086292bd948a',
    data: 2025-01-02T12:48:36.852Z,
    docinhosCoco: 40,
    __v: 0
  },
  {
    _id: new ObjectId('67d674380b7b3d7c356441b5'),
    id: '9e29d40f-8e08-4f07-bb2f-321ee13fcdb4',
    vendedorId: 'b1541f82-a09f-43c9-8cd4-086292bd948a',
    data: 2025-01-03T15:30:20.358Z,
    docinhosCoco: 30,
    __v: 0
  },
  {
    _id: new ObjectId('67d6743a0b7b3d7c356441d7'),
    id: 'a018ede1-7c67-413c-b56c-312fcd518a14',
    vendedorId: 'b1541f82-a09f-43c9-8cd4-086292bd948a',
    data: 2025-01-05T04:25:26.143Z,
    docinhosCoco: 94,
    __v: 0
  },
  {
    _id: new ObjectId('67d674420b7b3d7c35644275'),
    id: '501fa31c-6ea2-465a-80ea-75c8969a5f46',
    vendedorId: 'b1541f82-a09f-43c9-8cd4-086292bd948a',
    data: 2025-01-10T05:39:23.030Z,
    docinhosCoco: 43,
    __v: 0
  },
  {
    _id: new ObjectId('67d674440b7b3d7c35644293'),
    id: 'da0b36ee-667a-4553-a789-76b1c36f3ef4',
    vendedorId: 'b1541f82-a09f-43c9-8cd4-086292bd948a',
    data: 2025-01-11T07:16:33.872Z,
    docinhosCoco: 94,
    __v: 0
  },
  {
    _id: new ObjectId('67d674460b7b3d7c356442c3'),
    id: 'c1edcbf4-a33d-40b8-9f4c-a1026714d37a',
    vendedorId: 'b1541f82-a09f-43c9-8cd4-086292bd948a',
    data: 2025-01-13T04:40:44.925Z,
    docinhosCoco: 72,
    __v: 0
  },
  {
    _id: new ObjectId('67d674480b7b3d7c356442e7'),
    id: 'b38f0852-a3a3-4559-b5d5-d7ac77ed4b3e',
    vendedorId: 'b1541f82-a09f-43c9-8cd4-086292bd948a',
    data: 2025-01-14T14:32:04.121Z,
    docinhosCoco: 38,
    __v: 0
  },
  {
    _id: new ObjectId('67d6744b0b7b3d7c35644321'),
    id: '6834d72c-0c2b-4da5-bf55-b53492160d38',
    vendedorId: 'b1541f82-a09f-43c9-8cd4-086292bd948a',
    data: 2025-01-16T16:01:23.824Z,
    docinhosCoco: 72,
    __v: 0
  },
  {
    _id: new ObjectId('67d6744d0b7b3d7c35644355'),
    id: 'cc6ba8c9-2102-43ce-92a5-f20f9f73f97e',
    vendedorId: 'b1541f82-a09f-43c9-8cd4-086292bd948a',
    data: 2025-01-18T07:11:37.798Z,
    docinhosCoco: 55,
    __v: 0
  },
  {
    _id: new ObjectId('67d6744e0b7b3d7c35644361'),
    id: 'ca2d4ab0-884f-4be9-bb93-5accf5cc7ec6',
    vendedorId: 'b1541f82-a09f-43c9-8cd4-086292bd948a',
    data: 2025-01-18T14:10:33.024Z,
    docinhosCoco: 50,
    __v: 0
  },
  {
    _id: new ObjectId('67d674520b7b3d7c356443ad'),
    id: '08795255-f2bd-48d3-85bc-781e2c5075c2',
    vendedorId: 'b1541f82-a09f-43c9-8cd4-086292bd948a',
    data: 2025-01-20T19:59:15.011Z,
    docinhosCoco: 68,
    __v: 0
  },
  {
    _id: new ObjectId('67d674550b7b3d7c356443ed'),
    id: '6ac2f15a-80c3-4492-a213-3d161780def6',
    vendedorId: 'b1541f82-a09f-43c9-8cd4-086292bd948a',
    data: 2025-01-23T04:34:55.289Z,
    docinhosCoco: 39,
    __v: 0
  },
  {
    _id: new ObjectId('67d674560b7b3d7c356443fb'),
    id: '916ed43f-1077-4ee9-a295-e992976909fd',
    vendedorId: 'b1541f82-a09f-43c9-8cd4-086292bd948a',
    data: 2025-01-24T02:45:36.022Z,
    docinhosCoco: 62,
    __v: 0
  },
  {
    _id: new ObjectId('67d674560b7b3d7c35644403'),
    id: '05d588f0-1b51-4f4e-9442-776a5f2c261a',
    vendedorId: 'b1541f82-a09f-43c9-8cd4-086292bd948a',
    data: 2025-01-24T07:08:30.402Z,
    docinhosCoco: 56,
    __v: 0
  },
  {
    _id: new ObjectId('67d674570b7b3d7c35644417'),
    id: '97a57cf4-a865-4da9-89b5-a7af3ff2eda2',
    vendedorId: 'b1541f82-a09f-43c9-8cd4-086292bd948a',
    data: 2025-01-25T03:07:18.704Z,
    docinhosCoco: 40,
    __v: 0
  },
  {
    _id: new ObjectId('67d6745f0b7b3d7c356444af'),
    id: '906fab5f-11f2-4023-97c4-ade3738019cf',
    vendedorId: 'b1541f82-a09f-43c9-8cd4-086292bd948a',
    data: 2025-01-29T11:14:10.559Z,
    docinhosCoco: 44,
    __v: 0
  },
  {
    _id: new ObjectId('67d674670b7b3d7c35644533'),
    id: '4af6786d-f65d-4fdc-8cc8-e719fd92d395',
    vendedorId: 'b1541f82-a09f-43c9-8cd4-086292bd948a',
    data: 2025-02-02T17:54:48.159Z,
    docinhosCoco: 91,
    __v: 0
  },
  ... 18 more items
]
✅ Processado vendedor: Jéssica Figueiredo
Debug - Repository - Query params: {
  vendedorId: 'ae186aab-7643-4b06-b15f-44592cd45898',
  dataInicio: 2024-09-17T03:00:00.000Z,
  dataFim: 2025-03-18T02:59:59.999Z
}
Debug - Repository - MongoDB query: {
  vendedorId: 'ae186aab-7643-4b06-b15f-44592cd45898',
  data: { '$gte': 1726542000000, '$lte': 1742266799999 }
}
Debug - Repository - Resultado encontrado: [
  {
    _id: new ObjectId('67c9968c90c4d048db4a8f9e'),
    id: '22d4dcbe-5f07-4ede-a706-32947215e1f8',
    vendedorId: 'ae186aab-7643-4b06-b15f-44592cd45898',
    data: 2025-01-25T00:00:00.000Z,
    docinhosCoco: 972,
    __v: 0
  },
  {
    _id: new ObjectId('67c9969e90c4d048db4a8fbe'),
    id: '48d8845d-3c42-43c7-a053-3dd5c5758e74',
    vendedorId: 'ae186aab-7643-4b06-b15f-44592cd45898',
    data: 2025-01-11T00:00:00.000Z,
    docinhosCoco: 1378,
    __v: 0
  },
  {
    _id: new ObjectId('67c996b990c4d048db4a9002'),
    id: '4908a853-f58b-4825-89c8-28243f35bdd6',
    vendedorId: 'ae186aab-7643-4b06-b15f-44592cd45898',
    data: 2025-01-15T00:00:00.000Z,
    docinhosCoco: 1678,
    __v: 0
  },
  {
    _id: new ObjectId('67c997e990c4d048db4a9063'),
    id: '22781e2d-7420-4bb6-87d4-6e792f66e4da',
    vendedorId: 'ae186aab-7643-4b06-b15f-44592cd45898',
    data: 2025-02-13T00:00:00.000Z,
    docinhosCoco: 1849,
    __v: 0
  },
  {
    _id: new ObjectId('67c9981090c4d048db4a90bf'),
    id: '84de36a7-3868-4ca0-9454-62f7913772c7',
    vendedorId: 'ae186aab-7643-4b06-b15f-44592cd45898',
    data: 2025-03-01T00:00:00.000Z,
    docinhosCoco: 1442,
    __v: 0
  },
  {
    _id: new ObjectId('67d41a223686e9d0f3e5456e'),
    id: 'c664194f-f480-4d01-96ab-a935c099d689',
    vendedorId: 'ae186aab-7643-4b06-b15f-44592cd45898',
    data: 2025-03-14T00:00:00.000Z,
    docinhosCoco: 1000,
    __v: 0
  },
  {
    _id: new ObjectId('67d67306411c5e9603367204'),
    id: 'f45a6769-b725-40c4-8dd3-f8d95c440de3',
    vendedorId: 'ae186aab-7643-4b06-b15f-44592cd45898',
    data: 2025-03-04T06:43:15.110Z,
    docinhosCoco: 98,
    __v: 0
  },
  {
    _id: new ObjectId('67d67306411c5e9603367206'),
    id: '956f3dfe-1ec5-4a9b-b29e-323f75c230bd',
    vendedorId: 'ae186aab-7643-4b06-b15f-44592cd45898',
    data: 2025-03-10T06:43:15.110Z,
    docinhosCoco: 49,
    __v: 0
  },
  {
    _id: new ObjectId('67d67306411c5e9603367208'),
    id: '72a2186c-2b89-45d7-8af8-457c3be0ebb9',
    vendedorId: 'ae186aab-7643-4b06-b15f-44592cd45898',
    data: 2025-03-13T06:43:15.110Z,
    docinhosCoco: 42,
    __v: 0
  },
  {
    _id: new ObjectId('67d67307411c5e960336720a'),
    id: '8815ef7b-131f-411d-9e18-2ca8683c2a38',
    vendedorId: 'ae186aab-7643-4b06-b15f-44592cd45898',
    data: 2025-03-01T06:43:15.110Z,
    docinhosCoco: 87,
    __v: 0
  },
  {
    _id: new ObjectId('67d67307411c5e960336720c'),
    id: '924260fc-8996-448a-b901-3f065422dd98',
    vendedorId: 'ae186aab-7643-4b06-b15f-44592cd45898',
    data: 2025-02-26T06:43:15.110Z,
    docinhosCoco: 19,
    __v: 0
  },
  {
    _id: new ObjectId('67d67307411c5e960336720e'),
    id: '0084046d-eb6b-4d31-b0ee-c87e0f1dec0a',
    vendedorId: 'ae186aab-7643-4b06-b15f-44592cd45898',
    data: 2025-03-12T06:43:15.110Z,
    docinhosCoco: 68,
    __v: 0
  },
  {
    _id: new ObjectId('67d67307411c5e9603367210'),
    id: '180dc846-71ad-4a21-ab3b-0d30b66fd595',
    vendedorId: 'ae186aab-7643-4b06-b15f-44592cd45898',
    data: 2025-03-10T06:43:15.110Z,
    docinhosCoco: 45,
    __v: 0
  },
  {
    _id: new ObjectId('67d67307411c5e9603367212'),
    id: '633099d1-93c1-41cf-9475-4601a0e99d4c',
    vendedorId: 'ae186aab-7643-4b06-b15f-44592cd45898',
    data: 2025-02-16T06:43:15.110Z,
    docinhosCoco: 81,
    __v: 0
  },
  {
    _id: new ObjectId('67d67307411c5e9603367214'),
    id: '0f278df4-60a0-455b-b34d-41f7748f9fec',
    vendedorId: 'ae186aab-7643-4b06-b15f-44592cd45898',
    data: 2025-02-21T06:43:15.110Z,
    docinhosCoco: 22,
    __v: 0
  },
  {
    _id: new ObjectId('67d67307411c5e9603367216'),
    id: '6b3c03b8-bb5e-46cd-9756-6b30ac9f2d3e',
    vendedorId: 'ae186aab-7643-4b06-b15f-44592cd45898',
    data: 2025-02-22T06:43:15.110Z,
    docinhosCoco: 30,
    __v: 0
  },
  {
    _id: new ObjectId('67d67307411c5e9603367218'),
    id: '34f9e458-6371-45d5-bb04-c2082d2de73c',
    vendedorId: 'ae186aab-7643-4b06-b15f-44592cd45898',
    data: 2025-03-10T06:43:15.110Z,
    docinhosCoco: 38,
    __v: 0
  },
  {
    _id: new ObjectId('67d67307411c5e960336721a'),
    id: '96c8cded-cb07-4938-955f-1ae74e54a6ef',
    vendedorId: 'ae186aab-7643-4b06-b15f-44592cd45898',
    data: 2025-02-25T06:43:15.110Z,
    docinhosCoco: 22,
    __v: 0
  },
  {
    _id: new ObjectId('67d67307411c5e960336721c'),
    id: 'de0f0007-379c-4eee-a405-c72cdc93c745',
    vendedorId: 'ae186aab-7643-4b06-b15f-44592cd45898',
    data: 2025-03-12T06:43:15.110Z,
    docinhosCoco: 33,
    __v: 0
  },
  {
    _id: new ObjectId('67d67308411c5e960336721e'),
    id: 'c2eeb402-548d-49b7-a03a-84b93390e445',
    vendedorId: 'ae186aab-7643-4b06-b15f-44592cd45898',
    data: 2025-02-24T06:43:15.110Z,
    docinhosCoco: 41,
    __v: 0
  },
  {
    _id: new ObjectId('67d67308411c5e9603367220'),
    id: '28048f29-ce2d-43d8-b25d-865756df5646',
    vendedorId: 'ae186aab-7643-4b06-b15f-44592cd45898',
    data: 2025-02-16T06:43:15.110Z,
    docinhosCoco: 78,
    __v: 0
  },
  {
    _id: new ObjectId('67d67308411c5e9603367222'),
    id: 'ac31b9af-df64-42b2-9e51-65398a5f7353',
    vendedorId: 'ae186aab-7643-4b06-b15f-44592cd45898',
    data: 2025-02-28T06:43:15.110Z,
    docinhosCoco: 10,
    __v: 0
  },
  {
    _id: new ObjectId('67d67308411c5e9603367224'),
    id: 'c6db5b77-1f4d-41c6-b148-4cd236001719',
    vendedorId: 'ae186aab-7643-4b06-b15f-44592cd45898',
    data: 2025-03-05T06:43:15.110Z,
    docinhosCoco: 26,
    __v: 0
  },
  {
    _id: new ObjectId('67d67308411c5e9603367226'),
    id: '8e454116-db87-4e56-8c43-866f9d54feff',
    vendedorId: 'ae186aab-7643-4b06-b15f-44592cd45898',
    data: 2025-03-02T06:43:15.110Z,
    docinhosCoco: 65,
    __v: 0
  },
  {
    _id: new ObjectId('67d67308411c5e9603367228'),
    id: '57410ca7-505e-472d-879f-a30c5283a20b',
    vendedorId: 'ae186aab-7643-4b06-b15f-44592cd45898',
    data: 2025-03-11T06:43:15.110Z,
    docinhosCoco: 70,
    __v: 0
  },
  {
    _id: new ObjectId('67d67308411c5e960336722a'),
    id: '2dd9f3d2-a222-4112-8811-13d15816b0f7',
    vendedorId: 'ae186aab-7643-4b06-b15f-44592cd45898',
    data: 2025-02-17T06:43:15.110Z,
    docinhosCoco: 81,
    __v: 0
  },
  {
    _id: new ObjectId('67d673910b7b3d7c356434db'),
    id: 'cf87102c-c87b-4f4e-bfc6-27906fa23eea',
    vendedorId: 'ae186aab-7643-4b06-b15f-44592cd45898',
    data: 2024-09-19T19:20:49.750Z,
    docinhosCoco: 71,
    __v: 0
  },
  {
    _id: new ObjectId('67d673950b7b3d7c3564352f'),
    id: '827b137c-be4c-468d-b34f-0554996bb4ec',
    vendedorId: 'ae186aab-7643-4b06-b15f-44592cd45898',
    data: 2024-09-22T20:00:14.963Z,
    docinhosCoco: 92,
    __v: 0
  },
  {
    _id: new ObjectId('67d6739b0b7b3d7c356435a7'),
    id: '7ce454f5-b4df-4c65-b9af-d808bc0c22f4',
    vendedorId: 'ae186aab-7643-4b06-b15f-44592cd45898',
    data: 2024-09-25T21:19:44.064Z,
    docinhosCoco: 45,
    __v: 0
  },
  {
    _id: new ObjectId('67d6739b0b7b3d7c356435ad'),
    id: 'be210054-1335-4e22-aca2-40759362acf1',
    vendedorId: 'ae186aab-7643-4b06-b15f-44592cd45898',
    data: 2024-09-26T01:58:23.503Z,
    docinhosCoco: 46,
    __v: 0
  },
  {
    _id: new ObjectId('67d673a40b7b3d7c35643653'),
    id: 'df4b57ca-7208-4421-a79f-76c57a2630ef',
    vendedorId: 'ae186aab-7643-4b06-b15f-44592cd45898',
    data: 2024-10-02T12:33:09.166Z,
    docinhosCoco: 50,
    __v: 0
  },
  {
    _id: new ObjectId('67d673a50b7b3d7c35643661'),
    id: '52ce935c-549d-431a-8cca-72d52b013e3c',
    vendedorId: 'ae186aab-7643-4b06-b15f-44592cd45898',
    data: 2024-10-03T01:21:17.129Z,
    docinhosCoco: 51,
    __v: 0
  },
  {
    _id: new ObjectId('67d673a60b7b3d7c35643685'),
    id: 'b8c4c2bb-9d65-4270-8c2c-02c398585c6c',
    vendedorId: 'ae186aab-7643-4b06-b15f-44592cd45898',
    data: 2024-10-04T21:14:17.737Z,
    docinhosCoco: 38,
    __v: 0
  },
  {
    _id: new ObjectId('67d673a70b7b3d7c3564368b'),
    id: 'ac053a1e-7170-4362-a29a-d5fb6b3ff967',
    vendedorId: 'ae186aab-7643-4b06-b15f-44592cd45898',
    data: 2024-10-05T01:03:29.332Z,
    docinhosCoco: 59,
    __v: 0
  },
  {
    _id: new ObjectId('67d673b60b7b3d7c356437ab'),
    id: '3a253325-36c6-409b-a719-820512721199',
    vendedorId: 'ae186aab-7643-4b06-b15f-44592cd45898',
    data: 2024-10-14T19:07:59.970Z,
    docinhosCoco: 36,
    __v: 0
  },
  {
    _id: new ObjectId('67d673bd0b7b3d7c35643845'),
    id: '52c99aad-1f32-4ec8-baed-4d365490168e',
    vendedorId: 'ae186aab-7643-4b06-b15f-44592cd45898',
    data: 2024-10-19T16:20:04.530Z,
    docinhosCoco: 49,
    __v: 0
  },
  {
    _id: new ObjectId('67d673bf0b7b3d7c3564386d'),
    id: '80935725-2126-4311-9cec-d63e8c6bc483',
    vendedorId: 'ae186aab-7643-4b06-b15f-44592cd45898',
    data: 2024-10-21T02:16:59.891Z,
    docinhosCoco: 83,
    __v: 0
  },
  {
    _id: new ObjectId('67d673c00b7b3d7c35643871'),
    id: 'fbff7033-0e16-4b9c-b26e-e7ab90c617f1',
    vendedorId: 'ae186aab-7643-4b06-b15f-44592cd45898',
    data: 2024-10-21T04:30:56.446Z,
    docinhosCoco: 48,
    __v: 0
  },
  {
    _id: new ObjectId('67d673cd0b7b3d7c3564397f'),
    id: 'f893fa1b-2590-4f45-9da6-47463a9d50f1',
    vendedorId: 'ae186aab-7643-4b06-b15f-44592cd45898',
    data: 2024-10-30T20:23:14.627Z,
    docinhosCoco: 44,
    __v: 0
  },
  {
    _id: new ObjectId('67d673ce0b7b3d7c35643983'),
    id: 'c13345f3-0885-483e-9942-984a19d47b01',
    vendedorId: 'ae186aab-7643-4b06-b15f-44592cd45898',
    data: 2024-10-30T21:28:19.993Z,
    docinhosCoco: 38,
    __v: 0
  },
  {
    _id: new ObjectId('67d673d20b7b3d7c356439dd'),
    id: '7d6542f7-db2a-48d9-b5f2-77d5ca157004',
    vendedorId: 'ae186aab-7643-4b06-b15f-44592cd45898',
    data: 2024-11-02T21:34:28.263Z,
    docinhosCoco: 100,
    __v: 0
  },
  {
    _id: new ObjectId('67d673da0b7b3d7c35643a7b'),
    id: '61b51552-f223-41b8-8b2e-a199ae573209',
    vendedorId: 'ae186aab-7643-4b06-b15f-44592cd45898',
    data: 2024-11-06T20:00:19.330Z,
    docinhosCoco: 35,
    __v: 0
  },
  {
    _id: new ObjectId('67d673dc0b7b3d7c35643a99'),
    id: '76ebdcfb-5c2d-4bb3-96f5-a4f1a675e4e4',
    vendedorId: 'ae186aab-7643-4b06-b15f-44592cd45898',
    data: 2024-11-07T09:15:13.318Z,
    docinhosCoco: 45,
    __v: 0
  },
  {
    _id: new ObjectId('67d673de0b7b3d7c35643abd'),
    id: '47c40e98-2c89-485e-b95c-88b8775ac65e',
    vendedorId: 'ae186aab-7643-4b06-b15f-44592cd45898',
    data: 2024-11-08T22:51:40.795Z,
    docinhosCoco: 70,
    __v: 0
  },
  {
    _id: new ObjectId('67d673e20b7b3d7c35643b15'),
    id: 'c99a2f5c-ce80-41d5-9418-65f0fa6310ed',
    vendedorId: 'ae186aab-7643-4b06-b15f-44592cd45898',
    data: 2024-11-11T17:23:59.852Z,
    docinhosCoco: 36,
    __v: 0
  },
  {
    _id: new ObjectId('67d673ea0b7b3d7c35643bb1'),
    id: 'bfc489d4-c2d1-4eea-a34e-f07798990c06',
    vendedorId: 'ae186aab-7643-4b06-b15f-44592cd45898',
    data: 2024-11-16T12:17:10.604Z,
    docinhosCoco: 74,
    __v: 0
  },
  {
    _id: new ObjectId('67d673f00b7b3d7c35643c2b'),
    id: '619aef99-db54-46e7-9f4d-313d887d23c2',
    vendedorId: 'ae186aab-7643-4b06-b15f-44592cd45898',
    data: 2024-11-20T12:09:57.890Z,
    docinhosCoco: 43,
    __v: 0
  },
  {
    _id: new ObjectId('67d673f20b7b3d7c35643c4b'),
    id: '8dae9609-6c15-4722-b7ef-7168575f85fd',
    vendedorId: 'ae186aab-7643-4b06-b15f-44592cd45898',
    data: 2024-11-21T16:41:29.436Z,
    docinhosCoco: 64,
    __v: 0
  },
  {
    _id: new ObjectId('67d673f90b7b3d7c35643cdd'),
    id: '50245f53-5d95-4084-8e8e-178bad86e542',
    vendedorId: 'ae186aab-7643-4b06-b15f-44592cd45898',
    data: 2024-11-25T15:35:40.205Z,
    docinhosCoco: 75,
    __v: 0
  },
  {
    _id: new ObjectId('67d673fd0b7b3d7c35643d29'),
    id: '71ac3e9b-779a-4b2d-9fe2-b4e207ecfc75',
    vendedorId: 'ae186aab-7643-4b06-b15f-44592cd45898',
    data: 2024-11-28T03:32:26.819Z,
    docinhosCoco: 61,
    __v: 0
  },
  {
    _id: new ObjectId('67d673fe0b7b3d7c35643d3b'),
    id: 'a8a10d7e-366c-4a4e-a26b-dfabb5d3d9c4',
    vendedorId: 'ae186aab-7643-4b06-b15f-44592cd45898',
    data: 2024-11-28T14:27:19.880Z,
    docinhosCoco: 57,
    __v: 0
  },
  {
    _id: new ObjectId('67d674000b7b3d7c35643d67'),
    id: 'f02c024b-dfad-4bee-a2db-66d537d91ac9',
    vendedorId: 'ae186aab-7643-4b06-b15f-44592cd45898',
    data: 2024-11-30T04:58:49.900Z,
    docinhosCoco: 52,
    __v: 0
  },
  {
    _id: new ObjectId('67d674060b7b3d7c35643dd7'),
    id: 'a1b167b5-a66b-4f7b-8d0e-09d3a4bc950f',
    vendedorId: 'ae186aab-7643-4b06-b15f-44592cd45898',
    data: 2024-12-03T05:31:16.794Z,
    docinhosCoco: 56,
    __v: 0
  },
  {
    _id: new ObjectId('67d6740f0b7b3d7c35643e8f'),
    id: '804365d2-3e0e-493d-b98f-feddcb682ca4',
    vendedorId: 'ae186aab-7643-4b06-b15f-44592cd45898',
    data: 2024-12-09T03:30:51.470Z,
    docinhosCoco: 46,
    __v: 0
  },
  {
    _id: new ObjectId('67d6741b0b7b3d7c35643f73'),
    id: '6b2d38f1-ab8b-414a-84f0-aad74cc77bb1',
    vendedorId: 'ae186aab-7643-4b06-b15f-44592cd45898',
    data: 2024-12-16T11:18:11.229Z,
    docinhosCoco: 52,
    __v: 0
  },
  {
    _id: new ObjectId('67d6741b0b7b3d7c35643f7b'),
    id: '27784755-fa92-4448-b159-c324daa5e0fc',
    vendedorId: 'ae186aab-7643-4b06-b15f-44592cd45898',
    data: 2024-12-16T14:48:56.972Z,
    docinhosCoco: 57,
    __v: 0
  },
  {
    _id: new ObjectId('67d6741c0b7b3d7c35643f87'),
    id: '4d772a7e-ca9f-407f-aab6-2c03ea4239b3',
    vendedorId: 'ae186aab-7643-4b06-b15f-44592cd45898',
    data: 2024-12-17T00:28:51.959Z,
    docinhosCoco: 51,
    __v: 0
  },
  {
    _id: new ObjectId('67d674210b7b3d7c35643fe5'),
    id: 'f8165ecb-cd62-4d60-b1f8-17b4f60648d4',
    vendedorId: 'ae186aab-7643-4b06-b15f-44592cd45898',
    data: 2024-12-20T11:15:01.345Z,
    docinhosCoco: 60,
    __v: 0
  },
  {
    _id: new ObjectId('67d674230b7b3d7c35644007'),
    id: '7568d0c0-66c3-482c-94d7-13e920029dfd',
    vendedorId: 'ae186aab-7643-4b06-b15f-44592cd45898',
    data: 2024-12-21T12:11:44.151Z,
    docinhosCoco: 102,
    __v: 0
  },
  {
    _id: new ObjectId('67d674250b7b3d7c35644035'),
    id: 'a21e1b4b-ac46-4cee-b4a4-e67ba6516730',
    vendedorId: 'ae186aab-7643-4b06-b15f-44592cd45898',
    data: 2024-12-23T12:17:38.236Z,
    docinhosCoco: 66,
    __v: 0
  },
  {
    _id: new ObjectId('67d674280b7b3d7c3564406d'),
    id: '47635ef2-9ac3-47e5-8caa-b1ed0339c9fb',
    vendedorId: 'ae186aab-7643-4b06-b15f-44592cd45898',
    data: 2024-12-24T16:03:53.472Z,
    docinhosCoco: 73,
    __v: 0
  },
  {
    _id: new ObjectId('67d6742e0b7b3d7c356440e9'),
    id: '215e6c90-a1f5-4956-8a30-cdef15340f25',
    vendedorId: 'ae186aab-7643-4b06-b15f-44592cd45898',
    data: 2024-12-28T21:24:18.568Z,
    docinhosCoco: 50,
    __v: 0
  },
  {
    _id: new ObjectId('67d6742e0b7b3d7c356440eb'),
    id: '2416b3ee-a89a-48bd-841c-a3de3b037713',
    vendedorId: 'ae186aab-7643-4b06-b15f-44592cd45898',
    data: 2024-12-29T00:04:36.921Z,
    docinhosCoco: 50,
    __v: 0
  },
  {
    _id: new ObjectId('67d674370b7b3d7c356441a5'),
    id: 'e978e925-eac1-494d-ad8c-4795e3977ac9',
    vendedorId: 'ae186aab-7643-4b06-b15f-44592cd45898',
    data: 2025-01-03T04:29:56.174Z,
    docinhosCoco: 54,
    __v: 0
  },
  {
    _id: new ObjectId('67d6743a0b7b3d7c356441dd'),
    id: '65be6f2c-c7eb-4753-a6f1-1029ba3c650a',
    vendedorId: 'ae186aab-7643-4b06-b15f-44592cd45898',
    data: 2025-01-05T05:26:18.263Z,
    docinhosCoco: 39,
    __v: 0
  },
  {
    _id: new ObjectId('67d6743b0b7b3d7c356441e5'),
    id: 'ee9ac5b7-11ce-4a7a-8b99-08648bc2ddbf',
    vendedorId: 'ae186aab-7643-4b06-b15f-44592cd45898',
    data: 2025-01-05T09:46:56.489Z,
    docinhosCoco: 40,
    __v: 0
  },
  {
    _id: new ObjectId('67d674410b7b3d7c35644267'),
    id: '7895d8b2-fee0-43bb-8b97-2c64a0b73f08',
    vendedorId: 'ae186aab-7643-4b06-b15f-44592cd45898',
    data: 2025-01-09T18:33:04.862Z,
    docinhosCoco: 37,
    __v: 0
  },
  {
    _id: new ObjectId('67d674420b7b3d7c3564426f'),
    id: 'da932ee4-4a4f-4195-92fc-697fa6b4e9de',
    vendedorId: 'ae186aab-7643-4b06-b15f-44592cd45898',
    data: 2025-01-10T00:58:37.333Z,
    docinhosCoco: 56,
    __v: 0
  },
  {
    _id: new ObjectId('67d674420b7b3d7c3564427b'),
    id: '32f6c280-a3a4-4594-acb8-04bc1c055fac',
    vendedorId: 'ae186aab-7643-4b06-b15f-44592cd45898',
    data: 2025-01-10T09:26:45.226Z,
    docinhosCoco: 73,
    __v: 0
  },
  {
    _id: new ObjectId('67d674490b7b3d7c356442fd'),
    id: 'e26f0c30-3301-44a3-b6dc-590c5057a124',
    vendedorId: 'ae186aab-7643-4b06-b15f-44592cd45898',
    data: 2025-01-15T09:49:13.947Z,
    docinhosCoco: 59,
    __v: 0
  },
  {
    _id: new ObjectId('67d674490b7b3d7c35644303'),
    id: '9a3b708a-388d-4e12-9b77-3e2a886a5937',
    vendedorId: 'ae186aab-7643-4b06-b15f-44592cd45898',
    data: 2025-01-15T13:18:24.118Z,
    docinhosCoco: 76,
    __v: 0
  },
  {
    _id: new ObjectId('67d674510b7b3d7c35644399'),
    id: 'd5c288b0-b364-46e6-91d7-090c45afafd8',
    vendedorId: 'ae186aab-7643-4b06-b15f-44592cd45898',
    data: 2025-01-20T11:19:46.121Z,
    docinhosCoco: 73,
    __v: 0
  },
  {
    _id: new ObjectId('67d674530b7b3d7c356443bd'),
    id: 'fe3657ff-b180-459f-8c87-f48298d09c3d',
    vendedorId: 'ae186aab-7643-4b06-b15f-44592cd45898',
    data: 2025-01-21T11:08:08.549Z,
    docinhosCoco: 65,
    __v: 0
  },
  {
    _id: new ObjectId('67d674580b7b3d7c35644427'),
    id: '6ea9a68e-f7a9-4a96-8823-5b299274b09b',
    vendedorId: 'ae186aab-7643-4b06-b15f-44592cd45898',
    data: 2025-01-25T10:21:32.848Z,
    docinhosCoco: 57,
    __v: 0
  },
  {
    _id: new ObjectId('67d674590b7b3d7c35644435'),
    id: '3aeaf4b1-a4f7-4fdc-b3fa-44fb6165da24',
    vendedorId: 'ae186aab-7643-4b06-b15f-44592cd45898',
    data: 2025-01-25T21:30:06.601Z,
    docinhosCoco: 67,
    __v: 0
  },
  {
    _id: new ObjectId('67d6745d0b7b3d7c3564448b'),
    id: 'ee246692-f089-46bf-a5cc-0aede233f3de',
    vendedorId: 'ae186aab-7643-4b06-b15f-44592cd45898',
    data: 2025-01-28T04:56:41.842Z,
    docinhosCoco: 42,
    __v: 0
  },
  {
    _id: new ObjectId('67d674650b7b3d7c3564450f'),
    id: 'b6752157-9de6-40ac-bb61-c58c790b292b',
    vendedorId: 'ae186aab-7643-4b06-b15f-44592cd45898',
    data: 2025-02-01T15:58:58.236Z,
    docinhosCoco: 74,
    __v: 0
  },
  {
    _id: new ObjectId('67d674650b7b3d7c35644513'),
    id: '06ce3edc-7aba-4989-a604-a99eca297e32',
    vendedorId: 'ae186aab-7643-4b06-b15f-44592cd45898',
    data: 2025-02-01T18:20:03.005Z,
    docinhosCoco: 85,
    __v: 0
  },
  {
    _id: new ObjectId('67d6746a0b7b3d7c35644577'),
    id: 'ef13cbc6-4b08-4259-9574-b6aba4860fc5',
    vendedorId: 'ae186aab-7643-4b06-b15f-44592cd45898',
    data: 2025-02-05T03:34:47.161Z,
    docinhosCoco: 44,
    __v: 0
  },
  {
    _id: new ObjectId('67d6746a0b7b3d7c35644579'),
    id: '625f1faf-2c60-4bb5-81c0-5d09de40dfd9',
    vendedorId: 'ae186aab-7643-4b06-b15f-44592cd45898',
    data: 2025-02-05T03:51:06.192Z,
    docinhosCoco: 70,
    __v: 0
  },
  {
    _id: new ObjectId('67d6746c0b7b3d7c35644599'),
    id: '1c4e952d-0156-4f43-aea6-bbe9d3f6fb15',
    vendedorId: 'ae186aab-7643-4b06-b15f-44592cd45898',
    data: 2025-02-05T23:55:04.787Z,
    docinhosCoco: 71,
    __v: 0
  },
  {
    _id: new ObjectId('67d6746d0b7b3d7c356445a9'),
    id: 'e3bf0626-4591-4923-88b8-2dca58fd7230',
    vendedorId: 'ae186aab-7643-4b06-b15f-44592cd45898',
    data: 2025-02-06T09:31:36.437Z,
    docinhosCoco: 70,
    __v: 0
  },
  {
    _id: new ObjectId('67d674740b7b3d7c35644633'),
    id: '0d43cb9e-a6a1-4032-b9d4-74b183678b50',
    vendedorId: 'ae186aab-7643-4b06-b15f-44592cd45898',
    data: 2025-02-10T12:58:00.108Z,
    docinhosCoco: 50,
    __v: 0
  },
  {
    _id: new ObjectId('67d674760b7b3d7c35644655'),
    id: '02fa6250-2c61-4502-ab56-0d7fe51c7181',
    vendedorId: 'ae186aab-7643-4b06-b15f-44592cd45898',
    data: 2025-02-11T20:29:35.794Z,
    docinhosCoco: 63,
    __v: 0
  },
  {
    _id: new ObjectId('67d674780b7b3d7c3564468d'),
    id: 'a994f636-56ea-4909-8a6d-65203e53ce7a',
    vendedorId: 'ae186aab-7643-4b06-b15f-44592cd45898',
    data: 2025-02-13T09:22:05.923Z,
    docinhosCoco: 51,
    __v: 0
  },
  {
    _id: new ObjectId('67d6747b0b7b3d7c356446bb'),
    id: '2db640fd-6fec-4af3-8134-1d2e3b0790d6',
    vendedorId: 'ae186aab-7643-4b06-b15f-44592cd45898',
    data: 2025-02-14T17:58:33.094Z,
    docinhosCoco: 48,
    __v: 0
  },
  {
    _id: new ObjectId('67d6747c0b7b3d7c356446d3'),
    id: '67f7ee4f-6494-4ab4-9e15-3925d88d81ea',
    vendedorId: 'ae186aab-7643-4b06-b15f-44592cd45898',
    data: 2025-02-15T07:35:52.910Z,
    docinhosCoco: 97,
    __v: 0
  },
  {
    _id: new ObjectId('67d6747d0b7b3d7c356446e3'),
    id: '65ca76b8-72dc-481d-8e5d-0057f364f0fc',
    vendedorId: 'ae186aab-7643-4b06-b15f-44592cd45898',
    data: 2025-02-15T18:09:26.486Z,
    docinhosCoco: 75,
    __v: 0
  },
  {
    _id: new ObjectId('67d674810b7b3d7c35644737'),
    id: '8cae03b6-a2f5-460b-8c53-fbca4780d2e2',
    vendedorId: 'ae186aab-7643-4b06-b15f-44592cd45898',
    data: 2025-02-18T06:31:12.752Z,
    docinhosCoco: 56,
    __v: 0
  },
  {
    _id: new ObjectId('67d674880b7b3d7c356447c5'),
    id: '03c9a004-d777-4b3a-b32d-1594c2d22a66',
    vendedorId: 'ae186aab-7643-4b06-b15f-44592cd45898',
    data: 2025-02-23T14:55:36.888Z,
    docinhosCoco: 71,
    __v: 0
  },
  {
    _id: new ObjectId('67d674890b7b3d7c356447cd'),
    id: 'c8d4f938-0605-4a55-a978-1a2d22502467',
    vendedorId: 'ae186aab-7643-4b06-b15f-44592cd45898',
    data: 2025-02-23T20:30:07.000Z,
    docinhosCoco: 52,
    __v: 0
  },
  {
    _id: new ObjectId('67d6748e0b7b3d7c35644835'),
    id: '0359e5a9-4a15-44bb-ba21-aa7c91ae4684',
    vendedorId: 'ae186aab-7643-4b06-b15f-44592cd45898',
    data: 2025-02-27T19:36:46.533Z,
    docinhosCoco: 54,
    __v: 0
  },
  {
    _id: new ObjectId('67d6749b0b7b3d7c3564492d'),
    id: '12997a20-e761-46bc-b113-be5e10d9ce6f',
    vendedorId: 'ae186aab-7643-4b06-b15f-44592cd45898',
    data: 2025-03-08T07:16:36.841Z,
    docinhosCoco: 87,
    __v: 0
  },
  {
    _id: new ObjectId('67d674a40b7b3d7c356449e9'),
    id: 'ecd04b82-43b8-4bc1-9726-9b7ffdbca8fd',
    vendedorId: 'ae186aab-7643-4b06-b15f-44592cd45898',
    data: 2025-03-14T01:19:51.385Z,
    docinhosCoco: 79,
    __v: 0
  }
]
✅ Processado vendedor: Zilda Amaral
Debug - Repository - Query params: {
  vendedorId: '5693695d-1749-4f6a-ad68-bfeb6a3d3efe',
  dataInicio: 2024-09-17T03:00:00.000Z,
  dataFim: 2025-03-18T02:59:59.999Z
}
Debug - Repository - MongoDB query: {
  vendedorId: '5693695d-1749-4f6a-ad68-bfeb6a3d3efe',
  data: { '$gte': 1726542000000, '$lte': 1742266799999 }
}
Debug - Repository - Resultado encontrado: [
  {
    _id: new ObjectId('67c9968d90c4d048db4a8fa4'),
    id: '8f41bcea-45cb-4fe5-a0e7-0bb705de6dd1',
    vendedorId: '5693695d-1749-4f6a-ad68-bfeb6a3d3efe',
    data: 2025-01-28T00:00:00.000Z,
    docinhosCoco: 1706,
    __v: 0
  },
  {
    _id: new ObjectId('67c9969f90c4d048db4a8fc2'),
    id: 'f3517461-b5dd-4ab1-9deb-dbd5fad5a4fc',
    vendedorId: '5693695d-1749-4f6a-ad68-bfeb6a3d3efe',
    data: 2025-01-13T00:00:00.000Z,
    docinhosCoco: 762,
    __v: 0
  },
  {
    _id: new ObjectId('67c996b590c4d048db4a8fec'),
    id: '145cecbe-c020-4051-9da7-d50dece3284f',
    vendedorId: '5693695d-1749-4f6a-ad68-bfeb6a3d3efe',
    data: 2025-01-04T00:00:00.000Z,
    docinhosCoco: 1896,
    __v: 0
  },
  {
    _id: new ObjectId('67c997e390c4d048db4a904f'),
    id: 'dd86651b-f4b7-4d98-9b14-a19b7717a2b0',
    vendedorId: '5693695d-1749-4f6a-ad68-bfeb6a3d3efe',
    data: 2025-02-03T00:00:00.000Z,
    docinhosCoco: 880,
    __v: 0
  },
  {
    _id: new ObjectId('67d67308411c5e960336722c'),
    id: 'efd65e20-56e7-48ef-8550-7d9901d40c4b',
    vendedorId: '5693695d-1749-4f6a-ad68-bfeb6a3d3efe',
    data: 2025-03-10T06:43:15.110Z,
    docinhosCoco: 92,
    __v: 0
  },
  {
    _id: new ObjectId('67d67308411c5e960336722e'),
    id: 'd840260a-80cc-4efa-b0bf-5b543ad5b78e',
    vendedorId: '5693695d-1749-4f6a-ad68-bfeb6a3d3efe',
    data: 2025-03-05T06:43:15.110Z,
    docinhosCoco: 37,
    __v: 0
  },
  {
    _id: new ObjectId('67d67308411c5e9603367230'),
    id: 'fcecc96f-2392-4ff5-b850-183ed04b1458',
    vendedorId: '5693695d-1749-4f6a-ad68-bfeb6a3d3efe',
    data: 2025-03-05T06:43:15.110Z,
    docinhosCoco: 47,
    __v: 0
  },
  {
    _id: new ObjectId('67d67309411c5e9603367232'),
    id: '3dae4350-631b-41e3-8b8e-69814e8a3d3d',
    vendedorId: '5693695d-1749-4f6a-ad68-bfeb6a3d3efe',
    data: 2025-02-27T06:43:15.110Z,
    docinhosCoco: 58,
    __v: 0
  },
  {
    _id: new ObjectId('67d67309411c5e9603367234'),
    id: 'bf7b609d-69c2-490a-8b9a-8cbeff463e55',
    vendedorId: '5693695d-1749-4f6a-ad68-bfeb6a3d3efe',
    data: 2025-03-04T06:43:15.110Z,
    docinhosCoco: 50,
    __v: 0
  },
  {
    _id: new ObjectId('67d67309411c5e9603367236'),
    id: 'db2fd09b-f2e1-4c5b-8a04-1b33dc8c0f89',
    vendedorId: '5693695d-1749-4f6a-ad68-bfeb6a3d3efe',
    data: 2025-03-05T06:43:15.110Z,
    docinhosCoco: 25,
    __v: 0
  },
  {
    _id: new ObjectId('67d67309411c5e9603367238'),
    id: 'e6c72728-752f-4d41-9175-e1e0b131f35a',
    vendedorId: '5693695d-1749-4f6a-ad68-bfeb6a3d3efe',
    data: 2025-02-20T06:43:15.110Z,
    docinhosCoco: 34,
    __v: 0
  },
  {
    _id: new ObjectId('67d67309411c5e960336723a'),
    id: '24a2deaa-b6a2-4313-afc6-cdc516f23ebd',
    vendedorId: '5693695d-1749-4f6a-ad68-bfeb6a3d3efe',
    data: 2025-03-01T06:43:15.110Z,
    docinhosCoco: 57,
    __v: 0
  },
  {
    _id: new ObjectId('67d67309411c5e960336723c'),
    id: '736054cc-70b4-4f20-bce7-20afa23e3542',
    vendedorId: '5693695d-1749-4f6a-ad68-bfeb6a3d3efe',
    data: 2025-02-17T06:43:15.110Z,
    docinhosCoco: 62,
    __v: 0
  },
  {
    _id: new ObjectId('67d67309411c5e960336723e'),
    id: '0538e932-1847-4d32-b317-9f1e24662393',
    vendedorId: '5693695d-1749-4f6a-ad68-bfeb6a3d3efe',
    data: 2025-03-09T06:43:15.110Z,
    docinhosCoco: 72,
    __v: 0
  },
  {
    _id: new ObjectId('67d67309411c5e9603367240'),
    id: 'd9f230ff-854c-431c-a08b-7853373fb374',
    vendedorId: '5693695d-1749-4f6a-ad68-bfeb6a3d3efe',
    data: 2025-02-23T06:43:15.110Z,
    docinhosCoco: 12,
    __v: 0
  },
  {
    _id: new ObjectId('67d67309411c5e9603367242'),
    id: 'b9159748-7577-4fb0-8f69-720a251b0cee',
    vendedorId: '5693695d-1749-4f6a-ad68-bfeb6a3d3efe',
    data: 2025-02-26T06:43:15.110Z,
    docinhosCoco: 11,
    __v: 0
  },
  {
    _id: new ObjectId('67d6730a411c5e9603367244'),
    id: '68e58283-d2c2-412e-810c-2cee459a7281',
    vendedorId: '5693695d-1749-4f6a-ad68-bfeb6a3d3efe',
    data: 2025-03-01T06:43:15.110Z,
    docinhosCoco: 47,
    __v: 0
  },
  {
    _id: new ObjectId('67d6730a411c5e9603367246'),
    id: '7a70d1c1-99ce-42f6-887d-5a1adf6d74c4',
    vendedorId: '5693695d-1749-4f6a-ad68-bfeb6a3d3efe',
    data: 2025-03-10T06:43:15.110Z,
    docinhosCoco: 79,
    __v: 0
  },
  {
    _id: new ObjectId('67d6730a411c5e9603367248'),
    id: 'ae331486-1fcf-4080-9069-0b94077bb898',
    vendedorId: '5693695d-1749-4f6a-ad68-bfeb6a3d3efe',
    data: 2025-02-22T06:43:15.110Z,
    docinhosCoco: 11,
    __v: 0
  },
  {
    _id: new ObjectId('67d6730a411c5e960336724a'),
    id: '53d13c1f-ed72-4452-9a74-cb14bdf4b64b',
    vendedorId: '5693695d-1749-4f6a-ad68-bfeb6a3d3efe',
    data: 2025-02-15T06:43:15.110Z,
    docinhosCoco: 16,
    __v: 0
  },
  {
    _id: new ObjectId('67d6738d0b7b3d7c35643493'),
    id: '92f33dd0-92a5-4ebd-88c0-08576c508ec0',
    vendedorId: '5693695d-1749-4f6a-ad68-bfeb6a3d3efe',
    data: 2024-09-17T12:07:43.240Z,
    docinhosCoco: 40,
    __v: 0
  },
  {
    _id: new ObjectId('67d6738e0b7b3d7c356434a9'),
    id: '92c742c4-a658-40e9-9768-a01077f6e125',
    vendedorId: '5693695d-1749-4f6a-ad68-bfeb6a3d3efe',
    data: 2024-09-18T07:06:48.592Z,
    docinhosCoco: 34,
    __v: 0
  },
  {
    _id: new ObjectId('67d673920b7b3d7c356434f3'),
    id: 'acafd00c-072a-4688-9149-66a03a924c93',
    vendedorId: '5693695d-1749-4f6a-ad68-bfeb6a3d3efe',
    data: 2024-09-21T01:14:45.191Z,
    docinhosCoco: 39,
    __v: 0
  },
  {
    _id: new ObjectId('67d673960b7b3d7c3564354b'),
    id: '744f9ec3-7c08-458d-9e4e-aed08d787182',
    vendedorId: '5693695d-1749-4f6a-ad68-bfeb6a3d3efe',
    data: 2024-09-23T09:32:32.975Z,
    docinhosCoco: 41,
    __v: 0
  },
  {
    _id: new ObjectId('67d6739a0b7b3d7c3564358b'),
    id: '02f7ecee-d5dc-4761-a79a-8948a606387e',
    vendedorId: '5693695d-1749-4f6a-ad68-bfeb6a3d3efe',
    data: 2024-09-25T02:45:39.344Z,
    docinhosCoco: 37,
    __v: 0
  },
  {
    _id: new ObjectId('67d6739c0b7b3d7c356435b5'),
    id: '6402a3ac-29ee-41a2-9e41-499802b03142',
    vendedorId: '5693695d-1749-4f6a-ad68-bfeb6a3d3efe',
    data: 2024-09-26T15:30:30.673Z,
    docinhosCoco: 54,
    __v: 0
  },
  {
    _id: new ObjectId('67d6739d0b7b3d7c356435cf'),
    id: '7134ca71-26a1-434b-a6df-36f053f83613',
    vendedorId: '5693695d-1749-4f6a-ad68-bfeb6a3d3efe',
    data: 2024-09-27T14:50:25.509Z,
    docinhosCoco: 51,
    __v: 0
  },
  {
    _id: new ObjectId('67d6739e0b7b3d7c356435db'),
    id: '83a14953-9297-4be8-9be1-bf36fbd7d92d',
    vendedorId: '5693695d-1749-4f6a-ad68-bfeb6a3d3efe',
    data: 2024-09-28T02:37:51.604Z,
    docinhosCoco: 40,
    __v: 0
  },
  {
    _id: new ObjectId('67d6739f0b7b3d7c356435f1'),
    id: 'de083d8f-681e-4b25-8db5-864c16ed2e9a',
    vendedorId: '5693695d-1749-4f6a-ad68-bfeb6a3d3efe',
    data: 2024-09-28T17:37:04.533Z,
    docinhosCoco: 45,
    __v: 0
  },
  {
    _id: new ObjectId('67d673a20b7b3d7c35643629'),
    id: '22caccaa-49d6-43d9-8a19-9e69e0d876cf',
    vendedorId: '5693695d-1749-4f6a-ad68-bfeb6a3d3efe',
    data: 2024-10-01T06:14:48.935Z,
    docinhosCoco: 74,
    __v: 0
  },
  {
    _id: new ObjectId('67d673a50b7b3d7c35643667'),
    id: 'b2a1cfc8-393e-49df-9fac-6ce45d409212',
    vendedorId: '5693695d-1749-4f6a-ad68-bfeb6a3d3efe',
    data: 2024-10-03T05:44:04.708Z,
    docinhosCoco: 77,
    __v: 0
  },
  {
    _id: new ObjectId('67d673a60b7b3d7c35643679'),
    id: '82d0c565-30f1-40aa-b45b-8fd59f2d75c9',
    vendedorId: '5693695d-1749-4f6a-ad68-bfeb6a3d3efe',
    data: 2024-10-04T06:18:58.612Z,
    docinhosCoco: 72,
    __v: 0
  },
  {
    _id: new ObjectId('67d673a90b7b3d7c356436b1'),
    id: '1e61ef23-9dd1-47c5-bf4f-75f816a53c29',
    vendedorId: '5693695d-1749-4f6a-ad68-bfeb6a3d3efe',
    data: 2024-10-06T04:11:20.602Z,
    docinhosCoco: 57,
    __v: 0
  },
  {
    _id: new ObjectId('67d673aa0b7b3d7c356436cd'),
    id: 'b499fbb1-3a9d-4c72-8ee1-8e56e9181dbc',
    vendedorId: '5693695d-1749-4f6a-ad68-bfeb6a3d3efe',
    data: 2024-10-06T18:10:20.032Z,
    docinhosCoco: 91,
    __v: 0
  },
  {
    _id: new ObjectId('67d673af0b7b3d7c3564372f'),
    id: '9e5d53ab-f4d4-4bc1-a75f-b5e651613819',
    vendedorId: '5693695d-1749-4f6a-ad68-bfeb6a3d3efe',
    data: 2024-10-10T12:02:21.185Z,
    docinhosCoco: 37,
    __v: 0
  },
  {
    _id: new ObjectId('67d673b00b7b3d7c35643745'),
    id: '734cd69f-37e8-4d1f-b0d7-f9a1c1a7668c',
    vendedorId: '5693695d-1749-4f6a-ad68-bfeb6a3d3efe',
    data: 2024-10-11T08:33:56.358Z,
    docinhosCoco: 56,
    __v: 0
  },
  {
    _id: new ObjectId('67d673b10b7b3d7c3564374f'),
    id: 'bc1c8664-f5f1-4dd8-8325-d348c75fb3fb',
    vendedorId: '5693695d-1749-4f6a-ad68-bfeb6a3d3efe',
    data: 2024-10-11T15:54:45.973Z,
    docinhosCoco: 42,
    __v: 0
  },
  {
    _id: new ObjectId('67d673b20b7b3d7c3564375f'),
    id: '1114d2b5-6353-4b65-9a75-f926efdd4ee6',
    vendedorId: '5693695d-1749-4f6a-ad68-bfeb6a3d3efe',
    data: 2024-10-12T00:33:03.933Z,
    docinhosCoco: 55,
    __v: 0
  },
  {
    _id: new ObjectId('67d673be0b7b3d7c35643857'),
    id: '6bb52fda-eb5d-4ab9-963d-02f3206e4d26',
    vendedorId: '5693695d-1749-4f6a-ad68-bfeb6a3d3efe',
    data: 2024-10-20T04:36:53.659Z,
    docinhosCoco: 44,
    __v: 0
  },
  {
    _id: new ObjectId('67d673c20b7b3d7c356438a7'),
    id: '78b4f706-036c-4365-a850-b90512530f13',
    vendedorId: '5693695d-1749-4f6a-ad68-bfeb6a3d3efe',
    data: 2024-10-22T23:17:20.452Z,
    docinhosCoco: 38,
    __v: 0
  },
  {
    _id: new ObjectId('67d673c30b7b3d7c356438b1'),
    id: '5e5c902b-09ad-4667-9652-0b65bc18ebfb',
    vendedorId: '5693695d-1749-4f6a-ad68-bfeb6a3d3efe',
    data: 2024-10-23T04:25:12.146Z,
    docinhosCoco: 44,
    __v: 0
  },
  {
    _id: new ObjectId('67d673c40b7b3d7c356438cb'),
    id: '2dface22-47ec-4246-9d67-8d4b14b802fd',
    vendedorId: '5693695d-1749-4f6a-ad68-bfeb6a3d3efe',
    data: 2024-10-24T02:57:04.798Z,
    docinhosCoco: 35,
    __v: 0
  },
  {
    _id: new ObjectId('67d673c50b7b3d7c356438d3'),
    id: '6b8bd430-9c46-4f08-9429-9a6eaf5df2b8',
    vendedorId: '5693695d-1749-4f6a-ad68-bfeb6a3d3efe',
    data: 2024-10-24T09:03:47.328Z,
    docinhosCoco: 31,
    __v: 0
  },
  {
    _id: new ObjectId('67d673c80b7b3d7c3564391b'),
    id: 'daa53754-43f9-4be2-ae36-065ce34408e5',
    vendedorId: '5693695d-1749-4f6a-ad68-bfeb6a3d3efe',
    data: 2024-10-26T15:46:38.156Z,
    docinhosCoco: 59,
    __v: 0
  },
  {
    _id: new ObjectId('67d673c80b7b3d7c3564391d'),
    id: 'b249900f-e5fa-4578-8749-28babe650d32',
    vendedorId: '5693695d-1749-4f6a-ad68-bfeb6a3d3efe',
    data: 2024-10-26T19:26:38.308Z,
    docinhosCoco: 78,
    __v: 0
  },
  {
    _id: new ObjectId('67d673ca0b7b3d7c35643937'),
    id: 'cfdfd599-fc1f-4c10-a6af-63f5d944279d',
    vendedorId: '5693695d-1749-4f6a-ad68-bfeb6a3d3efe',
    data: 2024-10-27T12:22:30.818Z,
    docinhosCoco: 79,
    __v: 0
  },
  {
    _id: new ObjectId('67d673cc0b7b3d7c35643967'),
    id: 'eb1a546b-51c1-4ce3-9bdc-92ec18fbfdc5',
    vendedorId: '5693695d-1749-4f6a-ad68-bfeb6a3d3efe',
    data: 2024-10-29T13:59:00.586Z,
    docinhosCoco: 56,
    __v: 0
  },
  {
    _id: new ObjectId('67d673d10b7b3d7c356439c7'),
    id: '02054a57-d23a-457f-8d43-aa900e8926b8',
    vendedorId: '5693695d-1749-4f6a-ad68-bfeb6a3d3efe',
    data: 2024-11-02T01:43:27.233Z,
    docinhosCoco: 45,
    __v: 0
  },
  {
    _id: new ObjectId('67d673d30b7b3d7c356439e7'),
    id: '5d417b6c-0b9e-4f05-ab93-b0b36b81d926',
    vendedorId: '5693695d-1749-4f6a-ad68-bfeb6a3d3efe',
    data: 2024-11-03T03:12:45.745Z,
    docinhosCoco: 87,
    __v: 0
  },
  {
    _id: new ObjectId('67d673d60b7b3d7c35643a25'),
    id: '52dd8a71-e5fa-4c15-9746-208dd82f9571',
    vendedorId: '5693695d-1749-4f6a-ad68-bfeb6a3d3efe',
    data: 2024-11-04T21:25:18.507Z,
    docinhosCoco: 49,
    __v: 0
  },
  {
    _id: new ObjectId('67d673d60b7b3d7c35643a27'),
    id: 'f4205926-32d0-42c6-a44b-f36802a543ed',
    vendedorId: '5693695d-1749-4f6a-ad68-bfeb6a3d3efe',
    data: 2024-11-04T22:01:25.394Z,
    docinhosCoco: 62,
    __v: 0
  },
  {
    _id: new ObjectId('67d673d70b7b3d7c35643a39'),
    id: '724aa067-4316-4bdd-9822-fa91f5cd1d8a',
    vendedorId: '5693695d-1749-4f6a-ad68-bfeb6a3d3efe',
    data: 2024-11-05T09:26:19.039Z,
    docinhosCoco: 80,
    __v: 0
  },
  {
    _id: new ObjectId('67d673d90b7b3d7c35643a5f'),
    id: '21b82754-4ceb-4765-ad5c-c8289f5e9916',
    vendedorId: '5693695d-1749-4f6a-ad68-bfeb6a3d3efe',
    data: 2024-11-06T05:57:38.120Z,
    docinhosCoco: 71,
    __v: 0
  },
  {
    _id: new ObjectId('67d673db0b7b3d7c35643a87'),
    id: '2ab0d70d-72b6-407c-b979-38b8c38d7779',
    vendedorId: '5693695d-1749-4f6a-ad68-bfeb6a3d3efe',
    data: 2024-11-06T23:47:10.472Z,
    docinhosCoco: 43,
    __v: 0
  },
  {
    _id: new ObjectId('67d673de0b7b3d7c35643ac9'),
    id: '1c77cf93-b15a-4d3e-afd0-9f77468b6978',
    vendedorId: '5693695d-1749-4f6a-ad68-bfeb6a3d3efe',
    data: 2024-11-09T07:53:42.151Z,
    docinhosCoco: 84,
    __v: 0
  },
  {
    _id: new ObjectId('67d673e10b7b3d7c35643afb'),
    id: 'ab7e3033-00ba-4920-856c-591927ccb3b1',
    vendedorId: '5693695d-1749-4f6a-ad68-bfeb6a3d3efe',
    data: 2024-11-10T19:00:27.262Z,
    docinhosCoco: 57,
    __v: 0
  },
  {
    _id: new ObjectId('67d673e30b7b3d7c35643b23'),
    id: '51d80838-7a96-4220-a4fc-51fce32c3341',
    vendedorId: '5693695d-1749-4f6a-ad68-bfeb6a3d3efe',
    data: 2024-11-11T22:50:03.474Z,
    docinhosCoco: 75,
    __v: 0
  },
  {
    _id: new ObjectId('67d673e80b7b3d7c35643b81'),
    id: 'ae004595-52b1-4ae2-9f0c-522820a4d378',
    vendedorId: '5693695d-1749-4f6a-ad68-bfeb6a3d3efe',
    data: 2024-11-15T05:18:15.104Z,
    docinhosCoco: 77,
    __v: 0
  },
  {
    _id: new ObjectId('67d673ea0b7b3d7c35643bb3'),
    id: 'a8fb1294-0b80-44d6-a9f6-c0c089701456',
    vendedorId: '5693695d-1749-4f6a-ad68-bfeb6a3d3efe',
    data: 2024-11-16T14:26:35.050Z,
    docinhosCoco: 44,
    __v: 0
  },
  {
    _id: new ObjectId('67d673ee0b7b3d7c35643bf5'),
    id: 'b4a5a0b7-1dcf-4c3d-beb6-c959944dc45c',
    vendedorId: '5693695d-1749-4f6a-ad68-bfeb6a3d3efe',
    data: 2024-11-18T12:14:17.793Z,
    docinhosCoco: 32,
    __v: 0
  },
  {
    _id: new ObjectId('67d673f00b7b3d7c35643c2f'),
    id: '0e0bdd3c-8b08-4d4d-ac6d-26ba1a43691e',
    vendedorId: '5693695d-1749-4f6a-ad68-bfeb6a3d3efe',
    data: 2024-11-20T18:30:27.045Z,
    docinhosCoco: 44,
    __v: 0
  },
  {
    _id: new ObjectId('67d673f20b7b3d7c35643c47'),
    id: 'f88b6c4b-df25-4b0f-b820-c405506512b1',
    vendedorId: '5693695d-1749-4f6a-ad68-bfeb6a3d3efe',
    data: 2024-11-21T11:42:10.175Z,
    docinhosCoco: 63,
    __v: 0
  },
  {
    _id: new ObjectId('67d673f40b7b3d7c35643c77'),
    id: '44fd9570-eaa7-4fbc-acbc-1492cfa938d8',
    vendedorId: '5693695d-1749-4f6a-ad68-bfeb6a3d3efe',
    data: 2024-11-22T19:28:58.784Z,
    docinhosCoco: 55,
    __v: 0
  },
  {
    _id: new ObjectId('67d673f60b7b3d7c35643c93'),
    id: '2752d879-4196-4fb8-9e99-222fdfcb84a5',
    vendedorId: '5693695d-1749-4f6a-ad68-bfeb6a3d3efe',
    data: 2024-11-23T11:26:25.480Z,
    docinhosCoco: 76,
    __v: 0
  },
  {
    _id: new ObjectId('67d673f80b7b3d7c35643ccb'),
    id: '9790a6a7-0029-4f7a-98f8-e1e1283829bd',
    vendedorId: '5693695d-1749-4f6a-ad68-bfeb6a3d3efe',
    data: 2024-11-25T02:06:09.654Z,
    docinhosCoco: 61,
    __v: 0
  },
  {
    _id: new ObjectId('67d673f90b7b3d7c35643cd1'),
    id: '259c59ca-75e8-45bb-a2f7-0711c28d6986',
    vendedorId: '5693695d-1749-4f6a-ad68-bfeb6a3d3efe',
    data: 2024-11-25T07:39:04.792Z,
    docinhosCoco: 38,
    __v: 0
  },
  {
    _id: new ObjectId('67d673fa0b7b3d7c35643ce1'),
    id: '8dfa8219-6984-4555-b950-5962f9fa7c06',
    vendedorId: '5693695d-1749-4f6a-ad68-bfeb6a3d3efe',
    data: 2024-11-25T17:05:34.440Z,
    docinhosCoco: 59,
    __v: 0
  },
  {
    _id: new ObjectId('67d673fa0b7b3d7c35643ce5'),
    id: '0d22d046-bb16-45ec-9c1b-39244bea0b1d',
    vendedorId: '5693695d-1749-4f6a-ad68-bfeb6a3d3efe',
    data: 2024-11-25T19:12:42.574Z,
    docinhosCoco: 49,
    __v: 0
  },
  {
    _id: new ObjectId('67d673fb0b7b3d7c35643d05'),
    id: '33a6b93f-d580-4e01-a6e5-da99017d955a',
    vendedorId: '5693695d-1749-4f6a-ad68-bfeb6a3d3efe',
    data: 2024-11-26T23:42:53.034Z,
    docinhosCoco: 39,
    __v: 0
  },
  {
    _id: new ObjectId('67d673ff0b7b3d7c35643d45'),
    id: 'b8f1a42c-1cc7-4ac7-8a02-40b3c33ae76d',
    vendedorId: '5693695d-1749-4f6a-ad68-bfeb6a3d3efe',
    data: 2024-11-29T01:34:51.459Z,
    docinhosCoco: 74,
    __v: 0
  },
  {
    _id: new ObjectId('67d673ff0b7b3d7c35643d49'),
    id: '666e473e-e3bd-4fca-b41a-75ecdb9b448c',
    vendedorId: '5693695d-1749-4f6a-ad68-bfeb6a3d3efe',
    data: 2024-11-29T05:54:46.585Z,
    docinhosCoco: 76,
    __v: 0
  },
  {
    _id: new ObjectId('67d674030b7b3d7c35643d95'),
    id: '5fe70113-a295-432f-899d-3bddabc97485',
    vendedorId: '5693695d-1749-4f6a-ad68-bfeb6a3d3efe',
    data: 2024-12-01T03:12:44.995Z,
    docinhosCoco: 52,
    __v: 0
  },
  {
    _id: new ObjectId('67d674060b7b3d7c35643ddf'),
    id: '9b51fec9-563f-411a-b96f-2d0719981693',
    vendedorId: '5693695d-1749-4f6a-ad68-bfeb6a3d3efe',
    data: 2024-12-03T14:41:06.126Z,
    docinhosCoco: 66,
    __v: 0
  },
  {
    _id: new ObjectId('67d674090b7b3d7c35643e17'),
    id: '53488ad0-3182-403c-868c-f2751eff9996',
    vendedorId: '5693695d-1749-4f6a-ad68-bfeb6a3d3efe',
    data: 2024-12-05T14:26:11.290Z,
    docinhosCoco: 74,
    __v: 0
  },
  {
    _id: new ObjectId('67d6740b0b7b3d7c35643e31'),
    id: '2680d474-f512-4120-9da3-748e46270f9e',
    vendedorId: '5693695d-1749-4f6a-ad68-bfeb6a3d3efe',
    data: 2024-12-06T17:05:12.148Z,
    docinhosCoco: 43,
    __v: 0
  },
  {
    _id: new ObjectId('67d6740e0b7b3d7c35643e6b'),
    id: '9360b4a7-e87f-4d7d-8657-b40605b56aa0',
    vendedorId: '5693695d-1749-4f6a-ad68-bfeb6a3d3efe',
    data: 2024-12-08T05:34:08.466Z,
    docinhosCoco: 100,
    __v: 0
  },
  {
    _id: new ObjectId('67d6740e0b7b3d7c35643e6d'),
    id: '9408e96b-877a-445f-95a3-b14367362cd9',
    vendedorId: '5693695d-1749-4f6a-ad68-bfeb6a3d3efe',
    data: 2024-12-08T05:50:35.419Z,
    docinhosCoco: 60,
    __v: 0
  },
  {
    _id: new ObjectId('67d6741a0b7b3d7c35643f61'),
    id: '9d9d8eee-abd8-4341-8c7d-f8ff0ed6f201',
    vendedorId: '5693695d-1749-4f6a-ad68-bfeb6a3d3efe',
    data: 2024-12-15T21:38:25.333Z,
    docinhosCoco: 112,
    __v: 0
  },
  {
    _id: new ObjectId('67d6741e0b7b3d7c35643fb5'),
    id: 'b8ca7f2b-b820-408c-8b53-2b9ed33d2bbb',
    vendedorId: '5693695d-1749-4f6a-ad68-bfeb6a3d3efe',
    data: 2024-12-18T18:20:55.270Z,
    docinhosCoco: 57,
    __v: 0
  },
  {
    _id: new ObjectId('67d674220b7b3d7c35643fff'),
    id: '9730143f-e340-4429-a923-aca448c0bd20',
    vendedorId: '5693695d-1749-4f6a-ad68-bfeb6a3d3efe',
    data: 2024-12-21T06:37:32.948Z,
    docinhosCoco: 62,
    __v: 0
  },
  {
    _id: new ObjectId('67d674290b7b3d7c35644089'),
    id: '20499087-cf0b-4d9f-9fa2-217c89c9552e',
    vendedorId: '5693695d-1749-4f6a-ad68-bfeb6a3d3efe',
    data: 2024-12-25T09:14:32.575Z,
    docinhosCoco: 52,
    __v: 0
  },
  {
    _id: new ObjectId('67d6742a0b7b3d7c35644097'),
    id: 'e5c038fd-62c6-44ca-94bf-b9bc23617887',
    vendedorId: '5693695d-1749-4f6a-ad68-bfeb6a3d3efe',
    data: 2024-12-26T04:53:09.486Z,
    docinhosCoco: 62,
    __v: 0
  },
  {
    _id: new ObjectId('67d6742f0b7b3d7c35644107'),
    id: 'd796031e-f1f6-40b7-a2f6-dffddd5cb3a4',
    vendedorId: '5693695d-1749-4f6a-ad68-bfeb6a3d3efe',
    data: 2024-12-29T13:06:48.534Z,
    docinhosCoco: 77,
    __v: 0
  },
  {
    _id: new ObjectId('67d674310b7b3d7c35644121'),
    id: 'cd73c96e-c615-4010-bd0c-bdb472e7e13f',
    vendedorId: '5693695d-1749-4f6a-ad68-bfeb6a3d3efe',
    data: 2024-12-30T07:35:02.070Z,
    docinhosCoco: 62,
    __v: 0
  },
  {
    _id: new ObjectId('67d674340b7b3d7c35644159'),
    id: 'b5a243c3-fa33-48fa-a512-2697e29f751e',
    vendedorId: '5693695d-1749-4f6a-ad68-bfeb6a3d3efe',
    data: 2024-12-31T21:51:14.225Z,
    docinhosCoco: 73,
    __v: 0
  },
  {
    _id: new ObjectId('67d674350b7b3d7c3564416d'),
    id: 'a34fed26-d0ca-4bb0-8464-91074c46bdec',
    vendedorId: '5693695d-1749-4f6a-ad68-bfeb6a3d3efe',
    data: 2025-01-01T09:40:52.565Z,
    docinhosCoco: 63,
    __v: 0
  },
  {
    _id: new ObjectId('67d674370b7b3d7c35644193'),
    id: '2bff4e7f-cdac-4869-9aeb-a5ff3b876419',
    vendedorId: '5693695d-1749-4f6a-ad68-bfeb6a3d3efe',
    data: 2025-01-02T14:22:04.740Z,
    docinhosCoco: 67,
    __v: 0
  },
  {
    _id: new ObjectId('67d6743b0b7b3d7c356441e7'),
    id: 'adb73841-8de4-4108-869a-8250db5b9c45',
    vendedorId: '5693695d-1749-4f6a-ad68-bfeb6a3d3efe',
    data: 2025-01-05T10:58:10.302Z,
    docinhosCoco: 85,
    __v: 0
  },
  {
    _id: new ObjectId('67d6743f0b7b3d7c35644231'),
    id: '731ac1ee-ae8b-4f3e-9db5-1c9eecb8b0b7',
    vendedorId: '5693695d-1749-4f6a-ad68-bfeb6a3d3efe',
    data: 2025-01-08T08:10:24.433Z,
    docinhosCoco: 43,
    __v: 0
  },
  {
    _id: new ObjectId('67d674400b7b3d7c35644249'),
    id: '040d7c47-f7e5-4a34-a6c6-de00ecdea4b2',
    vendedorId: '5693695d-1749-4f6a-ad68-bfeb6a3d3efe',
    data: 2025-01-09T02:13:34.931Z,
    docinhosCoco: 74,
    __v: 0
  },
  {
    _id: new ObjectId('67d674400b7b3d7c35644253'),
    id: '864bdeb3-8a9c-48d4-9580-95113e0e19bf',
    vendedorId: '5693695d-1749-4f6a-ad68-bfeb6a3d3efe',
    data: 2025-01-09T05:31:07.123Z,
    docinhosCoco: 71,
    __v: 0
  },
  {
    _id: new ObjectId('67d674420b7b3d7c35644273'),
    id: 'e1c73a7b-0887-4172-b5e9-db8569a6657c',
    vendedorId: '5693695d-1749-4f6a-ad68-bfeb6a3d3efe',
    data: 2025-01-10T02:24:38.085Z,
    docinhosCoco: 71,
    __v: 0
  },
  {
    _id: new ObjectId('67d674430b7b3d7c35644287'),
    id: '19fbd983-e08d-48ce-bfb5-66fde5bf1668',
    vendedorId: '5693695d-1749-4f6a-ad68-bfeb6a3d3efe',
    data: 2025-01-10T20:52:33.253Z,
    docinhosCoco: 51,
    __v: 0
  },
  {
    _id: new ObjectId('67d674450b7b3d7c356442a7'),
    id: '4c781674-6bdf-4950-be0e-000094b8ae56',
    vendedorId: '5693695d-1749-4f6a-ad68-bfeb6a3d3efe',
    data: 2025-01-12T01:35:21.789Z,
    docinhosCoco: 58,
    __v: 0
  },
  {
    _id: new ObjectId('67d674450b7b3d7c356442b9'),
    id: '73d61bce-9264-40e5-9b39-7f6a26312fd1',
    vendedorId: '5693695d-1749-4f6a-ad68-bfeb6a3d3efe',
    data: 2025-01-12T20:01:34.306Z,
    docinhosCoco: 66,
    __v: 0
  },
  {
    _id: new ObjectId('67d674460b7b3d7c356442cb'),
    id: '1d6a72d9-1444-4530-82d0-939909406270',
    vendedorId: '5693695d-1749-4f6a-ad68-bfeb6a3d3efe',
    data: 2025-01-13T09:36:57.706Z,
    docinhosCoco: 55,
    __v: 0
  },
  {
    _id: new ObjectId('67d674480b7b3d7c356442e5'),
    id: 'b1bae41f-4b16-4eee-a17a-f5c5068beaeb',
    vendedorId: '5693695d-1749-4f6a-ad68-bfeb6a3d3efe',
    data: 2025-01-14T10:47:11.627Z,
    docinhosCoco: 45,
    __v: 0
  },
  {
    _id: new ObjectId('67d6744d0b7b3d7c3564434d'),
    id: 'b589d8b6-594b-4213-9ad8-3aa1447f58bb',
    vendedorId: '5693695d-1749-4f6a-ad68-bfeb6a3d3efe',
    data: 2025-01-18T02:21:29.843Z,
    docinhosCoco: 43,
    __v: 0
  },
  {
    _id: new ObjectId('67d6744e0b7b3d7c3564435b'),
    id: '2e954a2d-8994-4508-b29f-53219029665c',
    vendedorId: '5693695d-1749-4f6a-ad68-bfeb6a3d3efe',
    data: 2025-01-18T10:37:00.818Z,
    docinhosCoco: 79,
    __v: 0
  },
  {
    _id: new ObjectId('67d6744f0b7b3d7c3564436f'),
    id: '5585f479-0c28-42e4-aabc-f273f6c2bf42',
    vendedorId: '5693695d-1749-4f6a-ad68-bfeb6a3d3efe',
    data: 2025-01-19T01:07:02.400Z,
    docinhosCoco: 96,
    __v: 0
  },
  ... 35 more items
]
✅ Processado vendedor: Bruno Oliveira
Debug - Repository - Query params: {
  vendedorId: '08de387d-6b39-48ec-bdb9-b873eba130a8',
  dataInicio: 2024-09-17T03:00:00.000Z,
  dataFim: 2025-03-18T02:59:59.999Z
}
Debug - Repository - MongoDB query: {
  vendedorId: '08de387d-6b39-48ec-bdb9-b873eba130a8',
  data: { '$gte': 1726542000000, '$lte': 1742266799999 }
}
Debug - Repository - Resultado encontrado: [
  {
    _id: new ObjectId('67c9968490c4d048db4a8f7e'),
    id: '4992c549-d9e3-47fb-8efe-27f91bf41e72',
    vendedorId: '08de387d-6b39-48ec-bdb9-b873eba130a8',
    data: 2025-01-09T00:00:00.000Z,
    docinhosCoco: 1116,
    __v: 0
  },
  {
    _id: new ObjectId('67c9969c90c4d048db4a8fb2'),
    id: 'ef7b4dc8-f073-447b-acb4-87fb60b7329b',
    vendedorId: '08de387d-6b39-48ec-bdb9-b873eba130a8',
    data: 2025-01-05T00:00:00.000Z,
    docinhosCoco: 1012,
    __v: 0
  },
  {
    _id: new ObjectId('67c996bb90c4d048db4a900a'),
    id: 'd0fc106c-3a8b-43bb-a94d-be478bb220cf',
    vendedorId: '08de387d-6b39-48ec-bdb9-b873eba130a8',
    data: 2025-01-19T00:00:00.000Z,
    docinhosCoco: 1139,
    __v: 0
  },
  {
    _id: new ObjectId('67c997ef90c4d048db4a9083'),
    id: '28ea70ee-0cf6-4603-bf3e-958912f5f5f5',
    vendedorId: '08de387d-6b39-48ec-bdb9-b873eba130a8',
    data: 2025-03-01T00:00:00.000Z,
    docinhosCoco: 1604,
    __v: 0
  },
  {
    _id: new ObjectId('67c9980b90c4d048db4a90b7'),
    id: '116a0b0d-f0d7-4823-977c-15bb84ad7c73',
    vendedorId: '08de387d-6b39-48ec-bdb9-b873eba130a8',
    data: 2025-02-25T00:00:00.000Z,
    docinhosCoco: 637,
    __v: 0
  },
  {
    _id: new ObjectId('67d6730a411c5e960336724c'),
    id: '7b41f054-6da3-4f91-9bd9-3ec6c33f6d8a',
    vendedorId: '08de387d-6b39-48ec-bdb9-b873eba130a8',
    data: 2025-02-22T06:43:15.110Z,
    docinhosCoco: 16,
    __v: 0
  },
  {
    _id: new ObjectId('67d6730a411c5e960336724e'),
    id: '3998574b-1d7f-4eaa-9588-b54bb40d0419',
    vendedorId: '08de387d-6b39-48ec-bdb9-b873eba130a8',
    data: 2025-02-15T06:43:15.110Z,
    docinhosCoco: 65,
    __v: 0
  },
  {
    _id: new ObjectId('67d6730a411c5e9603367250'),
    id: 'c4635bc1-f332-40b0-bdb2-8cf406cb9f5d',
    vendedorId: '08de387d-6b39-48ec-bdb9-b873eba130a8',
    data: 2025-02-21T06:43:15.110Z,
    docinhosCoco: 86,
    __v: 0
  },
  {
    _id: new ObjectId('67d6730a411c5e9603367252'),
    id: '5117ffc2-30ed-426a-b156-56534881dfdd',
    vendedorId: '08de387d-6b39-48ec-bdb9-b873eba130a8',
    data: 2025-03-09T06:43:15.110Z,
    docinhosCoco: 91,
    __v: 0
  },
  {
    _id: new ObjectId('67d6730a411c5e9603367254'),
    id: '68281bfc-8e2b-4c5e-963b-42978adecd1d',
    vendedorId: '08de387d-6b39-48ec-bdb9-b873eba130a8',
    data: 2025-02-20T06:43:15.110Z,
    docinhosCoco: 15,
    __v: 0
  },
  {
    _id: new ObjectId('67d6730a411c5e9603367256'),
    id: '0111c840-a5aa-474a-8a6f-5d364d4a51e0',
    vendedorId: '08de387d-6b39-48ec-bdb9-b873eba130a8',
    data: 2025-02-24T06:43:15.110Z,
    docinhosCoco: 26,
    __v: 0
  },
  {
    _id: new ObjectId('67d6730b411c5e9603367258'),
    id: 'db00fdb2-2f6d-4403-ac60-588ef4536ed0',
    vendedorId: '08de387d-6b39-48ec-bdb9-b873eba130a8',
    data: 2025-03-14T06:43:15.110Z,
    docinhosCoco: 16,
    __v: 0
  },
  {
    _id: new ObjectId('67d6730b411c5e960336725a'),
    id: '29fd2c09-2739-413f-acfd-d8fc10ba6e17',
    vendedorId: '08de387d-6b39-48ec-bdb9-b873eba130a8',
    data: 2025-02-26T06:43:15.110Z,
    docinhosCoco: 82,
    __v: 0
  },
  {
    _id: new ObjectId('67d6730b411c5e960336725c'),
    id: '85e6fae0-d921-45c2-be9e-78454d00037d',
    vendedorId: '08de387d-6b39-48ec-bdb9-b873eba130a8',
    data: 2025-02-22T06:43:15.110Z,
    docinhosCoco: 28,
    __v: 0
  },
  {
    _id: new ObjectId('67d6730b411c5e960336725e'),
    id: '4273e658-e85f-4dbf-b23a-01c207c1e312',
    vendedorId: '08de387d-6b39-48ec-bdb9-b873eba130a8',
    data: 2025-03-05T06:43:15.110Z,
    docinhosCoco: 37,
    __v: 0
  },
  {
    _id: new ObjectId('67d6730b411c5e9603367260'),
    id: 'f7e9dbb4-c7ad-42a5-a511-b93e975be337',
    vendedorId: '08de387d-6b39-48ec-bdb9-b873eba130a8',
    data: 2025-03-07T06:43:15.110Z,
    docinhosCoco: 68,
    __v: 0
  },
  {
    _id: new ObjectId('67d6730b411c5e9603367262'),
    id: 'ce42227c-5fa8-4c0a-9623-2f31e09b3026',
    vendedorId: '08de387d-6b39-48ec-bdb9-b873eba130a8',
    data: 2025-02-23T06:43:15.110Z,
    docinhosCoco: 18,
    __v: 0
  },
  {
    _id: new ObjectId('67d6730b411c5e9603367264'),
    id: '4baa9ff8-2513-44b8-8b46-abdf23240fee',
    vendedorId: '08de387d-6b39-48ec-bdb9-b873eba130a8',
    data: 2025-02-24T06:43:15.110Z,
    docinhosCoco: 44,
    __v: 0
  },
  {
    _id: new ObjectId('67d6730b411c5e9603367266'),
    id: '3c9d6110-706a-48ed-bf5f-7ab5435923b3',
    vendedorId: '08de387d-6b39-48ec-bdb9-b873eba130a8',
    data: 2025-02-22T06:43:15.110Z,
    docinhosCoco: 42,
    __v: 0
  },
  {
    _id: new ObjectId('67d6730b411c5e9603367268'),
    id: '429194c1-04c9-45c3-bb9e-8fbd69fd0f59',
    vendedorId: '08de387d-6b39-48ec-bdb9-b873eba130a8',
    data: 2025-02-24T06:43:15.110Z,
    docinhosCoco: 47,
    __v: 0
  },
  {
    _id: new ObjectId('67d6730b411c5e960336726a'),
    id: 'd5649fb9-bfad-4ef8-9748-ac301734537c',
    vendedorId: '08de387d-6b39-48ec-bdb9-b873eba130a8',
    data: 2025-02-20T06:43:15.110Z,
    docinhosCoco: 13,
    __v: 0
  },
  {
    _id: new ObjectId('67d6730c411c5e960336726c'),
    id: 'f6c40dd4-b7f3-4db9-9738-e71f9a39f401',
    vendedorId: '08de387d-6b39-48ec-bdb9-b873eba130a8',
    data: 2025-03-09T06:43:15.110Z,
    docinhosCoco: 99,
    __v: 0
  },
  {
    _id: new ObjectId('67d6738d0b7b3d7c3564348f'),
    id: '604600a1-e408-4b76-99e3-08b7e29081b8',
    vendedorId: '08de387d-6b39-48ec-bdb9-b873eba130a8',
    data: 2024-09-17T08:41:21.253Z,
    docinhosCoco: 78,
    __v: 0
  },
  {
    _id: new ObjectId('67d673910b7b3d7c356434dd'),
    id: '8b657808-381e-480a-85ae-1e271e929451',
    vendedorId: '08de387d-6b39-48ec-bdb9-b873eba130a8',
    data: 2024-09-19T20:21:17.663Z,
    docinhosCoco: 61,
    __v: 0
  },
  {
    _id: new ObjectId('67d673920b7b3d7c356434f9'),
    id: '4e135241-bcea-4aa2-8e18-b4ca0cd60f96',
    vendedorId: '08de387d-6b39-48ec-bdb9-b873eba130a8',
    data: 2024-09-21T03:26:12.317Z,
    docinhosCoco: 92,
    __v: 0
  },
  {
    _id: new ObjectId('67d673a30b7b3d7c3564363b'),
    id: '43591757-eb13-4d6f-b1f4-3dd162148531',
    vendedorId: '08de387d-6b39-48ec-bdb9-b873eba130a8',
    data: 2024-10-02T00:52:39.556Z,
    docinhosCoco: 70,
    __v: 0
  },
  {
    _id: new ObjectId('67d673a80b7b3d7c3564369b'),
    id: 'd1a5c6dc-c69b-49b5-a204-ffef80f3b976',
    vendedorId: '08de387d-6b39-48ec-bdb9-b873eba130a8',
    data: 2024-10-05T17:56:57.816Z,
    docinhosCoco: 85,
    __v: 0
  },
  {
    _id: new ObjectId('67d673ae0b7b3d7c35643715'),
    id: 'fabfd819-31ee-450f-a407-e5a7a041b34e',
    vendedorId: '08de387d-6b39-48ec-bdb9-b873eba130a8',
    data: 2024-10-09T23:48:08.948Z,
    docinhosCoco: 65,
    __v: 0
  },
  {
    _id: new ObjectId('67d673b00b7b3d7c35643743'),
    id: '019df6b2-8655-4af9-93c8-8e153a63f53d',
    vendedorId: '08de387d-6b39-48ec-bdb9-b873eba130a8',
    data: 2024-10-11T07:20:07.268Z,
    docinhosCoco: 36,
    __v: 0
  },
  {
    _id: new ObjectId('67d673b40b7b3d7c35643791'),
    id: '75e4ca8d-47f7-41ae-a9b4-b94ebe4fd60b',
    vendedorId: '08de387d-6b39-48ec-bdb9-b873eba130a8',
    data: 2024-10-14T01:20:42.306Z,
    docinhosCoco: 102,
    __v: 0
  },
  {
    _id: new ObjectId('67d673b50b7b3d7c3564379b'),
    id: '2633582a-2627-4359-8b00-2eac4fff7ce2',
    vendedorId: '08de387d-6b39-48ec-bdb9-b873eba130a8',
    data: 2024-10-14T09:16:12.461Z,
    docinhosCoco: 66,
    __v: 0
  },
  {
    _id: new ObjectId('67d673b80b7b3d7c356437d7'),
    id: '7b65f7cb-a5c3-4290-af2d-0df88aea01cf',
    vendedorId: '08de387d-6b39-48ec-bdb9-b873eba130a8',
    data: 2024-10-16T14:46:58.136Z,
    docinhosCoco: 67,
    __v: 0
  },
  {
    _id: new ObjectId('67d673ba0b7b3d7c35643807'),
    id: 'bb0bace5-fcf8-41a5-8050-564b14b7979a',
    vendedorId: '08de387d-6b39-48ec-bdb9-b873eba130a8',
    data: 2024-10-17T22:19:31.171Z,
    docinhosCoco: 80,
    __v: 0
  },
  {
    _id: new ObjectId('67d673bc0b7b3d7c35643831'),
    id: '9ac733a9-c39f-4456-9fe9-e57730f50a08',
    vendedorId: '08de387d-6b39-48ec-bdb9-b873eba130a8',
    data: 2024-10-19T04:49:46.832Z,
    docinhosCoco: 66,
    __v: 0
  },
  {
    _id: new ObjectId('67d673c20b7b3d7c35643897'),
    id: 'f1a709fe-ac39-49f1-b370-38db8d92b9ac',
    vendedorId: '08de387d-6b39-48ec-bdb9-b873eba130a8',
    data: 2024-10-22T11:08:50.853Z,
    docinhosCoco: 33,
    __v: 0
  },
  {
    _id: new ObjectId('67d673c30b7b3d7c356438b5'),
    id: '23c9b8f7-2ee0-4356-a258-4ffb89ab66fd',
    vendedorId: '08de387d-6b39-48ec-bdb9-b873eba130a8',
    data: 2024-10-23T07:40:11.044Z,
    docinhosCoco: 36,
    __v: 0
  },
  {
    _id: new ObjectId('67d673c70b7b3d7c35643905'),
    id: '20cc1f38-345c-45c6-aab1-2136f13c84c4',
    vendedorId: '08de387d-6b39-48ec-bdb9-b873eba130a8',
    data: 2024-10-26T10:50:18.713Z,
    docinhosCoco: 81,
    __v: 0
  },
  {
    _id: new ObjectId('67d673e00b7b3d7c35643af5'),
    id: '26d8039b-bfca-479c-acbe-09e806006360',
    vendedorId: '08de387d-6b39-48ec-bdb9-b873eba130a8',
    data: 2024-11-10T09:39:44.347Z,
    docinhosCoco: 76,
    __v: 0
  },
  {
    _id: new ObjectId('67d673e30b7b3d7c35643b2b'),
    id: '5627ef6b-af39-457e-95a4-7b14b8b5df41',
    vendedorId: '08de387d-6b39-48ec-bdb9-b873eba130a8',
    data: 2024-11-12T06:19:01.884Z,
    docinhosCoco: 53,
    __v: 0
  },
  {
    _id: new ObjectId('67d673e30b7b3d7c35643b2d'),
    id: '1e9c5567-c261-437e-93dd-5a105efbbe4c',
    vendedorId: '08de387d-6b39-48ec-bdb9-b873eba130a8',
    data: 2024-11-12T07:14:31.486Z,
    docinhosCoco: 41,
    __v: 0
  },
  {
    _id: new ObjectId('67d673e40b7b3d7c35643b35'),
    id: '843c84d2-bcd4-4453-9004-a3f98875f952',
    vendedorId: '08de387d-6b39-48ec-bdb9-b873eba130a8',
    data: 2024-11-12T12:44:55.420Z,
    docinhosCoco: 64,
    __v: 0
  },
  {
    _id: new ObjectId('67d673e40b7b3d7c35643b39'),
    id: 'eb137357-e410-40c5-a17d-ec3453772858',
    vendedorId: '08de387d-6b39-48ec-bdb9-b873eba130a8',
    data: 2024-11-12T18:55:52.047Z,
    docinhosCoco: 60,
    __v: 0
  },
  {
    _id: new ObjectId('67d673eb0b7b3d7c35643bcb'),
    id: '0dadcc5d-daf2-40ef-bbd1-f3ea06180ed5',
    vendedorId: '08de387d-6b39-48ec-bdb9-b873eba130a8',
    data: 2024-11-17T05:16:54.060Z,
    docinhosCoco: 80,
    __v: 0
  },
  {
    _id: new ObjectId('67d673ec0b7b3d7c35643bd1'),
    id: 'ff2d4294-19d3-4131-b24e-e8abc66b2e93',
    vendedorId: '08de387d-6b39-48ec-bdb9-b873eba130a8',
    data: 2024-11-17T06:25:06.084Z,
    docinhosCoco: 92,
    __v: 0
  },
  {
    _id: new ObjectId('67d673ed0b7b3d7c35643be7'),
    id: '3c260267-a2bb-45f3-9d52-8bb72620b893',
    vendedorId: '08de387d-6b39-48ec-bdb9-b873eba130a8',
    data: 2024-11-17T22:24:19.898Z,
    docinhosCoco: 68,
    __v: 0
  },
  {
    _id: new ObjectId('67d673ee0b7b3d7c35643c01'),
    id: 'a69b4060-a86a-41f3-b981-7acc8bcbf7a1',
    vendedorId: '08de387d-6b39-48ec-bdb9-b873eba130a8',
    data: 2024-11-18T23:03:59.314Z,
    docinhosCoco: 65,
    __v: 0
  },
  {
    _id: new ObjectId('67d673ee0b7b3d7c35643c05'),
    id: '9d4b4fa4-3587-488c-9bf0-1c6be8293596',
    vendedorId: '08de387d-6b39-48ec-bdb9-b873eba130a8',
    data: 2024-11-19T00:08:31.746Z,
    docinhosCoco: 71,
    __v: 0
  },
  {
    _id: new ObjectId('67d673f00b7b3d7c35643c27'),
    id: '26007375-c48a-4581-ba3e-52b721b2ef60',
    vendedorId: '08de387d-6b39-48ec-bdb9-b873eba130a8',
    data: 2024-11-20T10:02:21.066Z,
    docinhosCoco: 68,
    __v: 0
  },
  {
    _id: new ObjectId('67d673f70b7b3d7c35643cab'),
    id: '3be071d5-1d7b-4c6b-ae18-1c981e53cd86',
    vendedorId: '08de387d-6b39-48ec-bdb9-b873eba130a8',
    data: 2024-11-23T21:45:29.545Z,
    docinhosCoco: 52,
    __v: 0
  },
  {
    _id: new ObjectId('67d674040b7b3d7c35643dad'),
    id: 'e742925a-dd6e-4251-9c38-425dc9a3db9a',
    vendedorId: '08de387d-6b39-48ec-bdb9-b873eba130a8',
    data: 2024-12-01T17:26:11.299Z,
    docinhosCoco: 76,
    __v: 0
  },
  {
    _id: new ObjectId('67d674060b7b3d7c35643dd1'),
    id: '17e96b92-fd47-42fa-bcf1-8a047f63a887',
    vendedorId: '08de387d-6b39-48ec-bdb9-b873eba130a8',
    data: 2024-12-03T00:47:44.051Z,
    docinhosCoco: 42,
    __v: 0
  },
  {
    _id: new ObjectId('67d674090b7b3d7c35643e0b'),
    id: 'ad565aec-7893-4086-9342-e7ce5440e7d0',
    vendedorId: '08de387d-6b39-48ec-bdb9-b873eba130a8',
    data: 2024-12-05T09:08:49.938Z,
    docinhosCoco: 88,
    __v: 0
  },
  {
    _id: new ObjectId('67d6740b0b7b3d7c35643e39'),
    id: '8761934d-c1a6-44ee-9f4f-729c393ba7a2',
    vendedorId: '08de387d-6b39-48ec-bdb9-b873eba130a8',
    data: 2024-12-06T21:20:24.470Z,
    docinhosCoco: 70,
    __v: 0
  },
  {
    _id: new ObjectId('67d6740b0b7b3d7c35643e3b'),
    id: '6e22af13-9479-4233-945c-cc4dbb9a094c',
    vendedorId: '08de387d-6b39-48ec-bdb9-b873eba130a8',
    data: 2024-12-07T04:40:27.984Z,
    docinhosCoco: 106,
    __v: 0
  },
  {
    _id: new ObjectId('67d674100b7b3d7c35643ea3'),
    id: '3c52e192-ad20-4662-9a9c-5a287d4d0c91',
    vendedorId: '08de387d-6b39-48ec-bdb9-b873eba130a8',
    data: 2024-12-10T02:20:10.709Z,
    docinhosCoco: 85,
    __v: 0
  },
  {
    _id: new ObjectId('67d674120b7b3d7c35643ebf'),
    id: '2bd4e9b5-b416-437d-87c5-04b594925788',
    vendedorId: '08de387d-6b39-48ec-bdb9-b873eba130a8',
    data: 2024-12-11T01:28:45.064Z,
    docinhosCoco: 79,
    __v: 0
  },
  {
    _id: new ObjectId('67d674130b7b3d7c35643ed5'),
    id: '9bd1450d-8891-4850-94b2-e6725049c32c',
    vendedorId: '08de387d-6b39-48ec-bdb9-b873eba130a8',
    data: 2024-12-11T20:58:37.474Z,
    docinhosCoco: 87,
    __v: 0
  },
  {
    _id: new ObjectId('67d6741c0b7b3d7c35643f8b'),
    id: '277a6bb4-2003-4229-9db5-90f91b72d6b5',
    vendedorId: '08de387d-6b39-48ec-bdb9-b873eba130a8',
    data: 2024-12-17T06:14:03.190Z,
    docinhosCoco: 60,
    __v: 0
  },
  {
    _id: new ObjectId('67d674240b7b3d7c3564402b'),
    id: '81e27302-8d98-47b4-bb78-6254a395555f',
    vendedorId: '08de387d-6b39-48ec-bdb9-b873eba130a8',
    data: 2024-12-23T03:47:31.102Z,
    docinhosCoco: 69,
    __v: 0
  },
  {
    _id: new ObjectId('67d674260b7b3d7c35644045'),
    id: 'b19ccbc2-5419-4fd3-aaf9-e44cf5079f3a',
    vendedorId: '08de387d-6b39-48ec-bdb9-b873eba130a8',
    data: 2024-12-23T18:23:21.951Z,
    docinhosCoco: 37,
    __v: 0
  },
  {
    _id: new ObjectId('67d674270b7b3d7c3564405b'),
    id: '2ea95013-3fdd-47b7-935b-2f062fe43fbe',
    vendedorId: '08de387d-6b39-48ec-bdb9-b873eba130a8',
    data: 2024-12-24T07:33:28.876Z,
    docinhosCoco: 76,
    __v: 0
  },
  {
    _id: new ObjectId('67d674290b7b3d7c3564408b'),
    id: 'c1ceca03-6ec9-4f8c-b71d-b066f459532d',
    vendedorId: '08de387d-6b39-48ec-bdb9-b873eba130a8',
    data: 2024-12-25T13:27:49.526Z,
    docinhosCoco: 96,
    __v: 0
  },
  {
    _id: new ObjectId('67d674340b7b3d7c35644167'),
    id: 'f40e6e18-f9ac-4797-9dca-df8dc7fe7591',
    vendedorId: '08de387d-6b39-48ec-bdb9-b873eba130a8',
    data: 2025-01-01T05:26:34.226Z,
    docinhosCoco: 33,
    __v: 0
  },
  {
    _id: new ObjectId('67d6743d0b7b3d7c35644213'),
    id: 'f9254efe-8c05-4e44-9b27-d85ff9847d7b',
    vendedorId: '08de387d-6b39-48ec-bdb9-b873eba130a8',
    data: 2025-01-07T11:01:45.229Z,
    docinhosCoco: 47,
    __v: 0
  },
  {
    _id: new ObjectId('67d6743e0b7b3d7c35644221'),
    id: 'cbe32294-6a16-4910-95dc-3b64c239694a',
    vendedorId: '08de387d-6b39-48ec-bdb9-b873eba130a8',
    data: 2025-01-07T18:44:30.592Z,
    docinhosCoco: 43,
    __v: 0
  },
  {
    _id: new ObjectId('67d674400b7b3d7c35644247'),
    id: '47060a39-4899-44d3-8a62-a96498cc3177',
    vendedorId: '08de387d-6b39-48ec-bdb9-b873eba130a8',
    data: 2025-01-08T23:32:37.270Z,
    docinhosCoco: 71,
    __v: 0
  },
  {
    _id: new ObjectId('67d674460b7b3d7c356442bb'),
    id: '5643c848-e05b-428c-8811-6ddea8c614dc',
    vendedorId: '08de387d-6b39-48ec-bdb9-b873eba130a8',
    data: 2025-01-12T23:02:34.849Z,
    docinhosCoco: 65,
    __v: 0
  },
  {
    _id: new ObjectId('67d6744e0b7b3d7c35644363'),
    id: '5b8b079f-3af9-418a-a95c-84a1818b9718',
    vendedorId: '08de387d-6b39-48ec-bdb9-b873eba130a8',
    data: 2025-01-18T14:39:20.382Z,
    docinhosCoco: 68,
    __v: 0
  },
  {
    _id: new ObjectId('67d674590b7b3d7c3564443d'),
    id: '63eafbe2-21a0-4cc7-8db8-ee9a55b7d8ac',
    vendedorId: '08de387d-6b39-48ec-bdb9-b873eba130a8',
    data: 2025-01-26T09:07:34.496Z,
    docinhosCoco: 65,
    __v: 0
  },
  {
    _id: new ObjectId('67d6745a0b7b3d7c3564444f'),
    id: '847c8f23-1458-4c7b-b584-9274f748a14c',
    vendedorId: '08de387d-6b39-48ec-bdb9-b873eba130a8',
    data: 2025-01-26T16:40:39.184Z,
    docinhosCoco: 41,
    __v: 0
  },
  {
    _id: new ObjectId('67d6745b0b7b3d7c35644467'),
    id: 'b5b7d25b-b533-42ad-aaa8-9ce8fe3598c8',
    vendedorId: '08de387d-6b39-48ec-bdb9-b873eba130a8',
    data: 2025-01-27T08:17:34.024Z,
    docinhosCoco: 44,
    __v: 0
  },
  {
    _id: new ObjectId('67d6745b0b7b3d7c3564446b'),
    id: 'c452ada2-f3ec-4b9f-8290-ed3182724b0e',
    vendedorId: '08de387d-6b39-48ec-bdb9-b873eba130a8',
    data: 2025-01-27T10:20:50.186Z,
    docinhosCoco: 54,
    __v: 0
  },
  {
    _id: new ObjectId('67d6745d0b7b3d7c35644483'),
    id: 'e119b27c-d098-48c3-9e35-f2d55d76bdbe',
    vendedorId: '08de387d-6b39-48ec-bdb9-b873eba130a8',
    data: 2025-01-28T01:23:21.917Z,
    docinhosCoco: 35,
    __v: 0
  },
  {
    _id: new ObjectId('67d6745d0b7b3d7c35644489'),
    id: 'a0940efa-63bf-41be-8fc4-296858859144',
    vendedorId: '08de387d-6b39-48ec-bdb9-b873eba130a8',
    data: 2025-01-28T02:47:55.674Z,
    docinhosCoco: 66,
    __v: 0
  },
  {
    _id: new ObjectId('67d674690b7b3d7c35644555'),
    id: '7ba5d8ef-8ec0-4475-9d2d-80335b91b3c3',
    vendedorId: '08de387d-6b39-48ec-bdb9-b873eba130a8',
    data: 2025-02-03T14:23:16.193Z,
    docinhosCoco: 64,
    __v: 0
  },
  {
    _id: new ObjectId('67d674690b7b3d7c3564455f'),
    id: '23a6bcf6-354c-425f-bf9d-e2cc402d9ded',
    vendedorId: '08de387d-6b39-48ec-bdb9-b873eba130a8',
    data: 2025-02-04T13:06:29.725Z,
    docinhosCoco: 63,
    __v: 0
  },
  {
    _id: new ObjectId('67d6746d0b7b3d7c356445a7'),
    id: 'c54262f7-e3f4-439c-8878-111b5347e715',
    vendedorId: '08de387d-6b39-48ec-bdb9-b873eba130a8',
    data: 2025-02-06T09:26:37.849Z,
    docinhosCoco: 36,
    __v: 0
  },
  {
    _id: new ObjectId('67d6746f0b7b3d7c356445cf'),
    id: 'a87c360e-ea0a-4a9f-b66d-d0193a04db0c',
    vendedorId: '08de387d-6b39-48ec-bdb9-b873eba130a8',
    data: 2025-02-07T10:41:19.412Z,
    docinhosCoco: 40,
    __v: 0
  },
  {
    _id: new ObjectId('67d6746f0b7b3d7c356445d3'),
    id: '3a8f4df7-4a18-4374-9a2c-eb2fa7658462',
    vendedorId: '08de387d-6b39-48ec-bdb9-b873eba130a8',
    data: 2025-02-07T13:17:49.716Z,
    docinhosCoco: 43,
    __v: 0
  },
  {
    _id: new ObjectId('67d674730b7b3d7c3564461b'),
    id: 'afdb1280-4feb-4c10-852e-20db884af50d',
    vendedorId: '08de387d-6b39-48ec-bdb9-b873eba130a8',
    data: 2025-02-09T15:39:46.361Z,
    docinhosCoco: 65,
    __v: 0
  },
  {
    _id: new ObjectId('67d674730b7b3d7c35644627'),
    id: 'df46863f-3605-4f0e-bcda-f164cb2e23cf',
    vendedorId: '08de387d-6b39-48ec-bdb9-b873eba130a8',
    data: 2025-02-10T02:58:23.940Z,
    docinhosCoco: 85,
    __v: 0
  },
  {
    _id: new ObjectId('67d674750b7b3d7c35644641'),
    id: '6f3391d4-18fc-437e-bb35-1bfe17ef0ab8',
    vendedorId: '08de387d-6b39-48ec-bdb9-b873eba130a8',
    data: 2025-02-10T22:23:36.235Z,
    docinhosCoco: 69,
    __v: 0
  },
  {
    _id: new ObjectId('67d674800b7b3d7c35644729'),
    id: '6301e1c6-f34a-4b49-ac33-7eb9e4642ed5',
    vendedorId: '08de387d-6b39-48ec-bdb9-b873eba130a8',
    data: 2025-02-17T20:26:52.211Z,
    docinhosCoco: 36,
    __v: 0
  },
  {
    _id: new ObjectId('67d674810b7b3d7c35644731'),
    id: 'a9774194-80a8-45f7-a2a2-5364fd5f071e',
    vendedorId: '08de387d-6b39-48ec-bdb9-b873eba130a8',
    data: 2025-02-18T02:50:44.453Z,
    docinhosCoco: 63,
    __v: 0
  },
  {
    _id: new ObjectId('67d674860b7b3d7c3564479b'),
    id: '86acb7cf-5cc7-498a-ab3e-5460afb28d12',
    vendedorId: '08de387d-6b39-48ec-bdb9-b873eba130a8',
    data: 2025-02-22T02:45:30.006Z,
    docinhosCoco: 54,
    __v: 0
  },
  {
    _id: new ObjectId('67d6748c0b7b3d7c35644805'),
    id: 'd8018f7e-bf30-4fd0-adf7-5cff6419fa09',
    vendedorId: '08de387d-6b39-48ec-bdb9-b873eba130a8',
    data: 2025-02-26T03:22:27.082Z,
    docinhosCoco: 57,
    __v: 0
  },
  {
    _id: new ObjectId('67d6748c0b7b3d7c3564480f'),
    id: '0c102262-a26e-4076-8604-aa7fe7204cb4',
    vendedorId: '08de387d-6b39-48ec-bdb9-b873eba130a8',
    data: 2025-02-26T15:12:41.478Z,
    docinhosCoco: 39,
    __v: 0
  },
  {
    _id: new ObjectId('67d6748c0b7b3d7c35644815'),
    id: 'fe1e14bb-3c28-454b-bd67-18e753caec4d',
    vendedorId: '08de387d-6b39-48ec-bdb9-b873eba130a8',
    data: 2025-02-26T17:26:22.132Z,
    docinhosCoco: 62,
    __v: 0
  },
  {
    _id: new ObjectId('67d674910b7b3d7c3564486d'),
    id: '23e92ded-0f3a-40ff-92f5-c06c01bf869e',
    vendedorId: '08de387d-6b39-48ec-bdb9-b873eba130a8',
    data: 2025-03-01T21:11:46.434Z,
    docinhosCoco: 70,
    __v: 0
  },
  {
    _id: new ObjectId('67d674a70b7b3d7c35644a19'),
    id: 'b2dd5673-f6d2-40e6-ae2b-151766215aef',
    vendedorId: '08de387d-6b39-48ec-bdb9-b873eba130a8',
    data: 2025-03-15T16:45:45.696Z,
    docinhosCoco: 94,
    __v: 0
  }
]
✅ Processado vendedor: Iago Pimentel
Debug - Repository - Query params: {
  vendedorId: '91364b01-c6b6-4de0-92d9-16c7d83e8c1c',
  dataInicio: 2024-09-17T03:00:00.000Z,
  dataFim: 2025-03-18T02:59:59.999Z
}
Debug - Repository - MongoDB query: {
  vendedorId: '91364b01-c6b6-4de0-92d9-16c7d83e8c1c',
  data: { '$gte': 1726542000000, '$lte': 1742266799999 }
}
Debug - Repository - Resultado encontrado: [
  {
    _id: new ObjectId('67c9968190c4d048db4a8f74'),
    id: '8b441968-48f3-484a-a0a8-97c3f3128eef',
    vendedorId: '91364b01-c6b6-4de0-92d9-16c7d83e8c1c',
    data: 2025-01-04T00:00:00.000Z,
    docinhosCoco: 1779,
    __v: 0
  },
  {
    _id: new ObjectId('67c996a590c4d048db4a8fdc'),
    id: '056e817b-dbdc-4b72-9e4c-8059afd0de88',
    vendedorId: '91364b01-c6b6-4de0-92d9-16c7d83e8c1c',
    data: 2025-01-26T00:00:00.000Z,
    docinhosCoco: 714,
    __v: 0
  },
  {
    _id: new ObjectId('67c996bd90c4d048db4a9014'),
    id: 'd0b7d7b8-f168-43b5-bfa5-75548afacee6',
    vendedorId: '91364b01-c6b6-4de0-92d9-16c7d83e8c1c',
    data: 2025-01-24T00:00:00.000Z,
    docinhosCoco: 1527,
    __v: 0
  },
  {
    _id: new ObjectId('67c997ea90c4d048db4a9069'),
    id: 'bc4dbb1b-81fc-4f09-bec2-393f165fa274',
    vendedorId: '91364b01-c6b6-4de0-92d9-16c7d83e8c1c',
    data: 2025-02-16T00:00:00.000Z,
    docinhosCoco: 1087,
    __v: 0
  },
  {
    _id: new ObjectId('67c9980790c4d048db4a90a3'),
    id: 'cb48b195-3a68-404f-81ce-a0d1834d26cd',
    vendedorId: '91364b01-c6b6-4de0-92d9-16c7d83e8c1c',
    data: 2025-02-16T00:00:00.000Z,
    docinhosCoco: 1486,
    __v: 0
  },
  {
    _id: new ObjectId('67d6730c411c5e960336726e'),
    id: '9d4cf96e-89e2-495e-af0f-6ed6d4f4cd2f',
    vendedorId: '91364b01-c6b6-4de0-92d9-16c7d83e8c1c',
    data: 2025-03-07T06:43:15.110Z,
    docinhosCoco: 70,
    __v: 0
  },
  {
    _id: new ObjectId('67d6730c411c5e9603367270'),
    id: 'c938c63d-4309-471f-80cb-8802d31c741b',
    vendedorId: '91364b01-c6b6-4de0-92d9-16c7d83e8c1c',
    data: 2025-03-05T06:43:15.110Z,
    docinhosCoco: 81,
    __v: 0
  },
  {
    _id: new ObjectId('67d6730c411c5e9603367272'),
    id: '975e83e5-cfa6-4046-ad83-652fd700f28f',
    vendedorId: '91364b01-c6b6-4de0-92d9-16c7d83e8c1c',
    data: 2025-03-05T06:43:15.110Z,
    docinhosCoco: 12,
    __v: 0
  },
  {
    _id: new ObjectId('67d6730c411c5e9603367274'),
    id: 'fa63b0c6-cfaf-4389-8218-07c58f924f8a',
    vendedorId: '91364b01-c6b6-4de0-92d9-16c7d83e8c1c',
    data: 2025-02-28T06:43:15.110Z,
    docinhosCoco: 67,
    __v: 0
  },
  {
    _id: new ObjectId('67d6730c411c5e9603367276'),
    id: 'e0e02ced-8c4f-4303-974b-132212330d4e',
    vendedorId: '91364b01-c6b6-4de0-92d9-16c7d83e8c1c',
    data: 2025-02-19T06:43:15.110Z,
    docinhosCoco: 81,
    __v: 0
  },
  {
    _id: new ObjectId('67d6730c411c5e9603367278'),
    id: '59c83bbc-f8cb-4837-b0f8-2ad1a0b72a40',
    vendedorId: '91364b01-c6b6-4de0-92d9-16c7d83e8c1c',
    data: 2025-03-13T06:43:15.110Z,
    docinhosCoco: 67,
    __v: 0
  },
  {
    _id: new ObjectId('67d6730c411c5e960336727a'),
    id: '68c4dc03-8bd7-4a1d-b686-d1882f4bbd9c',
    vendedorId: '91364b01-c6b6-4de0-92d9-16c7d83e8c1c',
    data: 2025-02-15T06:43:15.110Z,
    docinhosCoco: 11,
    __v: 0
  },
  {
    _id: new ObjectId('67d6730c411c5e960336727c'),
    id: '49360c00-081e-4e62-9f51-208b7e96daa0',
    vendedorId: '91364b01-c6b6-4de0-92d9-16c7d83e8c1c',
    data: 2025-03-09T06:43:15.110Z,
    docinhosCoco: 28,
    __v: 0
  },
  {
    _id: new ObjectId('67d6730c411c5e960336727e'),
    id: 'c70aeec9-8ccf-4bb0-b30d-59fafe704913',
    vendedorId: '91364b01-c6b6-4de0-92d9-16c7d83e8c1c',
    data: 2025-02-25T06:43:15.110Z,
    docinhosCoco: 37,
    __v: 0
  },
  {
    _id: new ObjectId('67d6730d411c5e9603367280'),
    id: '00295270-9a92-45c3-84ca-082cb219c9b0',
    vendedorId: '91364b01-c6b6-4de0-92d9-16c7d83e8c1c',
    data: 2025-02-25T06:43:15.110Z,
    docinhosCoco: 69,
    __v: 0
  },
  {
    _id: new ObjectId('67d6730d411c5e9603367282'),
    id: '131071df-b4fb-4548-aa0c-808e37c09fd3',
    vendedorId: '91364b01-c6b6-4de0-92d9-16c7d83e8c1c',
    data: 2025-02-28T06:43:15.110Z,
    docinhosCoco: 42,
    __v: 0
  },
  {
    _id: new ObjectId('67d6730d411c5e9603367284'),
    id: 'c71cfb40-4481-4f8f-8eb3-a5aa996d6c76',
    vendedorId: '91364b01-c6b6-4de0-92d9-16c7d83e8c1c',
    data: 2025-03-06T06:43:15.110Z,
    docinhosCoco: 45,
    __v: 0
  },
  {
    _id: new ObjectId('67d6730d411c5e9603367286'),
    id: '5824045e-02b1-4ed8-9a14-c5994232caad',
    vendedorId: '91364b01-c6b6-4de0-92d9-16c7d83e8c1c',
    data: 2025-02-24T06:43:15.110Z,
    docinhosCoco: 98,
    __v: 0
  },
  {
    _id: new ObjectId('67d6730d411c5e9603367288'),
    id: '8d38ee1a-2a3e-40ad-9a7d-321c6be61726',
    vendedorId: '91364b01-c6b6-4de0-92d9-16c7d83e8c1c',
    data: 2025-03-13T06:43:15.110Z,
    docinhosCoco: 26,
    __v: 0
  },
  {
    _id: new ObjectId('67d6730d411c5e960336728a'),
    id: 'a49a0431-9d12-4d59-8005-fefa053e5a3e',
    vendedorId: '91364b01-c6b6-4de0-92d9-16c7d83e8c1c',
    data: 2025-02-25T06:43:15.110Z,
    docinhosCoco: 70,
    __v: 0
  },
  {
    _id: new ObjectId('67d673940b7b3d7c35643515'),
    id: 'e929ac9f-3042-4186-90c6-56bad7fad013',
    vendedorId: '91364b01-c6b6-4de0-92d9-16c7d83e8c1c',
    data: 2024-09-22T07:55:11.761Z,
    docinhosCoco: 70,
    __v: 0
  },
  {
    _id: new ObjectId('67d673950b7b3d7c35643533'),
    id: 'f83a1979-da1e-41d9-8522-0024c518aa30',
    vendedorId: '91364b01-c6b6-4de0-92d9-16c7d83e8c1c',
    data: 2024-09-22T21:14:40.334Z,
    docinhosCoco: 92,
    __v: 0
  },
  {
    _id: new ObjectId('67d673970b7b3d7c3564355f'),
    id: '73e088c5-b2b5-46a1-bdbd-9a67df381a6d',
    vendedorId: '91364b01-c6b6-4de0-92d9-16c7d83e8c1c',
    data: 2024-09-24T00:02:59.685Z,
    docinhosCoco: 48,
    __v: 0
  },
  {
    _id: new ObjectId('67d6739e0b7b3d7c356435d5'),
    id: '236134fd-4b09-41b8-bf2c-98a40349ce25',
    vendedorId: '91364b01-c6b6-4de0-92d9-16c7d83e8c1c',
    data: 2024-09-27T21:58:17.403Z,
    docinhosCoco: 33,
    __v: 0
  },
  {
    _id: new ObjectId('67d673a00b7b3d7c35643607'),
    id: 'e9814876-6b72-44e3-a5bd-5bb5bdab4521',
    vendedorId: '91364b01-c6b6-4de0-92d9-16c7d83e8c1c',
    data: 2024-09-29T14:08:49.364Z,
    docinhosCoco: 71,
    __v: 0
  },
  {
    _id: new ObjectId('67d673a60b7b3d7c3564367b'),
    id: '248fdd9a-3f93-49eb-bbb9-c7fd7d57e29b',
    vendedorId: '91364b01-c6b6-4de0-92d9-16c7d83e8c1c',
    data: 2024-10-04T07:15:12.782Z,
    docinhosCoco: 38,
    __v: 0
  },
  {
    _id: new ObjectId('67d673a60b7b3d7c35643683'),
    id: 'c5e94da1-3ea3-4b25-a2c7-a0bc15f07792',
    vendedorId: '91364b01-c6b6-4de0-92d9-16c7d83e8c1c',
    data: 2024-10-04T17:23:27.260Z,
    docinhosCoco: 35,
    __v: 0
  },
  {
    _id: new ObjectId('67d673ab0b7b3d7c356436dd'),
    id: '1d54e5ea-cdc9-4b69-8538-89bc6af5a3d1',
    vendedorId: '91364b01-c6b6-4de0-92d9-16c7d83e8c1c',
    data: 2024-10-07T04:21:40.182Z,
    docinhosCoco: 56,
    __v: 0
  },
  {
    _id: new ObjectId('67d673b20b7b3d7c35643763'),
    id: '1b5840ad-6d16-493d-94f2-bd5bc002514b',
    vendedorId: '91364b01-c6b6-4de0-92d9-16c7d83e8c1c',
    data: 2024-10-12T04:59:32.546Z,
    docinhosCoco: 62,
    __v: 0
  },
  {
    _id: new ObjectId('67d673b20b7b3d7c3564376b'),
    id: '68e4bb1a-1a69-4d78-ba31-881bb92c5765',
    vendedorId: '91364b01-c6b6-4de0-92d9-16c7d83e8c1c',
    data: 2024-10-12T10:50:38.678Z,
    docinhosCoco: 83,
    __v: 0
  },
  {
    _id: new ObjectId('67d673b20b7b3d7c3564376d'),
    id: '5daf529b-d2c8-46b0-b6e4-0ab8577abb7c',
    vendedorId: '91364b01-c6b6-4de0-92d9-16c7d83e8c1c',
    data: 2024-10-12T10:52:07.160Z,
    docinhosCoco: 88,
    __v: 0
  },
  {
    _id: new ObjectId('67d673b50b7b3d7c3564379d'),
    id: 'bd2c0c58-83b0-4c83-942e-cfcbb18fae08',
    vendedorId: '91364b01-c6b6-4de0-92d9-16c7d83e8c1c',
    data: 2024-10-14T09:38:42.077Z,
    docinhosCoco: 67,
    __v: 0
  },
  {
    _id: new ObjectId('67d673ba0b7b3d7c356437ff'),
    id: '35cef970-6c52-4b28-9c96-2457a830a9a8',
    vendedorId: '91364b01-c6b6-4de0-92d9-16c7d83e8c1c',
    data: 2024-10-17T19:13:07.689Z,
    docinhosCoco: 45,
    __v: 0
  },
  {
    _id: new ObjectId('67d673bd0b7b3d7c35643847'),
    id: 'e046461e-fe4d-4866-9258-30084c93f9e3',
    vendedorId: '91364b01-c6b6-4de0-92d9-16c7d83e8c1c',
    data: 2024-10-19T16:26:46.462Z,
    docinhosCoco: 72,
    __v: 0
  },
  {
    _id: new ObjectId('67d673c00b7b3d7c3564387d'),
    id: 'f3434f50-a723-415d-b932-2953c81cfb31',
    vendedorId: '91364b01-c6b6-4de0-92d9-16c7d83e8c1c',
    data: 2024-10-21T14:20:45.250Z,
    docinhosCoco: 62,
    __v: 0
  },
  {
    _id: new ObjectId('67d673c60b7b3d7c356438e5'),
    id: 'eeff881e-ff26-42ea-ae41-7170f9f6b561',
    vendedorId: '91364b01-c6b6-4de0-92d9-16c7d83e8c1c',
    data: 2024-10-25T11:03:34.626Z,
    docinhosCoco: 35,
    __v: 0
  },
  {
    _id: new ObjectId('67d673cf0b7b3d7c35643997'),
    id: '444b7770-bb38-4e5f-86ce-16075a15d524',
    vendedorId: '91364b01-c6b6-4de0-92d9-16c7d83e8c1c',
    data: 2024-10-31T14:47:20.435Z,
    docinhosCoco: 36,
    __v: 0
  },
  {
    _id: new ObjectId('67d673cf0b7b3d7c3564399f'),
    id: 'f8a0145e-4d43-4ea7-b235-09a26004ecff',
    vendedorId: '91364b01-c6b6-4de0-92d9-16c7d83e8c1c',
    data: 2024-10-31T18:37:41.409Z,
    docinhosCoco: 40,
    __v: 0
  },
  {
    _id: new ObjectId('67d673d30b7b3d7c356439e9'),
    id: 'c02c5a0b-3b10-4362-b7ba-ebbcc885f4bc',
    vendedorId: '91364b01-c6b6-4de0-92d9-16c7d83e8c1c',
    data: 2024-11-03T04:02:16.916Z,
    docinhosCoco: 61,
    __v: 0
  },
  {
    _id: new ObjectId('67d673d50b7b3d7c35643a11'),
    id: '0dd6cff8-1bcc-49c2-8449-f02cdac6828a',
    vendedorId: '91364b01-c6b6-4de0-92d9-16c7d83e8c1c',
    data: 2024-11-04T06:40:20.591Z,
    docinhosCoco: 34,
    __v: 0
  },
  {
    _id: new ObjectId('67d673df0b7b3d7c35643ad1'),
    id: '37b4c61e-2796-4e31-bf19-5a06043bfa28',
    vendedorId: '91364b01-c6b6-4de0-92d9-16c7d83e8c1c',
    data: 2024-11-09T15:09:34.641Z,
    docinhosCoco: 59,
    __v: 0
  },
  {
    _id: new ObjectId('67d673df0b7b3d7c35643ae3'),
    id: 'caa2c9d7-ec03-4229-8d39-96a8dd323aab',
    vendedorId: '91364b01-c6b6-4de0-92d9-16c7d83e8c1c',
    data: 2024-11-10T01:01:54.369Z,
    docinhosCoco: 84,
    __v: 0
  },
  {
    _id: new ObjectId('67d673e20b7b3d7c35643b0b'),
    id: 'bd63a91b-7dcc-46aa-9fab-5c2d0f8b0b34',
    vendedorId: '91364b01-c6b6-4de0-92d9-16c7d83e8c1c',
    data: 2024-11-11T07:52:24.417Z,
    docinhosCoco: 44,
    __v: 0
  },
  {
    _id: new ObjectId('67d673f00b7b3d7c35643c2d'),
    id: '72976690-a2d9-4668-bde8-5fe1a665e35c',
    vendedorId: '91364b01-c6b6-4de0-92d9-16c7d83e8c1c',
    data: 2024-11-20T12:40:54.311Z,
    docinhosCoco: 66,
    __v: 0
  },
  {
    _id: new ObjectId('67d673f10b7b3d7c35643c3f'),
    id: '9a806380-9b97-448f-9837-c3e623307423',
    vendedorId: '91364b01-c6b6-4de0-92d9-16c7d83e8c1c',
    data: 2024-11-21T08:04:12.972Z,
    docinhosCoco: 71,
    __v: 0
  },
  {
    _id: new ObjectId('67d673fb0b7b3d7c35643cff'),
    id: 'ad922e6f-942b-45a7-8c02-d576aaea0faa',
    vendedorId: '91364b01-c6b6-4de0-92d9-16c7d83e8c1c',
    data: 2024-11-26T20:30:38.322Z,
    docinhosCoco: 41,
    __v: 0
  },
  {
    _id: new ObjectId('67d673ff0b7b3d7c35643d43'),
    id: '7ee89f6d-6594-4234-80f2-4849f9f4529b',
    vendedorId: '91364b01-c6b6-4de0-92d9-16c7d83e8c1c',
    data: 2024-11-28T23:23:29.597Z,
    docinhosCoco: 49,
    __v: 0
  },
  {
    _id: new ObjectId('67d674010b7b3d7c35643d7b'),
    id: '0a2d3638-34bd-4c3a-acfa-24a3c80e7784',
    vendedorId: '91364b01-c6b6-4de0-92d9-16c7d83e8c1c',
    data: 2024-11-30T11:48:08.428Z,
    docinhosCoco: 44,
    __v: 0
  },
  {
    _id: new ObjectId('67d674020b7b3d7c35643d89'),
    id: '8a808b69-a4cd-4fb3-baa7-b9e45fb7629f',
    vendedorId: '91364b01-c6b6-4de0-92d9-16c7d83e8c1c',
    data: 2024-11-30T21:59:37.862Z,
    docinhosCoco: 79,
    __v: 0
  },
  {
    _id: new ObjectId('67d674020b7b3d7c35643d8f'),
    id: 'b84271fa-daea-4109-9e08-48aa29e22253',
    vendedorId: '91364b01-c6b6-4de0-92d9-16c7d83e8c1c',
    data: 2024-12-01T01:45:27.681Z,
    docinhosCoco: 55,
    __v: 0
  },
  {
    _id: new ObjectId('67d674070b7b3d7c35643df1'),
    id: 'ab9a1b2d-4b40-4af9-a072-374fa9f2216b',
    vendedorId: '91364b01-c6b6-4de0-92d9-16c7d83e8c1c',
    data: 2024-12-04T10:36:36.996Z,
    docinhosCoco: 57,
    __v: 0
  },
  {
    _id: new ObjectId('67d674090b7b3d7c35643e15'),
    id: 'b2c34276-2233-4221-aca2-d05710863ec5',
    vendedorId: '91364b01-c6b6-4de0-92d9-16c7d83e8c1c',
    data: 2024-12-05T13:42:09.256Z,
    docinhosCoco: 88,
    __v: 0
  },
  {
    _id: new ObjectId('67d6740a0b7b3d7c35643e27'),
    id: 'ea588be1-4bb1-4f3f-a972-7d5a6d829a7a',
    vendedorId: '91364b01-c6b6-4de0-92d9-16c7d83e8c1c',
    data: 2024-12-06T13:35:58.769Z,
    docinhosCoco: 38,
    __v: 0
  },
  {
    _id: new ObjectId('67d6740b0b7b3d7c35643e33'),
    id: '05d54bd2-0c33-403f-9a6a-2d3bdcda51db',
    vendedorId: '91364b01-c6b6-4de0-92d9-16c7d83e8c1c',
    data: 2024-12-06T19:05:21.481Z,
    docinhosCoco: 88,
    __v: 0
  },
  {
    _id: new ObjectId('67d674120b7b3d7c35643ec7'),
    id: '8062991c-57e2-44a1-92c0-8563cdd59708',
    vendedorId: '91364b01-c6b6-4de0-92d9-16c7d83e8c1c',
    data: 2024-12-11T07:38:16.405Z,
    docinhosCoco: 36,
    __v: 0
  },
  {
    _id: new ObjectId('67d674170b7b3d7c35643f1d'),
    id: '859ac8d0-c826-4413-8217-5194b102c6ed',
    vendedorId: '91364b01-c6b6-4de0-92d9-16c7d83e8c1c',
    data: 2024-12-14T00:27:14.615Z,
    docinhosCoco: 68,
    __v: 0
  },
  {
    _id: new ObjectId('67d674200b7b3d7c35643fd1'),
    id: '925ea4a9-5170-4abd-ab5b-99736ba794d2',
    vendedorId: '91364b01-c6b6-4de0-92d9-16c7d83e8c1c',
    data: 2024-12-20T01:22:52.728Z,
    docinhosCoco: 61,
    __v: 0
  },
  {
    _id: new ObjectId('67d674210b7b3d7c35643fe3'),
    id: 'c47b0552-ab94-4b9d-ac42-8898499fcf24',
    vendedorId: '91364b01-c6b6-4de0-92d9-16c7d83e8c1c',
    data: 2024-12-20T10:36:31.870Z,
    docinhosCoco: 66,
    __v: 0
  },
  {
    _id: new ObjectId('67d674230b7b3d7c3564400f'),
    id: '8e38c959-8074-4e06-80d0-804ba18f1c91',
    vendedorId: '91364b01-c6b6-4de0-92d9-16c7d83e8c1c',
    data: 2024-12-21T16:49:33.051Z,
    docinhosCoco: 106,
    __v: 0
  },
  {
    _id: new ObjectId('67d674240b7b3d7c35644021'),
    id: 'ecb9add3-3a0a-4dd6-bba1-8690eda10bd9',
    vendedorId: '91364b01-c6b6-4de0-92d9-16c7d83e8c1c',
    data: 2024-12-22T21:51:00.077Z,
    docinhosCoco: 63,
    __v: 0
  },
  {
    _id: new ObjectId('67d6742a0b7b3d7c3564409d'),
    id: '8ab9f323-b1c5-4e49-9114-7d068938d9af',
    vendedorId: '91364b01-c6b6-4de0-92d9-16c7d83e8c1c',
    data: 2024-12-26T14:43:00.586Z,
    docinhosCoco: 82,
    __v: 0
  },
  {
    _id: new ObjectId('67d6742b0b7b3d7c356440b7'),
    id: 'a6a49ad8-fd83-45ac-9916-7e32ad30922a',
    vendedorId: '91364b01-c6b6-4de0-92d9-16c7d83e8c1c',
    data: 2024-12-27T10:08:03.663Z,
    docinhosCoco: 50,
    __v: 0
  },
  {
    _id: new ObjectId('67d6742d0b7b3d7c356440df'),
    id: 'fa4dc160-970c-459e-bf90-90376ccdd74f',
    vendedorId: '91364b01-c6b6-4de0-92d9-16c7d83e8c1c',
    data: 2024-12-28T13:49:12.299Z,
    docinhosCoco: 55,
    __v: 0
  },
  {
    _id: new ObjectId('67d674320b7b3d7c35644135'),
    id: '9ff182e0-3e20-4767-a262-eaeee9577651',
    vendedorId: '91364b01-c6b6-4de0-92d9-16c7d83e8c1c',
    data: 2024-12-30T17:55:31.332Z,
    docinhosCoco: 40,
    __v: 0
  },
  {
    _id: new ObjectId('67d674370b7b3d7c35644199'),
    id: '90e807be-69fe-4806-b283-87de7da551b5',
    vendedorId: '91364b01-c6b6-4de0-92d9-16c7d83e8c1c',
    data: 2025-01-02T20:03:31.195Z,
    docinhosCoco: 53,
    __v: 0
  },
  {
    _id: new ObjectId('67d674380b7b3d7c356441b1'),
    id: '2195ddd0-3b68-4a44-9dbd-7bc8ee354519',
    vendedorId: '91364b01-c6b6-4de0-92d9-16c7d83e8c1c',
    data: 2025-01-03T09:11:24.213Z,
    docinhosCoco: 61,
    __v: 0
  },
  {
    _id: new ObjectId('67d674380b7b3d7c356441b7'),
    id: '89342d7c-2ff2-431e-b0ef-89df4539822b',
    vendedorId: '91364b01-c6b6-4de0-92d9-16c7d83e8c1c',
    data: 2025-01-03T16:41:19.676Z,
    docinhosCoco: 48,
    __v: 0
  },
  {
    _id: new ObjectId('67d674390b7b3d7c356441c1'),
    id: '4fb3078e-6ed0-4d25-9953-6ee6ad1321fe',
    vendedorId: '91364b01-c6b6-4de0-92d9-16c7d83e8c1c',
    data: 2025-01-03T22:15:41.315Z,
    docinhosCoco: 56,
    __v: 0
  },
  {
    _id: new ObjectId('67d6743a0b7b3d7c356441df'),
    id: 'a896496c-a770-404e-8b81-85f7a03a20ca',
    vendedorId: '91364b01-c6b6-4de0-92d9-16c7d83e8c1c',
    data: 2025-01-05T07:35:01.396Z,
    docinhosCoco: 104,
    __v: 0
  },
  {
    _id: new ObjectId('67d6743c0b7b3d7c356441f9'),
    id: '4d4c4923-03ad-4147-8700-b6f33411894b',
    vendedorId: '91364b01-c6b6-4de0-92d9-16c7d83e8c1c',
    data: 2025-01-06T07:26:00.182Z,
    docinhosCoco: 62,
    __v: 0
  },
  {
    _id: new ObjectId('67d6743c0b7b3d7c356441ff'),
    id: '2b66a7d6-d7c7-422a-a5ea-9c27d0c71f7d',
    vendedorId: '91364b01-c6b6-4de0-92d9-16c7d83e8c1c',
    data: 2025-01-06T16:00:39.909Z,
    docinhosCoco: 60,
    __v: 0
  },
  {
    _id: new ObjectId('67d6743d0b7b3d7c35644219'),
    id: 'f44be554-6806-4ade-b3b3-8822096b3944',
    vendedorId: '91364b01-c6b6-4de0-92d9-16c7d83e8c1c',
    data: 2025-01-07T13:39:51.819Z,
    docinhosCoco: 55,
    __v: 0
  },
  {
    _id: new ObjectId('67d674410b7b3d7c35644259'),
    id: '0676063a-20f1-4e79-98fe-86f107116112',
    vendedorId: '91364b01-c6b6-4de0-92d9-16c7d83e8c1c',
    data: 2025-01-09T11:01:12.918Z,
    docinhosCoco: 64,
    __v: 0
  },
  {
    _id: new ObjectId('67d674430b7b3d7c35644289'),
    id: '59ffb6ef-5baa-44fb-bbec-021eb6a7fec7',
    vendedorId: '91364b01-c6b6-4de0-92d9-16c7d83e8c1c',
    data: 2025-01-10T21:16:26.957Z,
    docinhosCoco: 45,
    __v: 0
  },
  {
    _id: new ObjectId('67d674460b7b3d7c356442c1'),
    id: 'b9bb1142-fec8-4e95-b63c-e731dbe02f53',
    vendedorId: '91364b01-c6b6-4de0-92d9-16c7d83e8c1c',
    data: 2025-01-13T01:55:53.053Z,
    docinhosCoco: 57,
    __v: 0
  },
  {
    _id: new ObjectId('67d674470b7b3d7c356442df'),
    id: '5b47de05-94fb-4567-bfa2-e495d742468e',
    vendedorId: '91364b01-c6b6-4de0-92d9-16c7d83e8c1c',
    data: 2025-01-14T06:26:41.692Z,
    docinhosCoco: 33,
    __v: 0
  },
  {
    _id: new ObjectId('67d6744a0b7b3d7c3564430d'),
    id: 'b953780a-bcce-4e38-88c8-e40866dd596c',
    vendedorId: '91364b01-c6b6-4de0-92d9-16c7d83e8c1c',
    data: 2025-01-15T22:56:26.331Z,
    docinhosCoco: 54,
    __v: 0
  },
  {
    _id: new ObjectId('67d6744a0b7b3d7c35644313'),
    id: 'fde5c902-c4cc-4bba-87f4-74c45764a329',
    vendedorId: '91364b01-c6b6-4de0-92d9-16c7d83e8c1c',
    data: 2025-01-16T05:13:27.810Z,
    docinhosCoco: 70,
    __v: 0
  },
  {
    _id: new ObjectId('67d674520b7b3d7c356443b7'),
    id: 'd3de66ab-345e-47b0-aa0a-a031c2e4b89c',
    vendedorId: '91364b01-c6b6-4de0-92d9-16c7d83e8c1c',
    data: 2025-01-21T07:06:09.380Z,
    docinhosCoco: 58,
    __v: 0
  },
  {
    _id: new ObjectId('67d674530b7b3d7c356443bb'),
    id: '3f3fc057-6c8f-4475-a7c8-0fbe81132be9',
    vendedorId: '91364b01-c6b6-4de0-92d9-16c7d83e8c1c',
    data: 2025-01-21T10:01:56.525Z,
    docinhosCoco: 62,
    __v: 0
  },
  {
    _id: new ObjectId('67d674550b7b3d7c356443f5'),
    id: 'a291b065-e664-41dd-bd95-06d34db50185',
    vendedorId: '91364b01-c6b6-4de0-92d9-16c7d83e8c1c',
    data: 2025-01-23T21:33:17.749Z,
    docinhosCoco: 58,
    __v: 0
  },
  {
    _id: new ObjectId('67d674570b7b3d7c3564441b'),
    id: '211414e4-1c74-4ec3-8980-93884b59a8d5',
    vendedorId: '91364b01-c6b6-4de0-92d9-16c7d83e8c1c',
    data: 2025-01-25T04:48:28.580Z,
    docinhosCoco: 79,
    __v: 0
  },
  {
    _id: new ObjectId('67d6745b0b7b3d7c35644463'),
    id: '5ba1ab07-89f4-41cc-b106-eea01a78ceb3',
    vendedorId: '91364b01-c6b6-4de0-92d9-16c7d83e8c1c',
    data: 2025-01-27T03:53:30.409Z,
    docinhosCoco: 44,
    __v: 0
  },
  {
    _id: new ObjectId('67d674600b7b3d7c356444bb'),
    id: 'd208af1a-a8e3-43f1-872f-9ed27c4b728d',
    vendedorId: '91364b01-c6b6-4de0-92d9-16c7d83e8c1c',
    data: 2025-01-29T21:45:51.475Z,
    docinhosCoco: 79,
    __v: 0
  },
  {
    _id: new ObjectId('67d674600b7b3d7c356444cb'),
    id: '8c37786c-8de0-4848-a2f0-39ed0dc5ce6c',
    vendedorId: '91364b01-c6b6-4de0-92d9-16c7d83e8c1c',
    data: 2025-01-30T12:43:14.757Z,
    docinhosCoco: 66,
    __v: 0
  },
  {
    _id: new ObjectId('67d674610b7b3d7c356444cf'),
    id: '9f7960c7-8744-4952-b502-a9ccf1524a01',
    vendedorId: '91364b01-c6b6-4de0-92d9-16c7d83e8c1c',
    data: 2025-01-30T17:50:24.624Z,
    docinhosCoco: 36,
    __v: 0
  },
  {
    _id: new ObjectId('67d674610b7b3d7c356444db'),
    id: '5c210556-9006-41e3-af99-61917d6412bf',
    vendedorId: '91364b01-c6b6-4de0-92d9-16c7d83e8c1c',
    data: 2025-01-31T04:25:10.428Z,
    docinhosCoco: 73,
    __v: 0
  },
  {
    _id: new ObjectId('67d674640b7b3d7c356444ff'),
    id: '6fb4d8c7-a7ce-42ff-8fb3-ffbf351fa00c',
    vendedorId: '91364b01-c6b6-4de0-92d9-16c7d83e8c1c',
    data: 2025-02-01T06:33:44.748Z,
    docinhosCoco: 65,
    __v: 0
  },
  {
    _id: new ObjectId('67d674660b7b3d7c35644527'),
    id: 'ff42c186-d762-44b2-991e-42a050836349',
    vendedorId: '91364b01-c6b6-4de0-92d9-16c7d83e8c1c',
    data: 2025-02-02T11:33:41.113Z,
    docinhosCoco: 94,
    __v: 0
  },
  {
    _id: new ObjectId('67d674700b7b3d7c356445dd'),
    id: '764362bf-e61d-46eb-ba51-3809705edf8e',
    vendedorId: '91364b01-c6b6-4de0-92d9-16c7d83e8c1c',
    data: 2025-02-07T19:52:21.122Z,
    docinhosCoco: 40,
    __v: 0
  },
  {
    _id: new ObjectId('67d674740b7b3d7c35644631'),
    id: '8ba5ae7a-7db3-465d-819d-12d0440aa6f5',
    vendedorId: '91364b01-c6b6-4de0-92d9-16c7d83e8c1c',
    data: 2025-02-10T12:35:26.974Z,
    docinhosCoco: 70,
    __v: 0
  },
  {
    _id: new ObjectId('67d674740b7b3d7c35644637'),
    id: 'a09deb82-1086-4367-a476-2c71959082ca',
    vendedorId: '91364b01-c6b6-4de0-92d9-16c7d83e8c1c',
    data: 2025-02-10T17:45:31.288Z,
    docinhosCoco: 78,
    __v: 0
  },
  {
    _id: new ObjectId('67d674750b7b3d7c35644647'),
    id: 'bea2b2d3-fb37-40f0-880f-6d8309998aed',
    vendedorId: '91364b01-c6b6-4de0-92d9-16c7d83e8c1c',
    data: 2025-02-11T06:47:55.072Z,
    docinhosCoco: 32,
    __v: 0
  },
  {
    _id: new ObjectId('67d674770b7b3d7c3564466d'),
    id: 'b11e0983-4451-4faf-b75a-11167db3e90c',
    vendedorId: '91364b01-c6b6-4de0-92d9-16c7d83e8c1c',
    data: 2025-02-12T07:57:20.126Z,
    docinhosCoco: 79,
    __v: 0
  },
  {
    _id: new ObjectId('67d6747a0b7b3d7c356446a3'),
    id: '47cf9a2f-c4a6-4aaa-95e2-71a0cd7949ce',
    vendedorId: '91364b01-c6b6-4de0-92d9-16c7d83e8c1c',
    data: 2025-02-13T22:53:06.456Z,
    docinhosCoco: 38,
    __v: 0
  },
  {
    _id: new ObjectId('67d6747e0b7b3d7c356446f3'),
    id: '89073889-3427-41a4-bccd-9f60d01f7978',
    vendedorId: '91364b01-c6b6-4de0-92d9-16c7d83e8c1c',
    data: 2025-02-16T05:46:21.491Z,
    docinhosCoco: 79,
    __v: 0
  },
  {
    _id: new ObjectId('67d6747e0b7b3d7c356446f5'),
    id: '0f46f2ae-7691-4e89-a1af-fdcd9c2ca2b7',
    vendedorId: '91364b01-c6b6-4de0-92d9-16c7d83e8c1c',
    data: 2025-02-16T06:33:15.488Z,
    docinhosCoco: 89,
    __v: 0
  },
  {
    _id: new ObjectId('67d6747f0b7b3d7c35644707'),
    id: '3f8910d8-9643-48f0-a570-43c24ce0d329',
    vendedorId: '91364b01-c6b6-4de0-92d9-16c7d83e8c1c',
    data: 2025-02-16T21:40:37.041Z,
    docinhosCoco: 80,
    __v: 0
  },
  {
    _id: new ObjectId('67d674830b7b3d7c3564475d'),
    id: '5b8ab51f-773e-4047-adfc-8ae22770f82d',
    vendedorId: '91364b01-c6b6-4de0-92d9-16c7d83e8c1c',
    data: 2025-02-19T12:33:43.753Z,
    docinhosCoco: 55,
    __v: 0
  },
  {
    _id: new ObjectId('67d674870b7b3d7c356447a1'),
    id: 'cdcaa896-3ba8-4f3e-9d43-243bf2bf5890',
    vendedorId: '91364b01-c6b6-4de0-92d9-16c7d83e8c1c',
    data: 2025-02-22T07:56:01.426Z,
    docinhosCoco: 40,
    __v: 0
  },
  ... 11 more items
]
✅ Processado vendedor: Nicole Bezerra
Debug - Repository - Query params: {
  vendedorId: '5ddb314e-f18b-4236-b388-53d2a563537c',
  dataInicio: 2024-09-17T03:00:00.000Z,
  dataFim: 2025-03-18T02:59:59.999Z
}
Debug - Repository - MongoDB query: {
  vendedorId: '5ddb314e-f18b-4236-b388-53d2a563537c',
  data: { '$gte': 1726542000000, '$lte': 1742266799999 }
}
Debug - Repository - Resultado encontrado: [
  {
    _id: new ObjectId('67c9968390c4d048db4a8f7c'),
    id: '00efb85c-0253-43a5-8f3b-71f498185894',
    vendedorId: '5ddb314e-f18b-4236-b388-53d2a563537c',
    data: 2025-01-08T00:00:00.000Z,
    docinhosCoco: 1296,
    __v: 0
  },
  {
    _id: new ObjectId('67c9969d90c4d048db4a8fba'),
    id: '3f3a596b-1ee6-405c-8144-66898f10d624',
    vendedorId: '5ddb314e-f18b-4236-b388-53d2a563537c',
    data: 2025-01-09T00:00:00.000Z,
    docinhosCoco: 1871,
    __v: 0
  },
  {
    _id: new ObjectId('67c996b790c4d048db4a8ff8'),
    id: '9d846cb6-56d0-4135-88a9-f49ec4ce646f',
    vendedorId: '5ddb314e-f18b-4236-b388-53d2a563537c',
    data: 2025-01-10T00:00:00.000Z,
    docinhosCoco: 819,
    __v: 0
  },
  {
    _id: new ObjectId('67c997e790c4d048db4a905f'),
    id: '0523a734-08f9-42a0-89f1-f6f6dc0de2b5',
    vendedorId: '5ddb314e-f18b-4236-b388-53d2a563537c',
    data: 2025-02-11T00:00:00.000Z,
    docinhosCoco: 1913,
    __v: 0
  },
  {
    _id: new ObjectId('67d40d69cce552c3e1509ec8'),
    id: '0e5df19a-528e-4efe-bd34-17c48ab35606',
    vendedorId: '5ddb314e-f18b-4236-b388-53d2a563537c',
    data: 2025-03-14T00:00:00.000Z,
    docinhosCoco: 10,
    __v: 0
  },
  {
    _id: new ObjectId('67d6730d411c5e960336728c'),
    id: 'f8372604-66b3-4657-9770-0c89d22d519c',
    vendedorId: '5ddb314e-f18b-4236-b388-53d2a563537c',
    data: 2025-02-19T06:43:15.110Z,
    docinhosCoco: 75,
    __v: 0
  },
  {
    _id: new ObjectId('67d6730d411c5e960336728e'),
    id: '9eca6273-4100-4ac4-94d7-e6210ef72884',
    vendedorId: '5ddb314e-f18b-4236-b388-53d2a563537c',
    data: 2025-02-28T06:43:15.110Z,
    docinhosCoco: 100,
    __v: 0
  },
  {
    _id: new ObjectId('67d6730d411c5e9603367290'),
    id: 'b9336235-76a3-4a5a-a9d1-2fb980cd50dd',
    vendedorId: '5ddb314e-f18b-4236-b388-53d2a563537c',
    data: 2025-02-17T06:43:15.110Z,
    docinhosCoco: 48,
    __v: 0
  },
  {
    _id: new ObjectId('67d6730d411c5e9603367292'),
    id: '6321eb9a-0a57-4e8d-b413-bd07d27cd615',
    vendedorId: '5ddb314e-f18b-4236-b388-53d2a563537c',
    data: 2025-03-15T06:43:15.110Z,
    docinhosCoco: 23,
    __v: 0
  },
  {
    _id: new ObjectId('67d6730e411c5e9603367294'),
    id: 'a67f269c-9b82-49c3-a461-feb81baa1280',
    vendedorId: '5ddb314e-f18b-4236-b388-53d2a563537c',
    data: 2025-03-13T06:43:15.110Z,
    docinhosCoco: 69,
    __v: 0
  },
  {
    _id: new ObjectId('67d6730e411c5e9603367296'),
    id: '33c7a39c-674e-47c0-872b-c29888072154',
    vendedorId: '5ddb314e-f18b-4236-b388-53d2a563537c',
    data: 2025-03-10T06:43:15.110Z,
    docinhosCoco: 63,
    __v: 0
  },
  {
    _id: new ObjectId('67d6730e411c5e9603367298'),
    id: '420e30bd-0442-4bd1-be96-ef245156b5af',
    vendedorId: '5ddb314e-f18b-4236-b388-53d2a563537c',
    data: 2025-03-06T06:43:15.110Z,
    docinhosCoco: 53,
    __v: 0
  },
  {
    _id: new ObjectId('67d6730e411c5e960336729a'),
    id: 'c8bbd12c-3ce2-4a33-8f3a-ee69e1e85f95',
    vendedorId: '5ddb314e-f18b-4236-b388-53d2a563537c',
    data: 2025-03-15T06:43:15.110Z,
    docinhosCoco: 61,
    __v: 0
  },
  {
    _id: new ObjectId('67d6730e411c5e960336729c'),
    id: '53c36ee0-a418-44f5-a7df-b58d03850bd1',
    vendedorId: '5ddb314e-f18b-4236-b388-53d2a563537c',
    data: 2025-02-23T06:43:15.110Z,
    docinhosCoco: 65,
    __v: 0
  },
  {
    _id: new ObjectId('67d6730e411c5e960336729e'),
    id: 'ace5ed15-8dec-4d09-a1de-045eb6b54170',
    vendedorId: '5ddb314e-f18b-4236-b388-53d2a563537c',
    data: 2025-03-13T06:43:15.110Z,
    docinhosCoco: 60,
    __v: 0
  },
  {
    _id: new ObjectId('67d6730e411c5e96033672a0'),
    id: '40befb6b-22dd-4cb9-8952-eedd6cbcf278',
    vendedorId: '5ddb314e-f18b-4236-b388-53d2a563537c',
    data: 2025-02-17T06:43:15.110Z,
    docinhosCoco: 26,
    __v: 0
  },
  {
    _id: new ObjectId('67d6730e411c5e96033672a2'),
    id: 'fe85b9aa-d652-49fc-9754-87fb8fd17696',
    vendedorId: '5ddb314e-f18b-4236-b388-53d2a563537c',
    data: 2025-03-10T06:43:15.110Z,
    docinhosCoco: 11,
    __v: 0
  },
  {
    _id: new ObjectId('67d6730e411c5e96033672a4'),
    id: '5cf9b6cb-2108-4387-8c47-de5f54200409',
    vendedorId: '5ddb314e-f18b-4236-b388-53d2a563537c',
    data: 2025-02-19T06:43:15.110Z,
    docinhosCoco: 46,
    __v: 0
  },
  {
    _id: new ObjectId('67d6730e411c5e96033672a6'),
    id: 'f4a389e3-1581-4dfd-a3fd-a2b7907a1120',
    vendedorId: '5ddb314e-f18b-4236-b388-53d2a563537c',
    data: 2025-03-02T06:43:15.110Z,
    docinhosCoco: 82,
    __v: 0
  },
  {
    _id: new ObjectId('67d6730f411c5e96033672a8'),
    id: 'dc7f98ea-7f0b-4d32-8c2e-ccfd2aabcf2c',
    vendedorId: '5ddb314e-f18b-4236-b388-53d2a563537c',
    data: 2025-02-15T06:43:15.110Z,
    docinhosCoco: 35,
    __v: 0
  },
  {
    _id: new ObjectId('67d6730f411c5e96033672aa'),
    id: '762f8452-54ac-4501-8e02-6f4e6a8303f2',
    vendedorId: '5ddb314e-f18b-4236-b388-53d2a563537c',
    data: 2025-03-06T06:43:15.110Z,
    docinhosCoco: 52,
    __v: 0
  },
  {
    _id: new ObjectId('67d673950b7b3d7c3564352d'),
    id: '925f04e0-add3-4791-b0fd-9002e7ff2cc7',
    vendedorId: '5ddb314e-f18b-4236-b388-53d2a563537c',
    data: 2024-09-22T18:58:45.931Z,
    docinhosCoco: 101,
    __v: 0
  },
  {
    _id: new ObjectId('67d673970b7b3d7c3564355d'),
    id: 'def4e9b3-7db7-4e5d-a500-5daea33900e8',
    vendedorId: '5ddb314e-f18b-4236-b388-53d2a563537c',
    data: 2024-09-23T19:31:55.973Z,
    docinhosCoco: 44,
    __v: 0
  },
  {
    _id: new ObjectId('67d673980b7b3d7c35643561'),
    id: '1fa12366-f985-4a60-b49e-766467c86c2f',
    vendedorId: '5ddb314e-f18b-4236-b388-53d2a563537c',
    data: 2024-09-24T00:40:08.535Z,
    docinhosCoco: 70,
    __v: 0
  },
  {
    _id: new ObjectId('67d673990b7b3d7c35643581'),
    id: 'fd6e1f0e-ffac-496b-8996-c162d2fa8ca0',
    vendedorId: '5ddb314e-f18b-4236-b388-53d2a563537c',
    data: 2024-09-24T20:49:02.973Z,
    docinhosCoco: 46,
    __v: 0
  },
  {
    _id: new ObjectId('67d6739a0b7b3d7c35643593'),
    id: '60016803-578f-45ea-bd93-738e1be1dc5f',
    vendedorId: '5ddb314e-f18b-4236-b388-53d2a563537c',
    data: 2024-09-25T08:00:44.337Z,
    docinhosCoco: 58,
    __v: 0
  },
  {
    _id: new ObjectId('67d6739b0b7b3d7c3564359f'),
    id: '109ef969-f65f-43dc-9d94-a84aa02d8f0d',
    vendedorId: '5ddb314e-f18b-4236-b388-53d2a563537c',
    data: 2024-09-25T17:51:36.906Z,
    docinhosCoco: 55,
    __v: 0
  },
  {
    _id: new ObjectId('67d6739c0b7b3d7c356435c1'),
    id: 'bd9b632b-1d73-40cb-94f6-0f662b5c220d',
    vendedorId: '5ddb314e-f18b-4236-b388-53d2a563537c',
    data: 2024-09-27T07:02:58.587Z,
    docinhosCoco: 40,
    __v: 0
  },
  {
    _id: new ObjectId('67d6739f0b7b3d7c356435f7'),
    id: '089194fb-cfaf-4b6a-9d67-712f9753675f',
    vendedorId: '5ddb314e-f18b-4236-b388-53d2a563537c',
    data: 2024-09-29T01:04:13.392Z,
    docinhosCoco: 59,
    __v: 0
  },
  {
    _id: new ObjectId('67d673a20b7b3d7c35643633'),
    id: '1548d34b-bdae-41d2-8636-8a81ca2c9bab',
    vendedorId: '5ddb314e-f18b-4236-b388-53d2a563537c',
    data: 2024-10-01T19:52:01.150Z,
    docinhosCoco: 73,
    __v: 0
  },
  {
    _id: new ObjectId('67d673a30b7b3d7c3564363d'),
    id: 'ac690207-3e30-490e-b8e0-45bf1fa36238',
    vendedorId: '5ddb314e-f18b-4236-b388-53d2a563537c',
    data: 2024-10-02T01:03:55.976Z,
    docinhosCoco: 42,
    __v: 0
  },
  {
    _id: new ObjectId('67d673a40b7b3d7c3564364f'),
    id: 'c0b3efa7-37f4-40ea-aba7-a3ae518a1569',
    vendedorId: '5ddb314e-f18b-4236-b388-53d2a563537c',
    data: 2024-10-02T10:57:54.061Z,
    docinhosCoco: 66,
    __v: 0
  },
  {
    _id: new ObjectId('67d673a40b7b3d7c35643659'),
    id: '29ebc758-917c-4d61-b156-c17c516c2e73',
    vendedorId: '5ddb314e-f18b-4236-b388-53d2a563537c',
    data: 2024-10-02T21:56:22.686Z,
    docinhosCoco: 72,
    __v: 0
  },
  {
    _id: new ObjectId('67d673a50b7b3d7c35643663'),
    id: '8da00be1-590c-4dd9-84c5-d28628d68274',
    vendedorId: '5ddb314e-f18b-4236-b388-53d2a563537c',
    data: 2024-10-03T03:00:04.798Z,
    docinhosCoco: 61,
    __v: 0
  },
  {
    _id: new ObjectId('67d673a50b7b3d7c35643671'),
    id: 'b0026adb-6e06-464d-b6ca-b6863f12e00d',
    vendedorId: '5ddb314e-f18b-4236-b388-53d2a563537c',
    data: 2024-10-03T19:15:07.952Z,
    docinhosCoco: 32,
    __v: 0
  },
  {
    _id: new ObjectId('67d673a70b7b3d7c3564368f'),
    id: '42032f3e-3725-4c98-ac99-61bbcb5b2329',
    vendedorId: '5ddb314e-f18b-4236-b388-53d2a563537c',
    data: 2024-10-05T04:05:37.930Z,
    docinhosCoco: 48,
    __v: 0
  },
  {
    _id: new ObjectId('67d673a80b7b3d7c356436a3'),
    id: 'f53b275e-dbcb-49a8-a6df-1d0c6d7a52b5',
    vendedorId: '5ddb314e-f18b-4236-b388-53d2a563537c',
    data: 2024-10-05T22:08:13.055Z,
    docinhosCoco: 66,
    __v: 0
  },
  {
    _id: new ObjectId('67d673ab0b7b3d7c356436e5'),
    id: 'e7cbaf6d-e0c5-4b41-b88d-aee651ba4015',
    vendedorId: '5ddb314e-f18b-4236-b388-53d2a563537c',
    data: 2024-10-07T13:48:26.913Z,
    docinhosCoco: 44,
    __v: 0
  },
  {
    _id: new ObjectId('67d673b60b7b3d7c356437af'),
    id: 'a0fa2e53-c69e-4010-94b4-cb415c512458',
    vendedorId: '5ddb314e-f18b-4236-b388-53d2a563537c',
    data: 2024-10-15T01:05:50.037Z,
    docinhosCoco: 75,
    __v: 0
  },
  {
    _id: new ObjectId('67d673bf0b7b3d7c3564386b'),
    id: '621a5d41-b777-498d-ac1c-61192cd8c520',
    vendedorId: '5ddb314e-f18b-4236-b388-53d2a563537c',
    data: 2024-10-20T21:57:36.480Z,
    docinhosCoco: 87,
    __v: 0
  },
  {
    _id: new ObjectId('67d673c70b7b3d7c35643901'),
    id: 'e97041ea-3559-4fad-991a-2e4455d9a407',
    vendedorId: '5ddb314e-f18b-4236-b388-53d2a563537c',
    data: 2024-10-26T08:40:47.898Z,
    docinhosCoco: 100,
    __v: 0
  },
  {
    _id: new ObjectId('67d673c90b7b3d7c35643925'),
    id: '7d295514-2657-422b-8d81-970c3d7cf751',
    vendedorId: '5ddb314e-f18b-4236-b388-53d2a563537c',
    data: 2024-10-26T22:29:49.164Z,
    docinhosCoco: 48,
    __v: 0
  },
  {
    _id: new ObjectId('67d673c90b7b3d7c3564392b'),
    id: '9476f454-176a-4034-b51f-c1abe44a5681',
    vendedorId: '5ddb314e-f18b-4236-b388-53d2a563537c',
    data: 2024-10-27T03:41:24.926Z,
    docinhosCoco: 63,
    __v: 0
  },
  {
    _id: new ObjectId('67d673cc0b7b3d7c35643965'),
    id: 'aabfce23-faaa-4c61-935e-a2d22a658f37',
    vendedorId: '5ddb314e-f18b-4236-b388-53d2a563537c',
    data: 2024-10-29T13:24:15.174Z,
    docinhosCoco: 35,
    __v: 0
  },
  {
    _id: new ObjectId('67d673cd0b7b3d7c3564397d'),
    id: 'e45e24c9-9c98-482f-96ed-bc1d6c2f2d8c',
    vendedorId: '5ddb314e-f18b-4236-b388-53d2a563537c',
    data: 2024-10-30T14:39:24.600Z,
    docinhosCoco: 31,
    __v: 0
  },
  {
    _id: new ObjectId('67d673ce0b7b3d7c3564398f'),
    id: '5be997bd-916c-4d06-80bb-c597d5bd04c8',
    vendedorId: '5ddb314e-f18b-4236-b388-53d2a563537c',
    data: 2024-10-31T03:16:55.439Z,
    docinhosCoco: 55,
    __v: 0
  },
  {
    _id: new ObjectId('67d673d20b7b3d7c356439df'),
    id: '3b097725-d780-4f5f-880d-362d3cdc1a04',
    vendedorId: '5ddb314e-f18b-4236-b388-53d2a563537c',
    data: 2024-11-03T00:59:53.544Z,
    docinhosCoco: 87,
    __v: 0
  },
  {
    _id: new ObjectId('67d673d40b7b3d7c356439f9'),
    id: '1b6853cc-b64f-4952-92ec-c446684c2763',
    vendedorId: '5ddb314e-f18b-4236-b388-53d2a563537c',
    data: 2024-11-03T18:07:57.707Z,
    docinhosCoco: 40,
    __v: 0
  },
  {
    _id: new ObjectId('67d673d60b7b3d7c35643a23'),
    id: '9445a871-e988-4162-b767-86659c30a74d',
    vendedorId: '5ddb314e-f18b-4236-b388-53d2a563537c',
    data: 2024-11-04T20:15:35.021Z,
    docinhosCoco: 37,
    __v: 0
  },
  {
    _id: new ObjectId('67d673db0b7b3d7c35643a8b'),
    id: '1293f2a3-7414-4f6a-9e05-e1f8d8970416',
    vendedorId: '5ddb314e-f18b-4236-b388-53d2a563537c',
    data: 2024-11-07T01:45:26.692Z,
    docinhosCoco: 73,
    __v: 0
  },
  {
    _id: new ObjectId('67d673db0b7b3d7c35643a95'),
    id: '40566871-bd31-44c9-a995-ffe589decde4',
    vendedorId: '5ddb314e-f18b-4236-b388-53d2a563537c',
    data: 2024-11-07T07:42:17.666Z,
    docinhosCoco: 66,
    __v: 0
  },
  {
    _id: new ObjectId('67d673e60b7b3d7c35643b69'),
    id: 'f61412f8-a163-42d6-8c38-981ff6e44150',
    vendedorId: '5ddb314e-f18b-4236-b388-53d2a563537c',
    data: 2024-11-14T07:38:15.129Z,
    docinhosCoco: 66,
    __v: 0
  },
  {
    _id: new ObjectId('67d673e80b7b3d7c35643b8f'),
    id: 'b0adea60-c780-4625-a558-5a9652cedf0b',
    vendedorId: '5ddb314e-f18b-4236-b388-53d2a563537c',
    data: 2024-11-15T13:07:42.562Z,
    docinhosCoco: 67,
    __v: 0
  },
  {
    _id: new ObjectId('67d673ea0b7b3d7c35643bab'),
    id: 'b227f732-199e-4e58-adfd-44492c7d8d6b',
    vendedorId: '5ddb314e-f18b-4236-b388-53d2a563537c',
    data: 2024-11-16T06:51:18.222Z,
    docinhosCoco: 98,
    __v: 0
  },
  {
    _id: new ObjectId('67d673f00b7b3d7c35643c21'),
    id: '29cc70fa-affd-4bee-b493-61f3aa6c7713',
    vendedorId: '5ddb314e-f18b-4236-b388-53d2a563537c',
    data: 2024-11-20T04:23:31.556Z,
    docinhosCoco: 51,
    __v: 0
  },
  {
    _id: new ObjectId('67d673f10b7b3d7c35643c35'),
    id: '969d3ffa-4322-4253-81bb-ad66ee63dbf7',
    vendedorId: '5ddb314e-f18b-4236-b388-53d2a563537c',
    data: 2024-11-20T21:02:13.823Z,
    docinhosCoco: 50,
    __v: 0
  },
  {
    _id: new ObjectId('67d673f40b7b3d7c35643c6f'),
    id: 'e507b4bc-9e15-4358-af1b-6e174a8dfcb1',
    vendedorId: '5ddb314e-f18b-4236-b388-53d2a563537c',
    data: 2024-11-22T16:35:06.609Z,
    docinhosCoco: 68,
    __v: 0
  },
  {
    _id: new ObjectId('67d673f80b7b3d7c35643cbd'),
    id: '54e1d126-5b9a-4c4a-804d-afa3cdc76a64',
    vendedorId: '5ddb314e-f18b-4236-b388-53d2a563537c',
    data: 2024-11-24T14:45:59.261Z,
    docinhosCoco: 55,
    __v: 0
  },
  {
    _id: new ObjectId('67d673f80b7b3d7c35643cc7'),
    id: '8abaffc1-360c-4e54-a689-41c2fc070bef',
    vendedorId: '5ddb314e-f18b-4236-b388-53d2a563537c',
    data: 2024-11-24T23:40:13.742Z,
    docinhosCoco: 53,
    __v: 0
  },
  {
    _id: new ObjectId('67d673f90b7b3d7c35643ccf'),
    id: '0045f5d1-38f7-40e3-bd5e-eb836e263fc2',
    vendedorId: '5ddb314e-f18b-4236-b388-53d2a563537c',
    data: 2024-11-25T05:33:32.336Z,
    docinhosCoco: 76,
    __v: 0
  },
  {
    _id: new ObjectId('67d673fc0b7b3d7c35643d09'),
    id: '2601e96e-2fdd-4338-bd5b-c7ecf2929b3d',
    vendedorId: '5ddb314e-f18b-4236-b388-53d2a563537c',
    data: 2024-11-27T05:02:16.898Z,
    docinhosCoco: 65,
    __v: 0
  },
  {
    _id: new ObjectId('67d673fd0b7b3d7c35643d23'),
    id: '220321cd-aae9-4103-bbdb-c95dd9055749',
    vendedorId: '5ddb314e-f18b-4236-b388-53d2a563537c',
    data: 2024-11-27T23:27:51.205Z,
    docinhosCoco: 42,
    __v: 0
  },
  {
    _id: new ObjectId('67d674010b7b3d7c35643d6f'),
    id: '1629c3d8-3133-48a2-9237-13cf09214b6c',
    vendedorId: '5ddb314e-f18b-4236-b388-53d2a563537c',
    data: 2024-11-30T07:47:18.706Z,
    docinhosCoco: 91,
    __v: 0
  },
  {
    _id: new ObjectId('67d674010b7b3d7c35643d77'),
    id: '707c4002-5ed3-4e7a-836b-29d7998b7089',
    vendedorId: '5ddb314e-f18b-4236-b388-53d2a563537c',
    data: 2024-11-30T09:24:13.095Z,
    docinhosCoco: 54,
    __v: 0
  },
  {
    _id: new ObjectId('67d674050b7b3d7c35643dbf'),
    id: '09c8aa1f-596a-448f-9d82-3b932e3ce0cd',
    vendedorId: '5ddb314e-f18b-4236-b388-53d2a563537c',
    data: 2024-12-02T09:26:16.871Z,
    docinhosCoco: 92,
    __v: 0
  },
  {
    _id: new ObjectId('67d674070b7b3d7c35643deb'),
    id: 'db447e23-b073-47ad-bbfa-536b731eea59',
    vendedorId: '5ddb314e-f18b-4236-b388-53d2a563537c',
    data: 2024-12-04T02:48:34.867Z,
    docinhosCoco: 63,
    __v: 0
  },
  {
    _id: new ObjectId('67d6740f0b7b3d7c35643e8d'),
    id: 'e8cc39cb-2cd3-408a-8767-748efde16bc6',
    vendedorId: '5ddb314e-f18b-4236-b388-53d2a563537c',
    data: 2024-12-09T03:13:31.168Z,
    docinhosCoco: 49,
    __v: 0
  },
  {
    _id: new ObjectId('67d674120b7b3d7c35643ec5'),
    id: 'f51b855f-2a25-4505-beee-b1f178c4c5a4',
    vendedorId: '5ddb314e-f18b-4236-b388-53d2a563537c',
    data: 2024-12-11T05:58:30.244Z,
    docinhosCoco: 79,
    __v: 0
  },
  {
    _id: new ObjectId('67d674170b7b3d7c35643f25'),
    id: '1f509307-3a6c-446f-ba2e-caa3c7a4d7f0',
    vendedorId: '5ddb314e-f18b-4236-b388-53d2a563537c',
    data: 2024-12-14T08:12:37.326Z,
    docinhosCoco: 52,
    __v: 0
  },
  {
    _id: new ObjectId('67d6741a0b7b3d7c35643f59'),
    id: '13ca52ef-ea97-4566-912b-022403d557b2',
    vendedorId: '5ddb314e-f18b-4236-b388-53d2a563537c',
    data: 2024-12-15T20:43:49.275Z,
    docinhosCoco: 76,
    __v: 0
  },
  {
    _id: new ObjectId('67d6741c0b7b3d7c35643f91'),
    id: 'f1e9d3aa-ba88-468c-b8c2-ed49d73d69ca',
    vendedorId: '5ddb314e-f18b-4236-b388-53d2a563537c',
    data: 2024-12-17T09:36:03.833Z,
    docinhosCoco: 51,
    __v: 0
  },
  {
    _id: new ObjectId('67d6741f0b7b3d7c35643fcb'),
    id: '4f92f4cd-ad95-4429-a21b-b5085e2ee259',
    vendedorId: '5ddb314e-f18b-4236-b388-53d2a563537c',
    data: 2024-12-19T23:31:03.485Z,
    docinhosCoco: 57,
    __v: 0
  },
  {
    _id: new ObjectId('67d674240b7b3d7c35644023'),
    id: '16983396-fec7-4dbf-94c6-f59ebfce4a14',
    vendedorId: '5ddb314e-f18b-4236-b388-53d2a563537c',
    data: 2024-12-22T21:53:34.708Z,
    docinhosCoco: 113,
    __v: 0
  },
  {
    _id: new ObjectId('67d674270b7b3d7c35644069'),
    id: '61968b81-beb0-46ee-97d6-46c8c410a9e7',
    vendedorId: '5ddb314e-f18b-4236-b388-53d2a563537c',
    data: 2024-12-24T15:14:39.009Z,
    docinhosCoco: 91,
    __v: 0
  },
  {
    _id: new ObjectId('67d674290b7b3d7c3564408f'),
    id: '4603e2d8-0b18-4825-8b4c-6b7e7d0aec5b',
    vendedorId: '5ddb314e-f18b-4236-b388-53d2a563537c',
    data: 2024-12-25T17:05:11.358Z,
    docinhosCoco: 50,
    __v: 0
  },
  {
    _id: new ObjectId('67d6742a0b7b3d7c35644091'),
    id: 'c57c10f4-8bcd-48f3-a39d-135b407a1b7f',
    vendedorId: '5ddb314e-f18b-4236-b388-53d2a563537c',
    data: 2024-12-25T20:35:22.305Z,
    docinhosCoco: 81,
    __v: 0
  },
  {
    _id: new ObjectId('67d6742c0b7b3d7c356440c7'),
    id: '820fba0f-c710-4ad0-962f-141fc75b03df',
    vendedorId: '5ddb314e-f18b-4236-b388-53d2a563537c',
    data: 2024-12-27T23:29:13.868Z,
    docinhosCoco: 56,
    __v: 0
  },
  {
    _id: new ObjectId('67d6742d0b7b3d7c356440d5'),
    id: '4e62e838-3ea1-452d-9f67-509107732bee',
    vendedorId: '5ddb314e-f18b-4236-b388-53d2a563537c',
    data: 2024-12-28T10:09:58.467Z,
    docinhosCoco: 95,
    __v: 0
  },
  {
    _id: new ObjectId('67d674330b7b3d7c35644151'),
    id: 'f1a1044f-32a5-4bff-b66c-be47e3e5c6eb',
    vendedorId: '5ddb314e-f18b-4236-b388-53d2a563537c',
    data: 2024-12-31T15:18:40.386Z,
    docinhosCoco: 51,
    __v: 0
  },
  {
    _id: new ObjectId('67d674350b7b3d7c3564417b'),
    id: '96309021-dfb8-444d-bb3b-e28bf54dc77d',
    vendedorId: '5ddb314e-f18b-4236-b388-53d2a563537c',
    data: 2025-01-01T19:17:07.848Z,
    docinhosCoco: 57,
    __v: 0
  },
  {
    _id: new ObjectId('67d6743e0b7b3d7c35644227'),
    id: '054b1276-f27e-4554-8a85-4aca6a11996a',
    vendedorId: '5ddb314e-f18b-4236-b388-53d2a563537c',
    data: 2025-01-07T23:28:38.732Z,
    docinhosCoco: 54,
    __v: 0
  },
  {
    _id: new ObjectId('67d6743f0b7b3d7c3564423d'),
    id: 'b54e5764-c299-487e-a483-9af6d37eea96',
    vendedorId: '5ddb314e-f18b-4236-b388-53d2a563537c',
    data: 2025-01-08T16:44:59.474Z,
    docinhosCoco: 45,
    __v: 0
  },
  {
    _id: new ObjectId('67d674420b7b3d7c3564427d'),
    id: 'a863863a-5005-4dd6-9a37-9d1f607a47f9',
    vendedorId: '5ddb314e-f18b-4236-b388-53d2a563537c',
    data: 2025-01-10T14:26:46.745Z,
    docinhosCoco: 36,
    __v: 0
  },
  {
    _id: new ObjectId('67d674460b7b3d7c356442bf'),
    id: '0aaa6953-8280-4944-89be-3f2e182953a8',
    vendedorId: '5ddb314e-f18b-4236-b388-53d2a563537c',
    data: 2025-01-13T01:02:33.514Z,
    docinhosCoco: 44,
    __v: 0
  },
  {
    _id: new ObjectId('67d674490b7b3d7c356442f7'),
    id: 'ef810ee9-693b-42bc-b0d8-0cf4efc403d6',
    vendedorId: '5ddb314e-f18b-4236-b388-53d2a563537c',
    data: 2025-01-15T05:55:22.062Z,
    docinhosCoco: 32,
    __v: 0
  },
  {
    _id: new ObjectId('67d6744f0b7b3d7c35644373'),
    id: '135baa3c-ab76-4b85-9b26-c26aa742eb63',
    vendedorId: '5ddb314e-f18b-4236-b388-53d2a563537c',
    data: 2025-01-19T02:12:24.075Z,
    docinhosCoco: 59,
    __v: 0
  },
  {
    _id: new ObjectId('67d6744f0b7b3d7c35644379'),
    id: 'a215aad4-9bd8-4d85-9dce-98e5c1349c96',
    vendedorId: '5ddb314e-f18b-4236-b388-53d2a563537c',
    data: 2025-01-19T10:14:34.012Z,
    docinhosCoco: 72,
    __v: 0
  },
  {
    _id: new ObjectId('67d674540b7b3d7c356443d7'),
    id: 'a750197f-c601-43a2-a1f0-327ebb2543fe',
    vendedorId: '5ddb314e-f18b-4236-b388-53d2a563537c',
    data: 2025-01-22T02:01:54.551Z,
    docinhosCoco: 40,
    __v: 0
  },
  {
    _id: new ObjectId('67d6745b0b7b3d7c35644461'),
    id: 'cb3fc51b-c00e-49cf-8466-058e6bfbdd90',
    vendedorId: '5ddb314e-f18b-4236-b388-53d2a563537c',
    data: 2025-01-27T02:59:50.082Z,
    docinhosCoco: 49,
    __v: 0
  },
  {
    _id: new ObjectId('67d6745d0b7b3d7c35644485'),
    id: '8e3faba9-a847-4806-bced-ce4308bb2d85',
    vendedorId: '5ddb314e-f18b-4236-b388-53d2a563537c',
    data: 2025-01-28T02:13:34.048Z,
    docinhosCoco: 69,
    __v: 0
  },
  {
    _id: new ObjectId('67d674650b7b3d7c35644515'),
    id: 'fa817769-ed68-4c77-a5ff-4fab123b3e8d',
    vendedorId: '5ddb314e-f18b-4236-b388-53d2a563537c',
    data: 2025-02-01T19:40:02.167Z,
    docinhosCoco: 49,
    __v: 0
  },
  {
    _id: new ObjectId('67d674660b7b3d7c3564451d'),
    id: '39b69b81-57cb-4a0b-85fd-3ef1aa5e749a',
    vendedorId: '5ddb314e-f18b-4236-b388-53d2a563537c',
    data: 2025-02-01T23:51:34.612Z,
    docinhosCoco: 71,
    __v: 0
  },
  {
    _id: new ObjectId('67d674670b7b3d7c3564452f'),
    id: 'ad314962-4a8b-4776-930d-e5e3e95c0447',
    vendedorId: '5ddb314e-f18b-4236-b388-53d2a563537c',
    data: 2025-02-02T15:17:03.999Z,
    docinhosCoco: 97,
    __v: 0
  },
  {
    _id: new ObjectId('67d6746c0b7b3d7c3564459d'),
    id: 'd2d2d9c7-32ba-4a2d-b1f1-6be4ed819d68',
    vendedorId: '5ddb314e-f18b-4236-b388-53d2a563537c',
    data: 2025-02-06T03:50:43.417Z,
    docinhosCoco: 77,
    __v: 0
  },
  {
    _id: new ObjectId('67d674700b7b3d7c356445e5'),
    id: 'a4ae6d05-8b7b-4e3a-96f4-883ddc0e6c3a',
    vendedorId: '5ddb314e-f18b-4236-b388-53d2a563537c',
    data: 2025-02-08T05:06:42.207Z,
    docinhosCoco: 87,
    __v: 0
  },
  {
    _id: new ObjectId('67d674710b7b3d7c35644601'),
    id: '157b4e7e-2b36-489d-a9aa-bf7e1b5b029c',
    vendedorId: '5ddb314e-f18b-4236-b388-53d2a563537c',
    data: 2025-02-08T22:30:54.133Z,
    docinhosCoco: 97,
    __v: 0
  },
  {
    _id: new ObjectId('67d674790b7b3d7c3564469d'),
    id: '7412dccf-862f-46a5-9456-1b9da5768db1',
    vendedorId: '5ddb314e-f18b-4236-b388-53d2a563537c',
    data: 2025-02-13T17:30:12.227Z,
    docinhosCoco: 37,
    __v: 0
  },
  {
    _id: new ObjectId('67d6747b0b7b3d7c356446bd'),
    id: 'e14ddc62-2790-405b-a0ea-c5c9951140b7',
    vendedorId: '5ddb314e-f18b-4236-b388-53d2a563537c',
    data: 2025-02-14T18:35:57.733Z,
    docinhosCoco: 46,
    __v: 0
  },
  {
    _id: new ObjectId('67d6747d0b7b3d7c356446e7'),
    id: 'f0a7be7a-1ec8-44cb-9bb8-163a7c62e014',
    vendedorId: '5ddb314e-f18b-4236-b388-53d2a563537c',
    data: 2025-02-15T22:53:15.578Z,
    docinhosCoco: 79,
    __v: 0
  },
  {
    _id: new ObjectId('67d674810b7b3d7c3564472f'),
    id: 'c9040e63-4a76-497e-b67a-0f1b1b0d13de',
    vendedorId: '5ddb314e-f18b-4236-b388-53d2a563537c',
    data: 2025-02-18T02:07:28.091Z,
    docinhosCoco: 61,
    __v: 0
  },
  ... 10 more items
]
✅ Processado vendedor: Sabrina Teixeira
Debug - Repository - Query params: {
  vendedorId: '86dd84f4-716e-47e3-ae13-fa7f3e431945',
  dataInicio: 2024-09-17T03:00:00.000Z,
  dataFim: 2025-03-18T02:59:59.999Z
}
Debug - Repository - MongoDB query: {
  vendedorId: '86dd84f4-716e-47e3-ae13-fa7f3e431945',
  data: { '$gte': 1726542000000, '$lte': 1742266799999 }
}
Debug - Repository - Resultado encontrado: [
  {
    _id: new ObjectId('67c9968790c4d048db4a8f88'),
    id: '2392c61e-d469-4401-aa14-58f3943957b7',
    vendedorId: '86dd84f4-716e-47e3-ae13-fa7f3e431945',
    data: 2025-01-14T00:00:00.000Z,
    docinhosCoco: 1642,
    __v: 0
  },
  {
    _id: new ObjectId('67c9969a90c4d048db4a8fae'),
    id: '3572c4d5-d798-4c91-9b26-f37321f6a9a0',
    vendedorId: '86dd84f4-716e-47e3-ae13-fa7f3e431945',
    data: 2025-01-03T00:00:00.000Z,
    docinhosCoco: 1753,
    __v: 0
  },
  {
    _id: new ObjectId('67c996bf90c4d048db4a901e'),
    id: 'd00a199d-e79a-40f7-9a20-cc56492cc38d',
    vendedorId: '86dd84f4-716e-47e3-ae13-fa7f3e431945',
    data: 2025-01-29T00:00:00.000Z,
    docinhosCoco: 727,
    __v: 0
  },
  {
    _id: new ObjectId('67c997e690c4d048db4a905b'),
    id: '0bfb5511-e274-4566-b4c4-8091b9041c59',
    vendedorId: '86dd84f4-716e-47e3-ae13-fa7f3e431945',
    data: 2025-02-09T00:00:00.000Z,
    docinhosCoco: 820,
    __v: 0
  },
  {
    _id: new ObjectId('67c9980390c4d048db4a9095'),
    id: 'f79fd389-8173-4299-a405-282f6571dbe3',
    vendedorId: '86dd84f4-716e-47e3-ae13-fa7f3e431945',
    data: 2025-02-10T00:00:00.000Z,
    docinhosCoco: 796,
    __v: 0
  },
  {
    _id: new ObjectId('67d6730f411c5e96033672ac'),
    id: 'd8c4fed2-2b9b-436a-af52-9997efc91eaf',
    vendedorId: '86dd84f4-716e-47e3-ae13-fa7f3e431945',
    data: 2025-02-28T06:43:15.110Z,
    docinhosCoco: 33,
    __v: 0
  },
  {
    _id: new ObjectId('67d6730f411c5e96033672ae'),
    id: 'b26a9700-60a6-49cd-b2c5-8968fa1cac07',
    vendedorId: '86dd84f4-716e-47e3-ae13-fa7f3e431945',
    data: 2025-03-08T06:43:15.110Z,
    docinhosCoco: 61,
    __v: 0
  },
  {
    _id: new ObjectId('67d6730f411c5e96033672b0'),
    id: '656d50fa-9c4e-463b-95a0-5d5e7117e525',
    vendedorId: '86dd84f4-716e-47e3-ae13-fa7f3e431945',
    data: 2025-02-18T06:43:15.110Z,
    docinhosCoco: 12,
    __v: 0
  },
  {
    _id: new ObjectId('67d6730f411c5e96033672b2'),
    id: '881ae2cf-48fd-4bf2-afa0-de0ed42f5784',
    vendedorId: '86dd84f4-716e-47e3-ae13-fa7f3e431945',
    data: 2025-03-14T06:43:15.110Z,
    docinhosCoco: 75,
    __v: 0
  },
  {
    _id: new ObjectId('67d6730f411c5e96033672b4'),
    id: 'fa01d764-624b-419e-98a6-5b5e1722926c',
    vendedorId: '86dd84f4-716e-47e3-ae13-fa7f3e431945',
    data: 2025-02-26T06:43:15.110Z,
    docinhosCoco: 72,
    __v: 0
  },
  {
    _id: new ObjectId('67d6730f411c5e96033672b6'),
    id: 'f42143a1-05e1-464c-9704-62280adc72ce',
    vendedorId: '86dd84f4-716e-47e3-ae13-fa7f3e431945',
    data: 2025-03-04T06:43:15.110Z,
    docinhosCoco: 99,
    __v: 0
  },
  {
    _id: new ObjectId('67d6730f411c5e96033672b8'),
    id: 'dd20d402-2701-4be3-a906-40ea3b1b7c97',
    vendedorId: '86dd84f4-716e-47e3-ae13-fa7f3e431945',
    data: 2025-03-13T06:43:15.110Z,
    docinhosCoco: 100,
    __v: 0
  },
  {
    _id: new ObjectId('67d6730f411c5e96033672ba'),
    id: 'b7094cb7-c29e-401d-837c-1d142d474ce6',
    vendedorId: '86dd84f4-716e-47e3-ae13-fa7f3e431945',
    data: 2025-03-06T06:43:15.110Z,
    docinhosCoco: 10,
    __v: 0
  },
  {
    _id: new ObjectId('67d67310411c5e96033672bc'),
    id: '906dcde9-1216-4eb2-8179-b7ac6e80e0a4',
    vendedorId: '86dd84f4-716e-47e3-ae13-fa7f3e431945',
    data: 2025-02-27T06:43:15.110Z,
    docinhosCoco: 63,
    __v: 0
  },
  {
    _id: new ObjectId('67d67310411c5e96033672be'),
    id: '3d255c48-bb59-48b4-ad2b-57c535bfad37',
    vendedorId: '86dd84f4-716e-47e3-ae13-fa7f3e431945',
    data: 2025-02-24T06:43:15.110Z,
    docinhosCoco: 81,
    __v: 0
  },
  {
    _id: new ObjectId('67d67310411c5e96033672c0'),
    id: 'f9bbd4d2-b88f-4aaa-a2ae-3b4a25fc6083',
    vendedorId: '86dd84f4-716e-47e3-ae13-fa7f3e431945',
    data: 2025-03-13T06:43:15.110Z,
    docinhosCoco: 22,
    __v: 0
  },
  {
    _id: new ObjectId('67d67310411c5e96033672c2'),
    id: '86176276-b0fc-45c2-a1f5-5f95a15cba84',
    vendedorId: '86dd84f4-716e-47e3-ae13-fa7f3e431945',
    data: 2025-02-27T06:43:15.110Z,
    docinhosCoco: 74,
    __v: 0
  },
  {
    _id: new ObjectId('67d67310411c5e96033672c4'),
    id: '0f830014-839b-4413-a9f4-abf386630b9f',
    vendedorId: '86dd84f4-716e-47e3-ae13-fa7f3e431945',
    data: 2025-03-08T06:43:15.110Z,
    docinhosCoco: 12,
    __v: 0
  },
  {
    _id: new ObjectId('67d67310411c5e96033672c6'),
    id: 'b1867d74-7787-4d91-abc8-96e4bce4ce41',
    vendedorId: '86dd84f4-716e-47e3-ae13-fa7f3e431945',
    data: 2025-02-21T06:43:15.110Z,
    docinhosCoco: 90,
    __v: 0
  },
  {
    _id: new ObjectId('67d67310411c5e96033672c8'),
    id: '975aa6b6-777b-450f-a4de-8c689d1cff27',
    vendedorId: '86dd84f4-716e-47e3-ae13-fa7f3e431945',
    data: 2025-03-10T06:43:15.110Z,
    docinhosCoco: 57,
    __v: 0
  },
  {
    _id: new ObjectId('67d6738f0b7b3d7c356434b9'),
    id: 'c21db4db-c359-46ae-9316-af1d59f13259',
    vendedorId: '86dd84f4-716e-47e3-ae13-fa7f3e431945',
    data: 2024-09-18T15:28:54.163Z,
    docinhosCoco: 54,
    __v: 0
  },
  {
    _id: new ObjectId('67d673900b7b3d7c356434c7'),
    id: 'df4cc4c7-90a4-4336-89b2-48b17c85c2d9',
    vendedorId: '86dd84f4-716e-47e3-ae13-fa7f3e431945',
    data: 2024-09-19T07:18:45.457Z,
    docinhosCoco: 70,
    __v: 0
  },
  {
    _id: new ObjectId('67d673900b7b3d7c356434cf'),
    id: 'e68aabbf-6b2a-490a-b6b7-23e81f91808b',
    vendedorId: '86dd84f4-716e-47e3-ae13-fa7f3e431945',
    data: 2024-09-19T11:43:32.011Z,
    docinhosCoco: 36,
    __v: 0
  },
  {
    _id: new ObjectId('67d673900b7b3d7c356434d1'),
    id: '2b680231-70fb-4d78-bb4b-f321a5156659',
    vendedorId: '86dd84f4-716e-47e3-ae13-fa7f3e431945',
    data: 2024-09-19T12:38:59.868Z,
    docinhosCoco: 42,
    __v: 0
  },
  {
    _id: new ObjectId('67d673930b7b3d7c3564350f'),
    id: 'a6a425da-0cce-4e72-8ffd-84761e313ca3',
    vendedorId: '86dd84f4-716e-47e3-ae13-fa7f3e431945',
    data: 2024-09-21T22:54:20.625Z,
    docinhosCoco: 46,
    __v: 0
  },
  {
    _id: new ObjectId('67d6739b0b7b3d7c3564359d'),
    id: '891d2259-2b4b-46e2-b705-6e7499605a00',
    vendedorId: '86dd84f4-716e-47e3-ae13-fa7f3e431945',
    data: 2024-09-25T16:50:33.253Z,
    docinhosCoco: 32,
    __v: 0
  },
  {
    _id: new ObjectId('67d6739c0b7b3d7c356435bd'),
    id: 'b3b5cbfb-449c-4a13-b785-c6f856c540c5',
    vendedorId: '86dd84f4-716e-47e3-ae13-fa7f3e431945',
    data: 2024-09-26T21:42:24.925Z,
    docinhosCoco: 78,
    __v: 0
  },
  {
    _id: new ObjectId('67d6739d0b7b3d7c356435c7'),
    id: 'f4c1cf23-7c30-4c6a-892f-f8397a9ef945',
    vendedorId: '86dd84f4-716e-47e3-ae13-fa7f3e431945',
    data: 2024-09-27T08:45:48.948Z,
    docinhosCoco: 56,
    __v: 0
  },
  {
    _id: new ObjectId('67d673a70b7b3d7c35643689'),
    id: 'a62e2858-b225-43a7-910d-61c06bc862a5',
    vendedorId: '86dd84f4-716e-47e3-ae13-fa7f3e431945',
    data: 2024-10-05T00:09:14.671Z,
    docinhosCoco: 44,
    __v: 0
  },
  {
    _id: new ObjectId('67d673ac0b7b3d7c356436eb'),
    id: '5b20e602-e1b2-4557-baec-bd6ed5c4ed7a',
    vendedorId: '86dd84f4-716e-47e3-ae13-fa7f3e431945',
    data: 2024-10-08T08:47:25.776Z,
    docinhosCoco: 43,
    __v: 0
  },
  {
    _id: new ObjectId('67d673ae0b7b3d7c35643711'),
    id: '6c609c3c-5259-4622-b7b8-fdda879a8e90',
    vendedorId: '86dd84f4-716e-47e3-ae13-fa7f3e431945',
    data: 2024-10-09T22:09:04.447Z,
    docinhosCoco: 74,
    __v: 0
  },
  {
    _id: new ObjectId('67d673b10b7b3d7c3564374b'),
    id: '1aa02f61-35b4-4fb3-b00e-d3c3d68b1148',
    vendedorId: '86dd84f4-716e-47e3-ae13-fa7f3e431945',
    data: 2024-10-11T14:27:32.686Z,
    docinhosCoco: 61,
    __v: 0
  },
  {
    _id: new ObjectId('67d673b40b7b3d7c35643785'),
    id: 'd55498a2-fed9-40e1-8b1c-df38275af5bd',
    vendedorId: '86dd84f4-716e-47e3-ae13-fa7f3e431945',
    data: 2024-10-13T10:41:45.650Z,
    docinhosCoco: 78,
    __v: 0
  },
  {
    _id: new ObjectId('67d673b50b7b3d7c356437a3'),
    id: '52eb54ef-76a8-4d7a-9ffc-4e11825a3193',
    vendedorId: '86dd84f4-716e-47e3-ae13-fa7f3e431945',
    data: 2024-10-14T14:12:00.939Z,
    docinhosCoco: 60,
    __v: 0
  },
  {
    _id: new ObjectId('67d673b50b7b3d7c356437a5'),
    id: '42f4c906-5274-4742-96bf-810869353a3d',
    vendedorId: '86dd84f4-716e-47e3-ae13-fa7f3e431945',
    data: 2024-10-14T17:14:47.461Z,
    docinhosCoco: 60,
    __v: 0
  },
  {
    _id: new ObjectId('67d673b50b7b3d7c356437a9'),
    id: '0af001a5-5c02-44de-a815-133f1c7fb79f',
    vendedorId: '86dd84f4-716e-47e3-ae13-fa7f3e431945',
    data: 2024-10-14T18:50:41.798Z,
    docinhosCoco: 65,
    __v: 0
  },
  {
    _id: new ObjectId('67d673b70b7b3d7c356437bf'),
    id: 'f5bb0298-c404-47a7-b637-30e46e597671',
    vendedorId: '86dd84f4-716e-47e3-ae13-fa7f3e431945',
    data: 2024-10-15T07:51:55.443Z,
    docinhosCoco: 74,
    __v: 0
  },
  {
    _id: new ObjectId('67d673bb0b7b3d7c3564381d'),
    id: 'af4ed989-0bea-4abf-a9b7-068a2b113c58',
    vendedorId: '86dd84f4-716e-47e3-ae13-fa7f3e431945',
    data: 2024-10-18T19:46:13.980Z,
    docinhosCoco: 61,
    __v: 0
  },
  {
    _id: new ObjectId('67d673bd0b7b3d7c35643843'),
    id: '48fb413a-a128-4cc0-891e-405034177681',
    vendedorId: '86dd84f4-716e-47e3-ae13-fa7f3e431945',
    data: 2024-10-19T14:53:02.706Z,
    docinhosCoco: 87,
    __v: 0
  },
  {
    _id: new ObjectId('67d673c20b7b3d7c35643899'),
    id: '7859771b-7997-4e2a-b420-a8505565f101',
    vendedorId: '86dd84f4-716e-47e3-ae13-fa7f3e431945',
    data: 2024-10-22T11:56:49.641Z,
    docinhosCoco: 47,
    __v: 0
  },
  {
    _id: new ObjectId('67d673c20b7b3d7c3564389b'),
    id: 'bdfd99ea-1b78-452c-a99c-79af5c25297d',
    vendedorId: '86dd84f4-716e-47e3-ae13-fa7f3e431945',
    data: 2024-10-22T12:09:25.553Z,
    docinhosCoco: 62,
    __v: 0
  },
  {
    _id: new ObjectId('67d673c20b7b3d7c3564389f'),
    id: 'd3c63f27-1a28-4f73-a48b-29d4f3b28b7d',
    vendedorId: '86dd84f4-716e-47e3-ae13-fa7f3e431945',
    data: 2024-10-22T14:43:13.168Z,
    docinhosCoco: 64,
    __v: 0
  },
  {
    _id: new ObjectId('67d673c40b7b3d7c356438c3'),
    id: '55b2250a-7550-4eed-a421-eb59460e2715',
    vendedorId: '86dd84f4-716e-47e3-ae13-fa7f3e431945',
    data: 2024-10-23T23:35:27.016Z,
    docinhosCoco: 71,
    __v: 0
  },
  {
    _id: new ObjectId('67d673c40b7b3d7c356438c9'),
    id: '6b4aab9f-8c59-462a-9759-02495ac4c3a5',
    vendedorId: '86dd84f4-716e-47e3-ae13-fa7f3e431945',
    data: 2024-10-24T02:22:01.214Z,
    docinhosCoco: 43,
    __v: 0
  },
  {
    _id: new ObjectId('67d673c40b7b3d7c356438d1'),
    id: 'ba4c8979-348e-4257-b59b-eb046b00172d',
    vendedorId: '86dd84f4-716e-47e3-ae13-fa7f3e431945',
    data: 2024-10-24T05:15:00.450Z,
    docinhosCoco: 45,
    __v: 0
  },
  {
    _id: new ObjectId('67d673c80b7b3d7c35643913'),
    id: 'e316effd-b8a2-4f6d-acfa-2cb0b418ddaf',
    vendedorId: '86dd84f4-716e-47e3-ae13-fa7f3e431945',
    data: 2024-10-26T14:42:38.415Z,
    docinhosCoco: 102,
    __v: 0
  },
  {
    _id: new ObjectId('67d673c90b7b3d7c3564392d'),
    id: '62410816-3847-4e74-8faf-b46df51fe817',
    vendedorId: '86dd84f4-716e-47e3-ae13-fa7f3e431945',
    data: 2024-10-27T04:20:22.104Z,
    docinhosCoco: 104,
    __v: 0
  },
  {
    _id: new ObjectId('67d673cd0b7b3d7c35643971'),
    id: 'c06d51c6-142d-4fd3-8110-0223fcefd12c',
    vendedorId: '86dd84f4-716e-47e3-ae13-fa7f3e431945',
    data: 2024-10-30T04:43:37.608Z,
    docinhosCoco: 48,
    __v: 0
  },
  {
    _id: new ObjectId('67d673cf0b7b3d7c356439a3'),
    id: '00346fd7-71e2-4721-bbb3-022786bca117',
    vendedorId: '86dd84f4-716e-47e3-ae13-fa7f3e431945',
    data: 2024-10-31T19:03:36.148Z,
    docinhosCoco: 62,
    __v: 0
  },
  {
    _id: new ObjectId('67d673d30b7b3d7c356439f1'),
    id: '8dcf97f3-c71f-43a5-ba0e-0fe37d0dab85',
    vendedorId: '86dd84f4-716e-47e3-ae13-fa7f3e431945',
    data: 2024-11-03T11:54:05.008Z,
    docinhosCoco: 54,
    __v: 0
  },
  {
    _id: new ObjectId('67d673d90b7b3d7c35643a5d'),
    id: '9a3bf4db-060f-4445-aa31-33d419857e84',
    vendedorId: '86dd84f4-716e-47e3-ae13-fa7f3e431945',
    data: 2024-11-06T05:30:23.252Z,
    docinhosCoco: 45,
    __v: 0
  },
  {
    _id: new ObjectId('67d673da0b7b3d7c35643a71'),
    id: 'ac348f75-1d3b-4b0e-9f3f-55f4cdf4e870',
    vendedorId: '86dd84f4-716e-47e3-ae13-fa7f3e431945',
    data: 2024-11-06T13:58:31.899Z,
    docinhosCoco: 58,
    __v: 0
  },
  {
    _id: new ObjectId('67d673db0b7b3d7c35643a89'),
    id: 'a074d99a-fb5f-459b-9375-07d195f0f42d',
    vendedorId: '86dd84f4-716e-47e3-ae13-fa7f3e431945',
    data: 2024-11-07T00:52:34.742Z,
    docinhosCoco: 45,
    __v: 0
  },
  {
    _id: new ObjectId('67d673dd0b7b3d7c35643ab3'),
    id: '3c11da22-a891-43f3-addf-d8295cfa00b7',
    vendedorId: '86dd84f4-716e-47e3-ae13-fa7f3e431945',
    data: 2024-11-08T10:38:40.179Z,
    docinhosCoco: 72,
    __v: 0
  },
  {
    _id: new ObjectId('67d673df0b7b3d7c35643ad5'),
    id: 'f2568f23-1321-48fe-8108-8ee1c766ec22',
    vendedorId: '86dd84f4-716e-47e3-ae13-fa7f3e431945',
    data: 2024-11-09T17:26:19.804Z,
    docinhosCoco: 41,
    __v: 0
  },
  {
    _id: new ObjectId('67d673df0b7b3d7c35643ad7'),
    id: '48170456-f5e9-44c4-820d-3c66276f828f',
    vendedorId: '86dd84f4-716e-47e3-ae13-fa7f3e431945',
    data: 2024-11-09T19:56:14.915Z,
    docinhosCoco: 59,
    __v: 0
  },
  {
    _id: new ObjectId('67d673e30b7b3d7c35643b31'),
    id: 'de9acd14-a026-44c2-84d7-bc4def7a5e69',
    vendedorId: '86dd84f4-716e-47e3-ae13-fa7f3e431945',
    data: 2024-11-12T09:15:00.499Z,
    docinhosCoco: 68,
    __v: 0
  },
  {
    _id: new ObjectId('67d673e60b7b3d7c35643b61'),
    id: '19e90764-3edb-4118-921f-11a6d616adde',
    vendedorId: '86dd84f4-716e-47e3-ae13-fa7f3e431945',
    data: 2024-11-14T00:38:53.867Z,
    docinhosCoco: 31,
    __v: 0
  },
  {
    _id: new ObjectId('67d673e60b7b3d7c35643b65'),
    id: '0538c424-c94f-436a-9978-7bb0c5706c00',
    vendedorId: '86dd84f4-716e-47e3-ae13-fa7f3e431945',
    data: 2024-11-14T06:15:31.945Z,
    docinhosCoco: 60,
    __v: 0
  },
  {
    _id: new ObjectId('67d673e90b7b3d7c35643b9d'),
    id: 'bd2a179e-c34a-4bb1-985b-9f3866a6a685',
    vendedorId: '86dd84f4-716e-47e3-ae13-fa7f3e431945',
    data: 2024-11-15T18:42:21.852Z,
    docinhosCoco: 80,
    __v: 0
  },
  {
    _id: new ObjectId('67d673ea0b7b3d7c35643bb5'),
    id: 'a8cb5dee-4bdd-467b-89c7-bc73c4af22f7',
    vendedorId: '86dd84f4-716e-47e3-ae13-fa7f3e431945',
    data: 2024-11-16T14:50:03.518Z,
    docinhosCoco: 94,
    __v: 0
  },
  {
    _id: new ObjectId('67d673ec0b7b3d7c35643bdf'),
    id: 'f47fd730-1d63-4378-8d89-1bc3c46e8ae0',
    vendedorId: '86dd84f4-716e-47e3-ae13-fa7f3e431945',
    data: 2024-11-17T16:54:41.351Z,
    docinhosCoco: 98,
    __v: 0
  },
  {
    _id: new ObjectId('67d673f30b7b3d7c35643c69'),
    id: 'e440a44b-65e9-4881-8fb6-026d47ed6e22',
    vendedorId: '86dd84f4-716e-47e3-ae13-fa7f3e431945',
    data: 2024-11-22T12:35:27.677Z,
    docinhosCoco: 46,
    __v: 0
  },
  {
    _id: new ObjectId('67d673f50b7b3d7c35643c81'),
    id: '70c2f232-2fbc-4c4a-ba81-257938a4df1f',
    vendedorId: '86dd84f4-716e-47e3-ae13-fa7f3e431945',
    data: 2024-11-22T22:35:21.053Z,
    docinhosCoco: 42,
    __v: 0
  },
  {
    _id: new ObjectId('67d673fe0b7b3d7c35643d39'),
    id: '22010208-7014-4a22-9e70-cbab748b164f',
    vendedorId: '86dd84f4-716e-47e3-ae13-fa7f3e431945',
    data: 2024-11-28T13:58:02.828Z,
    docinhosCoco: 65,
    __v: 0
  },
  {
    _id: new ObjectId('67d673fe0b7b3d7c35643d3f'),
    id: 'ebcbcdff-5b28-4333-9065-9acceaf1d0e2',
    vendedorId: '86dd84f4-716e-47e3-ae13-fa7f3e431945',
    data: 2024-11-28T20:59:15.274Z,
    docinhosCoco: 55,
    __v: 0
  },
  {
    _id: new ObjectId('67d673ff0b7b3d7c35643d4d'),
    id: '8fc94df8-e421-43a2-b585-e06e3f572f13',
    vendedorId: '86dd84f4-716e-47e3-ae13-fa7f3e431945',
    data: 2024-11-29T07:46:36.974Z,
    docinhosCoco: 43,
    __v: 0
  },
  {
    _id: new ObjectId('67d673ff0b7b3d7c35643d51'),
    id: '0a6afe38-a066-4e5a-8009-11b392531673',
    vendedorId: '86dd84f4-716e-47e3-ae13-fa7f3e431945',
    data: 2024-11-29T11:15:40.096Z,
    docinhosCoco: 78,
    __v: 0
  },
  {
    _id: new ObjectId('67d674010b7b3d7c35643d6b'),
    id: 'b49ca916-e2c2-4bfc-81e0-6cf6485701e9',
    vendedorId: '86dd84f4-716e-47e3-ae13-fa7f3e431945',
    data: 2024-11-30T06:31:21.793Z,
    docinhosCoco: 74,
    __v: 0
  },
  {
    _id: new ObjectId('67d6740e0b7b3d7c35643e77'),
    id: 'ae5d6b81-61e7-45e1-9bc5-5bc71a6518b7',
    vendedorId: '86dd84f4-716e-47e3-ae13-fa7f3e431945',
    data: 2024-12-08T12:08:23.293Z,
    docinhosCoco: 116,
    __v: 0
  },
  {
    _id: new ObjectId('67d674100b7b3d7c35643ea5'),
    id: 'eeb26c26-bbe7-456e-9ee7-165eb5b155f5',
    vendedorId: '86dd84f4-716e-47e3-ae13-fa7f3e431945',
    data: 2024-12-10T03:32:43.731Z,
    docinhosCoco: 49,
    __v: 0
  },
  {
    _id: new ObjectId('67d674130b7b3d7c35643ed1'),
    id: 'ad8e9d68-bbc9-425b-ad03-5d64d69b36fe',
    vendedorId: '86dd84f4-716e-47e3-ae13-fa7f3e431945',
    data: 2024-12-11T17:19:00.983Z,
    docinhosCoco: 73,
    __v: 0
  },
  {
    _id: new ObjectId('67d674140b7b3d7c35643ee1'),
    id: 'f48b0ff0-01d0-4af8-a55f-d8fc1b02ca79',
    vendedorId: '86dd84f4-716e-47e3-ae13-fa7f3e431945',
    data: 2024-12-12T07:28:31.862Z,
    docinhosCoco: 50,
    __v: 0
  },
  {
    _id: new ObjectId('67d674160b7b3d7c35643f09'),
    id: '8507d640-afe8-4e73-afa0-e540250adf80',
    vendedorId: '86dd84f4-716e-47e3-ae13-fa7f3e431945',
    data: 2024-12-13T12:19:14.655Z,
    docinhosCoco: 45,
    __v: 0
  },
  {
    _id: new ObjectId('67d674170b7b3d7c35643f27'),
    id: '78221782-cfa2-4a21-b5b0-85dd58ac6891',
    vendedorId: '86dd84f4-716e-47e3-ae13-fa7f3e431945',
    data: 2024-12-14T08:50:39.086Z,
    docinhosCoco: 112,
    __v: 0
  },
  {
    _id: new ObjectId('67d674190b7b3d7c35643f47'),
    id: '54e60ef9-8129-4d20-b6ed-b43fdec876a5',
    vendedorId: '86dd84f4-716e-47e3-ae13-fa7f3e431945',
    data: 2024-12-15T08:59:49.419Z,
    docinhosCoco: 100,
    __v: 0
  },
  {
    _id: new ObjectId('67d6741a0b7b3d7c35643f63'),
    id: '74c81ffb-f24a-4b63-bf31-ebdf3cbf90fe',
    vendedorId: '86dd84f4-716e-47e3-ae13-fa7f3e431945',
    data: 2024-12-16T02:22:13.333Z,
    docinhosCoco: 108,
    __v: 0
  },
  {
    _id: new ObjectId('67d6741a0b7b3d7c35643f67'),
    id: '4a70beee-ebed-4ecc-a7f1-8a10a9eae153',
    vendedorId: '86dd84f4-716e-47e3-ae13-fa7f3e431945',
    data: 2024-12-16T05:30:51.226Z,
    docinhosCoco: 61,
    __v: 0
  },
  {
    _id: new ObjectId('67d6741d0b7b3d7c35643fa3'),
    id: '755a660e-1ed3-44d5-ad79-dc265f45bd41',
    vendedorId: '86dd84f4-716e-47e3-ae13-fa7f3e431945',
    data: 2024-12-17T21:19:13.256Z,
    docinhosCoco: 55,
    __v: 0
  },
  {
    _id: new ObjectId('67d6741e0b7b3d7c35643fa7'),
    id: 'c4fc2bef-63ec-4987-838f-56391460474a',
    vendedorId: '86dd84f4-716e-47e3-ae13-fa7f3e431945',
    data: 2024-12-18T04:41:29.286Z,
    docinhosCoco: 63,
    __v: 0
  },
  {
    _id: new ObjectId('67d674220b7b3d7c35643ff5'),
    id: '6c3bf98f-37f6-4a6c-a981-2e932ac77a12',
    vendedorId: '86dd84f4-716e-47e3-ae13-fa7f3e431945',
    data: 2024-12-21T02:47:30.496Z,
    docinhosCoco: 62,
    __v: 0
  },
  {
    _id: new ObjectId('67d674270b7b3d7c35644059'),
    id: 'b3e6ed5e-a41c-4418-9d3f-339fcef00c6e',
    vendedorId: '86dd84f4-716e-47e3-ae13-fa7f3e431945',
    data: 2024-12-24T06:35:10.407Z,
    docinhosCoco: 36,
    __v: 0
  },
  {
    _id: new ObjectId('67d6742b0b7b3d7c356440a9'),
    id: '295f7f27-4d0f-44b9-b7fd-e71114f1b284',
    vendedorId: '86dd84f4-716e-47e3-ae13-fa7f3e431945',
    data: 2024-12-27T00:46:44.782Z,
    docinhosCoco: 70,
    __v: 0
  },
  {
    _id: new ObjectId('67d6742b0b7b3d7c356440ad'),
    id: '40547cd7-1298-4f65-904e-f7134728d8c3',
    vendedorId: '86dd84f4-716e-47e3-ae13-fa7f3e431945',
    data: 2024-12-27T05:03:46.476Z,
    docinhosCoco: 94,
    __v: 0
  },
  {
    _id: new ObjectId('67d6742e0b7b3d7c356440e7'),
    id: '2f75f7be-63ae-41fa-91df-202b4e40ae45',
    vendedorId: '86dd84f4-716e-47e3-ae13-fa7f3e431945',
    data: 2024-12-28T20:39:33.197Z,
    docinhosCoco: 78,
    __v: 0
  },
  {
    _id: new ObjectId('67d6742e0b7b3d7c356440f3'),
    id: '11c27187-c2e3-4eb0-8025-89188427e76f',
    vendedorId: '86dd84f4-716e-47e3-ae13-fa7f3e431945',
    data: 2024-12-29T03:46:34.306Z,
    docinhosCoco: 113,
    __v: 0
  },
  {
    _id: new ObjectId('67d6742f0b7b3d7c356440f9'),
    id: '2a758ff0-86b8-41e4-b9ab-8424b0d345fc',
    vendedorId: '86dd84f4-716e-47e3-ae13-fa7f3e431945',
    data: 2024-12-29T07:23:23.672Z,
    docinhosCoco: 90,
    __v: 0
  },
  {
    _id: new ObjectId('67d674330b7b3d7c35644143'),
    id: 'd312d1d3-f525-490b-a90b-beb1cc056d9e',
    vendedorId: '86dd84f4-716e-47e3-ae13-fa7f3e431945',
    data: 2024-12-31T04:54:08.915Z,
    docinhosCoco: 54,
    __v: 0
  },
  {
    _id: new ObjectId('67d674330b7b3d7c35644155'),
    id: 'b2a3f79f-9658-49e9-8b75-01dccd989f48',
    vendedorId: '86dd84f4-716e-47e3-ae13-fa7f3e431945',
    data: 2024-12-31T18:42:31.286Z,
    docinhosCoco: 60,
    __v: 0
  },
  {
    _id: new ObjectId('67d6743b0b7b3d7c356441e3'),
    id: 'eafa7cc9-881d-4156-a3c2-f657f05e611f',
    vendedorId: '86dd84f4-716e-47e3-ae13-fa7f3e431945',
    data: 2025-01-05T09:06:25.245Z,
    docinhosCoco: 42,
    __v: 0
  },
  {
    _id: new ObjectId('67d6743d0b7b3d7c35644211'),
    id: '4e2394cf-7c5c-4968-92d0-37de66c684cb',
    vendedorId: '86dd84f4-716e-47e3-ae13-fa7f3e431945',
    data: 2025-01-07T10:09:59.438Z,
    docinhosCoco: 55,
    __v: 0
  },
  {
    _id: new ObjectId('67d674410b7b3d7c3564425b'),
    id: '9966518b-5bad-4db4-b21a-dc5c2e37bff9',
    vendedorId: '86dd84f4-716e-47e3-ae13-fa7f3e431945',
    data: 2025-01-09T11:20:11.947Z,
    docinhosCoco: 67,
    __v: 0
  },
  {
    _id: new ObjectId('67d674490b7b3d7c35644309'),
    id: 'b8d2ad8f-a6b8-49d7-a5f3-472a36a6d9a2',
    vendedorId: '86dd84f4-716e-47e3-ae13-fa7f3e431945',
    data: 2025-01-15T20:43:50.530Z,
    docinhosCoco: 70,
    __v: 0
  },
  {
    _id: new ObjectId('67d6744e0b7b3d7c35644367'),
    id: 'ea555e14-8fa5-419d-9043-14d2738fbb9b',
    vendedorId: '86dd84f4-716e-47e3-ae13-fa7f3e431945',
    data: 2025-01-18T20:57:37.903Z,
    docinhosCoco: 93,
    __v: 0
  },
  {
    _id: new ObjectId('67d674500b7b3d7c35644391'),
    id: 'c2d1a5d0-802f-4760-a229-226a64c42bda',
    vendedorId: '86dd84f4-716e-47e3-ae13-fa7f3e431945',
    data: 2025-01-20T00:18:42.978Z,
    docinhosCoco: 55,
    __v: 0
  },
  {
    _id: new ObjectId('67d674510b7b3d7c356443a5'),
    id: 'd35508b2-17e6-4e0d-9505-7a60299972c4',
    vendedorId: '86dd84f4-716e-47e3-ae13-fa7f3e431945',
    data: 2025-01-20T14:09:27.127Z,
    docinhosCoco: 45,
    __v: 0
  },
  {
    _id: new ObjectId('67d674530b7b3d7c356443bf'),
    id: '4058cb00-dcf9-43dd-9f1a-6066ae92ffe2',
    vendedorId: '86dd84f4-716e-47e3-ae13-fa7f3e431945',
    data: 2025-01-21T11:44:14.465Z,
    docinhosCoco: 70,
    __v: 0
  },
  {
    _id: new ObjectId('67d674530b7b3d7c356443c3'),
    id: '431b0002-35a9-4c72-b9ed-fdc733de6227',
    vendedorId: '86dd84f4-716e-47e3-ae13-fa7f3e431945',
    data: 2025-01-21T12:48:27.504Z,
    docinhosCoco: 68,
    __v: 0
  },
  {
    _id: new ObjectId('67d674550b7b3d7c356443e7'),
    id: '5e320a66-9fa9-410f-b2d3-6d7d25e8dda3',
    vendedorId: '86dd84f4-716e-47e3-ae13-fa7f3e431945',
    data: 2025-01-22T14:53:27.198Z,
    docinhosCoco: 76,
    __v: 0
  },
  {
    _id: new ObjectId('67d674600b7b3d7c356444c9'),
    id: '620d1066-9800-4814-b2df-4a283ad238ff',
    vendedorId: '86dd84f4-716e-47e3-ae13-fa7f3e431945',
    data: 2025-01-30T12:37:59.430Z,
    docinhosCoco: 42,
    __v: 0
  },
  ... 22 more items
]
✅ Processado vendedor: Sara Brito
Debug - Repository - Query params: {
  vendedorId: '3a31e4a3-8616-4ca0-8d0b-2446abed10e4',
  dataInicio: 2024-09-17T03:00:00.000Z,
  dataFim: 2025-03-18T02:59:59.999Z
}
Debug - Repository - MongoDB query: {
  vendedorId: '3a31e4a3-8616-4ca0-8d0b-2446abed10e4',
  data: { '$gte': 1726542000000, '$lte': 1742266799999 }
}
Debug - Repository - Resultado encontrado: [
  {
    _id: new ObjectId('67c9968a90c4d048db4a8f94'),
    id: '95870980-288e-4198-83bb-bf02fee30d7e',
    vendedorId: '3a31e4a3-8616-4ca0-8d0b-2446abed10e4',
    data: 2025-01-20T00:00:00.000Z,
    docinhosCoco: 718,
    __v: 0
  },
  {
    _id: new ObjectId('67c9969f90c4d048db4a8fc0'),
    id: '80a4d10e-ab10-441e-a77b-3d1748a1610d',
    vendedorId: '3a31e4a3-8616-4ca0-8d0b-2446abed10e4',
    data: 2025-01-12T00:00:00.000Z,
    docinhosCoco: 536,
    __v: 0
  },
  {
    _id: new ObjectId('67c996be90c4d048db4a9018'),
    id: 'c37035eb-95af-40dc-8f9c-35b659dc4daa',
    vendedorId: '3a31e4a3-8616-4ca0-8d0b-2446abed10e4',
    data: 2025-01-26T00:00:00.000Z,
    docinhosCoco: 1646,
    __v: 0
  },
  {
    _id: new ObjectId('67c997ff90c4d048db4a9085'),
    id: 'a9b8dd6e-e4aa-45f6-8200-d6384ed09453',
    vendedorId: '3a31e4a3-8616-4ca0-8d0b-2446abed10e4',
    data: 2025-02-02T00:00:00.000Z,
    docinhosCoco: 675,
    __v: 0
  },
  {
    _id: new ObjectId('67c9980690c4d048db4a90a1'),
    id: '6e0632f3-e589-4f2b-9245-cb78506eeeee',
    vendedorId: '3a31e4a3-8616-4ca0-8d0b-2446abed10e4',
    data: 2025-02-15T00:00:00.000Z,
    docinhosCoco: 738,
    __v: 0
  },
  {
    _id: new ObjectId('67ce3a007a37fffb7c669d7a'),
    id: '5428fedf-62f3-496d-a2f6-5f6948099a59',
    vendedorId: '3a31e4a3-8616-4ca0-8d0b-2446abed10e4',
    data: 2025-01-06T00:00:00.000Z,
    docinhosCoco: 1690,
    __v: 0
  },
  {
    _id: new ObjectId('67ce3a037a37fffb7c669d7c'),
    id: 'a506cd5e-66f7-4d6e-a854-b6d148b04d44',
    vendedorId: '3a31e4a3-8616-4ca0-8d0b-2446abed10e4',
    data: 2025-01-07T00:00:00.000Z,
    docinhosCoco: 1310,
    __v: 0
  },
  {
    _id: new ObjectId('67ce42e37a37fffb7c669dd2'),
    id: 'ef372c9e-b386-4576-9cb7-75a055e32a4a',
    vendedorId: '3a31e4a3-8616-4ca0-8d0b-2446abed10e4',
    data: 2025-01-08T00:00:00.000Z,
    docinhosCoco: 822,
    __v: 0
  },
  {
    _id: new ObjectId('67ce42e77a37fffb7c669dd4'),
    id: 'b9863850-1072-4637-958d-dfb551f40eee',
    vendedorId: '3a31e4a3-8616-4ca0-8d0b-2446abed10e4',
    data: 2025-01-09T00:00:00.000Z,
    docinhosCoco: 1896,
    __v: 0
  },
  {
    _id: new ObjectId('67ce42ea7a37fffb7c669dd6'),
    id: 'bf9752c2-86e2-4363-a20c-30ed27ce236a',
    vendedorId: '3a31e4a3-8616-4ca0-8d0b-2446abed10e4',
    data: 2025-01-10T00:00:00.000Z,
    docinhosCoco: 1084,
    __v: 0
  },
  {
    _id: new ObjectId('67d67310411c5e96033672ca'),
    id: '19a02cbc-cba9-456c-be9d-6fe1ba07317d',
    vendedorId: '3a31e4a3-8616-4ca0-8d0b-2446abed10e4',
    data: 2025-03-14T06:43:15.110Z,
    docinhosCoco: 53,
    __v: 0
  },
  {
    _id: new ObjectId('67d67310411c5e96033672cc'),
    id: 'eb5ba0ed-d263-43d8-aa89-7d068e4e6c1d',
    vendedorId: '3a31e4a3-8616-4ca0-8d0b-2446abed10e4',
    data: 2025-03-14T06:43:15.110Z,
    docinhosCoco: 16,
    __v: 0
  },
  {
    _id: new ObjectId('67d67311411c5e96033672ce'),
    id: '1c795e0f-6cff-474b-82c5-d51720362952',
    vendedorId: '3a31e4a3-8616-4ca0-8d0b-2446abed10e4',
    data: 2025-03-07T06:43:15.110Z,
    docinhosCoco: 63,
    __v: 0
  },
  {
    _id: new ObjectId('67d67311411c5e96033672d0'),
    id: 'cf55a6b1-339e-4b8e-87de-c1427631932c',
    vendedorId: '3a31e4a3-8616-4ca0-8d0b-2446abed10e4',
    data: 2025-02-18T06:43:15.110Z,
    docinhosCoco: 75,
    __v: 0
  },
  {
    _id: new ObjectId('67d67311411c5e96033672d2'),
    id: '2af81442-1c52-48f7-911c-3957f51cdb77',
    vendedorId: '3a31e4a3-8616-4ca0-8d0b-2446abed10e4',
    data: 2025-02-25T06:43:15.110Z,
    docinhosCoco: 87,
    __v: 0
  },
  {
    _id: new ObjectId('67d67311411c5e96033672d4'),
    id: '3f9a247e-26e1-407a-9956-5e8dd0979453',
    vendedorId: '3a31e4a3-8616-4ca0-8d0b-2446abed10e4',
    data: 2025-02-15T06:43:15.110Z,
    docinhosCoco: 55,
    __v: 0
  },
  {
    _id: new ObjectId('67d67311411c5e96033672d6'),
    id: 'a8346662-677b-4de9-a334-a709149f93f4',
    vendedorId: '3a31e4a3-8616-4ca0-8d0b-2446abed10e4',
    data: 2025-03-16T06:43:15.110Z,
    docinhosCoco: 27,
    __v: 0
  },
  {
    _id: new ObjectId('67d67311411c5e96033672d8'),
    id: 'd5c901da-4d5d-4a5a-b80c-ce34b8660470',
    vendedorId: '3a31e4a3-8616-4ca0-8d0b-2446abed10e4',
    data: 2025-02-23T06:43:15.110Z,
    docinhosCoco: 15,
    __v: 0
  },
  {
    _id: new ObjectId('67d67311411c5e96033672da'),
    id: 'eb1a8421-746c-4ab1-900d-991b896187d5',
    vendedorId: '3a31e4a3-8616-4ca0-8d0b-2446abed10e4',
    data: 2025-03-13T06:43:15.110Z,
    docinhosCoco: 32,
    __v: 0
  },
  {
    _id: new ObjectId('67d67311411c5e96033672dc'),
    id: '94d788b2-58f0-46b4-a23d-38c9dafa5d70',
    vendedorId: '3a31e4a3-8616-4ca0-8d0b-2446abed10e4',
    data: 2025-03-02T06:43:15.110Z,
    docinhosCoco: 39,
    __v: 0
  },
  {
    _id: new ObjectId('67d67311411c5e96033672de'),
    id: '264adfe0-a266-40da-a017-ae36052f22f0',
    vendedorId: '3a31e4a3-8616-4ca0-8d0b-2446abed10e4',
    data: 2025-03-11T06:43:15.110Z,
    docinhosCoco: 34,
    __v: 0
  },
  {
    _id: new ObjectId('67d67311411c5e96033672e0'),
    id: '1e89c6b7-90d2-40fe-b196-4a1104fdec3b',
    vendedorId: '3a31e4a3-8616-4ca0-8d0b-2446abed10e4',
    data: 2025-02-18T06:43:15.110Z,
    docinhosCoco: 93,
    __v: 0
  },
  {
    _id: new ObjectId('67d67312411c5e96033672e2'),
    id: '57d55907-4eec-4205-b2a3-4bb9e41fa165',
    vendedorId: '3a31e4a3-8616-4ca0-8d0b-2446abed10e4',
    data: 2025-03-12T06:43:15.110Z,
    docinhosCoco: 49,
    __v: 0
  },
  {
    _id: new ObjectId('67d67312411c5e96033672e4'),
    id: 'f7c2e99c-6718-4555-8936-a1ad99f2562a',
    vendedorId: '3a31e4a3-8616-4ca0-8d0b-2446abed10e4',
    data: 2025-02-17T06:43:15.110Z,
    docinhosCoco: 31,
    __v: 0
  },
  {
    _id: new ObjectId('67d67312411c5e96033672e6'),
    id: 'a5fad3ab-7847-47e8-aeab-c598ccd52f83',
    vendedorId: '3a31e4a3-8616-4ca0-8d0b-2446abed10e4',
    data: 2025-03-13T06:43:15.110Z,
    docinhosCoco: 87,
    __v: 0
  },
  {
    _id: new ObjectId('67d67312411c5e96033672e8'),
    id: 'eaf5b644-e9fe-4aa2-8e96-d4293af2598f',
    vendedorId: '3a31e4a3-8616-4ca0-8d0b-2446abed10e4',
    data: 2025-03-11T06:43:15.110Z,
    docinhosCoco: 33,
    __v: 0
  },
  {
    _id: new ObjectId('67d67312411c5e96033672ea'),
    id: '4234fd14-ba1b-4d3a-ab40-5177a11534f9',
    vendedorId: '3a31e4a3-8616-4ca0-8d0b-2446abed10e4',
    data: 2025-03-01T06:43:15.110Z,
    docinhosCoco: 87,
    __v: 0
  },
  {
    _id: new ObjectId('67d67312411c5e96033672ec'),
    id: '91929e12-a43b-41aa-8c08-883bdb065851',
    vendedorId: '3a31e4a3-8616-4ca0-8d0b-2446abed10e4',
    data: 2025-02-18T06:43:15.110Z,
    docinhosCoco: 82,
    __v: 0
  },
  {
    _id: new ObjectId('67d67312411c5e96033672ee'),
    id: '0b440084-eba6-4625-b7d1-4450aed1f810',
    vendedorId: '3a31e4a3-8616-4ca0-8d0b-2446abed10e4',
    data: 2025-02-16T06:43:15.110Z,
    docinhosCoco: 44,
    __v: 0
  },
  {
    _id: new ObjectId('67d67312411c5e96033672f0'),
    id: '6d322344-7fbd-4db8-a60e-589056c3abe2',
    vendedorId: '3a31e4a3-8616-4ca0-8d0b-2446abed10e4',
    data: 2025-03-12T06:43:15.110Z,
    docinhosCoco: 96,
    __v: 0
  },
  {
    _id: new ObjectId('67d6738e0b7b3d7c3564349d'),
    id: 'd96b4404-5aa1-4793-9583-98df0f5ae01b',
    vendedorId: '3a31e4a3-8616-4ca0-8d0b-2446abed10e4',
    data: 2024-09-17T21:30:59.909Z,
    docinhosCoco: 40,
    __v: 0
  },
  {
    _id: new ObjectId('67d673930b7b3d7c35643505'),
    id: '32f1903b-850d-48b5-9f93-a9ceafd49bd0',
    vendedorId: '3a31e4a3-8616-4ca0-8d0b-2446abed10e4',
    data: 2024-09-21T10:49:14.848Z,
    docinhosCoco: 67,
    __v: 0
  },
  {
    _id: new ObjectId('67d673950b7b3d7c3564352b'),
    id: '6650b9c0-d226-4c02-9cad-56d314bb00ec',
    vendedorId: '3a31e4a3-8616-4ca0-8d0b-2446abed10e4',
    data: 2024-09-22T18:17:55.796Z,
    docinhosCoco: 97,
    __v: 0
  },
  {
    _id: new ObjectId('67d673a20b7b3d7c35643625'),
    id: '81392ff8-97ba-4ca0-90b6-6a5b23914636',
    vendedorId: '3a31e4a3-8616-4ca0-8d0b-2446abed10e4',
    data: 2024-10-01T05:27:34.317Z,
    docinhosCoco: 70,
    __v: 0
  },
  {
    _id: new ObjectId('67d673b40b7b3d7c35643789'),
    id: '77335fcf-c149-4a52-93a4-1b3115296d63',
    vendedorId: '3a31e4a3-8616-4ca0-8d0b-2446abed10e4',
    data: 2024-10-13T13:08:35.744Z,
    docinhosCoco: 42,
    __v: 0
  },
  {
    _id: new ObjectId('67d673bf0b7b3d7c35643863'),
    id: '9c127794-f8f4-4b44-ba72-37209ccfd2eb',
    vendedorId: '3a31e4a3-8616-4ca0-8d0b-2446abed10e4',
    data: 2024-10-20T15:28:37.220Z,
    docinhosCoco: 70,
    __v: 0
  },
  {
    _id: new ObjectId('67d673c30b7b3d7c356438bb'),
    id: '9b962fa9-d929-46b1-b0f1-322605c782cb',
    vendedorId: '3a31e4a3-8616-4ca0-8d0b-2446abed10e4',
    data: 2024-10-23T14:33:09.206Z,
    docinhosCoco: 43,
    __v: 0
  },
  {
    _id: new ObjectId('67d673c60b7b3d7c356438eb'),
    id: '600d06f2-b193-4362-abb8-aa690609600e',
    vendedorId: '3a31e4a3-8616-4ca0-8d0b-2446abed10e4',
    data: 2024-10-25T13:48:45.158Z,
    docinhosCoco: 56,
    __v: 0
  },
  {
    _id: new ObjectId('67d673c80b7b3d7c35643917'),
    id: '4203c4f4-da8b-4610-bd11-6f61f9b1feba',
    vendedorId: '3a31e4a3-8616-4ca0-8d0b-2446abed10e4',
    data: 2024-10-26T15:05:56.467Z,
    docinhosCoco: 58,
    __v: 0
  },
  {
    _id: new ObjectId('67d673cb0b7b3d7c3564394d'),
    id: '55c05d30-2a37-4bf4-a2bb-c455b608cc74',
    vendedorId: '3a31e4a3-8616-4ca0-8d0b-2446abed10e4',
    data: 2024-10-28T09:46:04.540Z,
    docinhosCoco: 38,
    __v: 0
  },
  {
    _id: new ObjectId('67d673cb0b7b3d7c35643957'),
    id: 'e9a6e4e4-6dd6-4cae-a3d8-2da881ff4ccb',
    vendedorId: '3a31e4a3-8616-4ca0-8d0b-2446abed10e4',
    data: 2024-10-28T23:06:58.089Z,
    docinhosCoco: 44,
    __v: 0
  },
  {
    _id: new ObjectId('67d673da0b7b3d7c35643a75'),
    id: '93111dcc-8899-4fa2-ab92-c5dbb4662812',
    vendedorId: '3a31e4a3-8616-4ca0-8d0b-2446abed10e4',
    data: 2024-11-06T15:56:47.452Z,
    docinhosCoco: 69,
    __v: 0
  },
  {
    _id: new ObjectId('67d673e40b7b3d7c35643b33'),
    id: '36697343-0fd6-4fb5-a48c-ede91e7674c6',
    vendedorId: '3a31e4a3-8616-4ca0-8d0b-2446abed10e4',
    data: 2024-11-12T12:30:00.931Z,
    docinhosCoco: 62,
    __v: 0
  },
  {
    _id: new ObjectId('67d673ed0b7b3d7c35643bf1'),
    id: 'ff79eda6-2290-47f5-9e28-fb0caabb1e2a',
    vendedorId: '3a31e4a3-8616-4ca0-8d0b-2446abed10e4',
    data: 2024-11-18T09:17:07.173Z,
    docinhosCoco: 64,
    __v: 0
  },
  {
    _id: new ObjectId('67d673f20b7b3d7c35643c51'),
    id: '72144fe8-98ec-48d6-b9ec-376c24935572',
    vendedorId: '3a31e4a3-8616-4ca0-8d0b-2446abed10e4',
    data: 2024-11-21T20:39:29.548Z,
    docinhosCoco: 68,
    __v: 0
  },
  {
    _id: new ObjectId('67d673f80b7b3d7c35643cbf'),
    id: '210f1ca2-df7e-458d-ab5c-eeb6b58fef01',
    vendedorId: '3a31e4a3-8616-4ca0-8d0b-2446abed10e4',
    data: 2024-11-24T14:50:06.586Z,
    docinhosCoco: 72,
    __v: 0
  },
  {
    _id: new ObjectId('67d673fc0b7b3d7c35643d13'),
    id: '94942ff7-45b8-4331-8184-3f616c8d03f3',
    vendedorId: '3a31e4a3-8616-4ca0-8d0b-2446abed10e4',
    data: 2024-11-27T14:08:32.010Z,
    docinhosCoco: 76,
    __v: 0
  },
  {
    _id: new ObjectId('67d673ff0b7b3d7c35643d55'),
    id: 'ab1a034f-92bf-4f35-85a3-ebcd57dd3111',
    vendedorId: '3a31e4a3-8616-4ca0-8d0b-2446abed10e4',
    data: 2024-11-29T14:28:20.710Z,
    docinhosCoco: 55,
    __v: 0
  },
  {
    _id: new ObjectId('67d674050b7b3d7c35643dc3'),
    id: 'd52df3bf-db2b-4354-b8f4-ba042e29326e',
    vendedorId: '3a31e4a3-8616-4ca0-8d0b-2446abed10e4',
    data: 2024-12-02T12:05:39.483Z,
    docinhosCoco: 60,
    __v: 0
  },
  {
    _id: new ObjectId('67d674090b7b3d7c35643e0f'),
    id: '7f3d8456-3e3f-4628-8b6b-227dd6a0650b',
    vendedorId: '3a31e4a3-8616-4ca0-8d0b-2446abed10e4',
    data: 2024-12-05T11:05:02.711Z,
    docinhosCoco: 85,
    __v: 0
  },
  {
    _id: new ObjectId('67d6740a0b7b3d7c35643e25'),
    id: 'a7d2a615-fb7e-4fd4-8ab8-819a9d0e55fa',
    vendedorId: '3a31e4a3-8616-4ca0-8d0b-2446abed10e4',
    data: 2024-12-06T11:15:52.660Z,
    docinhosCoco: 46,
    __v: 0
  },
  {
    _id: new ObjectId('67d6740e0b7b3d7c35643e79'),
    id: 'a3dce2b4-a3e5-46bb-a1ae-0c58516e9b9a',
    vendedorId: '3a31e4a3-8616-4ca0-8d0b-2446abed10e4',
    data: 2024-12-08T13:39:33.561Z,
    docinhosCoco: 53,
    __v: 0
  },
  {
    _id: new ObjectId('67d674190b7b3d7c35643f55'),
    id: 'c93bf3b5-9164-49c5-b273-97a999f57891',
    vendedorId: '3a31e4a3-8616-4ca0-8d0b-2446abed10e4',
    data: 2024-12-15T19:54:39.854Z,
    docinhosCoco: 61,
    __v: 0
  },
  {
    _id: new ObjectId('67d6741c0b7b3d7c35643f8f'),
    id: 'e3bfbb54-82ad-4dcd-a9e0-d3e177b0ac60',
    vendedorId: '3a31e4a3-8616-4ca0-8d0b-2446abed10e4',
    data: 2024-12-17T09:05:47.716Z,
    docinhosCoco: 79,
    __v: 0
  },
  {
    _id: new ObjectId('67d6741f0b7b3d7c35643fbd'),
    id: 'fb186e75-a9a7-4faf-8740-9a71b62b855f',
    vendedorId: '3a31e4a3-8616-4ca0-8d0b-2446abed10e4',
    data: 2024-12-19T06:09:30.128Z,
    docinhosCoco: 85,
    __v: 0
  },
  {
    _id: new ObjectId('67d674200b7b3d7c35643fdf'),
    id: '6a762734-2b80-43e8-990c-77399ca380aa',
    vendedorId: '3a31e4a3-8616-4ca0-8d0b-2446abed10e4',
    data: 2024-12-20T09:36:36.297Z,
    docinhosCoco: 80,
    __v: 0
  },
  {
    _id: new ObjectId('67d674210b7b3d7c35643fe7'),
    id: '2d9c8a9c-50d0-43c4-8dd4-f40995ee6dc6',
    vendedorId: '3a31e4a3-8616-4ca0-8d0b-2446abed10e4',
    data: 2024-12-20T11:55:21.418Z,
    docinhosCoco: 81,
    __v: 0
  },
  {
    _id: new ObjectId('67d674220b7b3d7c35644003'),
    id: 'b26b7f5b-2ec2-41c6-aec3-7a84ea050028',
    vendedorId: '3a31e4a3-8616-4ca0-8d0b-2446abed10e4',
    data: 2024-12-21T11:15:24.681Z,
    docinhosCoco: 65,
    __v: 0
  },
  {
    _id: new ObjectId('67d6742d0b7b3d7c356440cf'),
    id: '9021b360-9cc6-422a-b15f-f258aefcee80',
    vendedorId: '3a31e4a3-8616-4ca0-8d0b-2446abed10e4',
    data: 2024-12-28T07:26:24.961Z,
    docinhosCoco: 52,
    __v: 0
  },
  {
    _id: new ObjectId('67d6743a0b7b3d7c356441d5'),
    id: '30e5a633-2d1a-47b7-b0be-2bfbcaca37f6',
    vendedorId: '3a31e4a3-8616-4ca0-8d0b-2446abed10e4',
    data: 2025-01-05T03:32:24.556Z,
    docinhosCoco: 62,
    __v: 0
  },
  {
    _id: new ObjectId('67d674420b7b3d7c3564426d'),
    id: '5f20d6bf-f82c-4766-aa39-445cc477b7f1',
    vendedorId: '3a31e4a3-8616-4ca0-8d0b-2446abed10e4',
    data: 2025-01-10T00:18:18.209Z,
    docinhosCoco: 47,
    __v: 0
  },
  {
    _id: new ObjectId('67d6744a0b7b3d7c35644319'),
    id: '0f51bc8c-1278-482e-afc6-18fb56603692',
    vendedorId: '3a31e4a3-8616-4ca0-8d0b-2446abed10e4',
    data: 2025-01-16T10:42:21.714Z,
    docinhosCoco: 52,
    __v: 0
  },
  {
    _id: new ObjectId('67d6744e0b7b3d7c3564436b'),
    id: '1ccf6786-ad05-44b5-b9ef-5e657469ced3',
    vendedorId: '3a31e4a3-8616-4ca0-8d0b-2446abed10e4',
    data: 2025-01-18T23:57:06.173Z,
    docinhosCoco: 42,
    __v: 0
  },
  {
    _id: new ObjectId('67d674540b7b3d7c356443e1'),
    id: '276433e6-c817-4144-b040-244970a7d040',
    vendedorId: '3a31e4a3-8616-4ca0-8d0b-2446abed10e4',
    data: 2025-01-22T13:26:18.041Z,
    docinhosCoco: 55,
    __v: 0
  },
  {
    _id: new ObjectId('67d674560b7b3d7c35644401'),
    id: 'e174dfe7-d84f-46c2-bd9b-7dc906c837fb',
    vendedorId: '3a31e4a3-8616-4ca0-8d0b-2446abed10e4',
    data: 2025-01-24T06:54:43.043Z,
    docinhosCoco: 67,
    __v: 0
  },
  {
    _id: new ObjectId('67d674560b7b3d7c35644407'),
    id: '1a38aa50-6115-4855-8771-9632ec366b58',
    vendedorId: '3a31e4a3-8616-4ca0-8d0b-2446abed10e4',
    data: 2025-01-24T15:43:31.961Z,
    docinhosCoco: 37,
    __v: 0
  },
  {
    _id: new ObjectId('67d674580b7b3d7c35644423'),
    id: 'fd63ebc0-5d5a-4621-bd6f-a51dae9b43a2',
    vendedorId: '3a31e4a3-8616-4ca0-8d0b-2446abed10e4',
    data: 2025-01-25T09:25:14.911Z,
    docinhosCoco: 92,
    __v: 0
  },
  {
    _id: new ObjectId('67d674590b7b3d7c35644433'),
    id: 'dcbd85b4-d708-40d6-b9a5-2a1ab78e7afc',
    vendedorId: '3a31e4a3-8616-4ca0-8d0b-2446abed10e4',
    data: 2025-01-25T20:56:30.173Z,
    docinhosCoco: 92,
    __v: 0
  },
  {
    _id: new ObjectId('67d674590b7b3d7c35644439'),
    id: 'f3596006-8972-4239-b064-189fc6184363',
    vendedorId: '3a31e4a3-8616-4ca0-8d0b-2446abed10e4',
    data: 2025-01-26T04:17:02.814Z,
    docinhosCoco: 57,
    __v: 0
  },
  {
    _id: new ObjectId('67d6745c0b7b3d7c3564447d'),
    id: '7d5a9c29-c5b0-4020-ac27-1537a1facf4d',
    vendedorId: '3a31e4a3-8616-4ca0-8d0b-2446abed10e4',
    data: 2025-01-27T21:32:09.038Z,
    docinhosCoco: 63,
    __v: 0
  },
  {
    _id: new ObjectId('67d6745e0b7b3d7c3564449f'),
    id: 'a6849ea4-2c72-4632-bf44-ac95b30f90bb',
    vendedorId: '3a31e4a3-8616-4ca0-8d0b-2446abed10e4',
    data: 2025-01-29T01:50:46.002Z,
    docinhosCoco: 51,
    __v: 0
  },
  {
    _id: new ObjectId('67d6745f0b7b3d7c356444a7'),
    id: 'd85135ae-52ce-451e-9ff0-fb08a2fa9dca',
    vendedorId: '3a31e4a3-8616-4ca0-8d0b-2446abed10e4',
    data: 2025-01-29T07:47:58.664Z,
    docinhosCoco: 41,
    __v: 0
  },
  {
    _id: new ObjectId('67d674620b7b3d7c356444e5'),
    id: '000cd6f1-0e5d-4595-96c2-ffe4a38b8179',
    vendedorId: '3a31e4a3-8616-4ca0-8d0b-2446abed10e4',
    data: 2025-01-31T10:50:33.518Z,
    docinhosCoco: 30,
    __v: 0
  },
  {
    _id: new ObjectId('67d674650b7b3d7c3564450d'),
    id: '65f9a540-6775-41ad-9b6d-1afa71153f6d',
    vendedorId: '3a31e4a3-8616-4ca0-8d0b-2446abed10e4',
    data: 2025-02-01T14:07:07.280Z,
    docinhosCoco: 102,
    __v: 0
  },
  {
    _id: new ObjectId('67d674690b7b3d7c35644559'),
    id: '1e1e9b2c-d221-45e9-b088-912e403aa6ca',
    vendedorId: '3a31e4a3-8616-4ca0-8d0b-2446abed10e4',
    data: 2025-02-03T23:38:19.451Z,
    docinhosCoco: 52,
    __v: 0
  },
  {
    _id: new ObjectId('67d6746f0b7b3d7c356445d9'),
    id: '9e7d0729-c9a3-4cd5-b196-94951ea70ebd',
    vendedorId: '3a31e4a3-8616-4ca0-8d0b-2446abed10e4',
    data: 2025-02-07T15:41:11.001Z,
    docinhosCoco: 77,
    __v: 0
  },
  {
    _id: new ObjectId('67d674710b7b3d7c356445fd'),
    id: '5ff1f58b-5583-4a5d-a651-37d1652d046e',
    vendedorId: '3a31e4a3-8616-4ca0-8d0b-2446abed10e4',
    data: 2025-02-08T21:51:39.939Z,
    docinhosCoco: 48,
    __v: 0
  },
  {
    _id: new ObjectId('67d6747a0b7b3d7c356446b1'),
    id: 'a635b98e-9e79-40fd-90b6-e28ad3cbc10b',
    vendedorId: '3a31e4a3-8616-4ca0-8d0b-2446abed10e4',
    data: 2025-02-14T11:40:02.146Z,
    docinhosCoco: 64,
    __v: 0
  },
  {
    _id: new ObjectId('67d6747b0b7b3d7c356446b7'),
    id: 'c0a03c29-902b-429d-a1f8-5e9e20ffad58',
    vendedorId: '3a31e4a3-8616-4ca0-8d0b-2446abed10e4',
    data: 2025-02-14T17:43:53.893Z,
    docinhosCoco: 31,
    __v: 0
  },
  {
    _id: new ObjectId('67d6747d0b7b3d7c356446ed'),
    id: '3efdff16-7d93-4b70-9d4d-ec160f30c902',
    vendedorId: '3a31e4a3-8616-4ca0-8d0b-2446abed10e4',
    data: 2025-02-16T01:15:16.116Z,
    docinhosCoco: 62,
    __v: 0
  },
  {
    _id: new ObjectId('67d674830b7b3d7c35644763'),
    id: '03dadbbb-3bad-4d33-b17f-955b356ece3e',
    vendedorId: '3a31e4a3-8616-4ca0-8d0b-2446abed10e4',
    data: 2025-02-19T13:53:06.794Z,
    docinhosCoco: 35,
    __v: 0
  },
  {
    _id: new ObjectId('67d6748b0b7b3d7c35644801'),
    id: 'ab537b20-187e-47b1-bd49-662d15138422',
    vendedorId: '3a31e4a3-8616-4ca0-8d0b-2446abed10e4',
    data: 2025-02-26T02:03:30.263Z,
    docinhosCoco: 37,
    __v: 0
  },
  {
    _id: new ObjectId('67d6748c0b7b3d7c35644803'),
    id: 'bb0704b1-ed29-47b1-9791-ab72b7a281af',
    vendedorId: '3a31e4a3-8616-4ca0-8d0b-2446abed10e4',
    data: 2025-02-26T02:33:55.726Z,
    docinhosCoco: 69,
    __v: 0
  },
  {
    _id: new ObjectId('67d6748c0b7b3d7c35644809'),
    id: '341e9d40-855b-4cc1-978d-f26cfe5d9cbe',
    vendedorId: '3a31e4a3-8616-4ca0-8d0b-2446abed10e4',
    data: 2025-02-26T06:21:46.043Z,
    docinhosCoco: 67,
    __v: 0
  },
  {
    _id: new ObjectId('67d6748e0b7b3d7c35644831'),
    id: 'bcec1d29-6a65-4ae4-a167-134835f41c91',
    vendedorId: '3a31e4a3-8616-4ca0-8d0b-2446abed10e4',
    data: 2025-02-27T17:22:06.204Z,
    docinhosCoco: 78,
    __v: 0
  },
  {
    _id: new ObjectId('67d6748f0b7b3d7c35644841'),
    id: '1bd9e6c2-fd90-4ac1-9b58-f3f75d419d2d',
    vendedorId: '3a31e4a3-8616-4ca0-8d0b-2446abed10e4',
    data: 2025-02-27T23:54:32.684Z,
    docinhosCoco: 56,
    __v: 0
  },
  {
    _id: new ObjectId('67d674920b7b3d7c35644879'),
    id: 'f6089d81-b501-4c0b-b9c6-a901121585b5',
    vendedorId: '3a31e4a3-8616-4ca0-8d0b-2446abed10e4',
    data: 2025-03-02T07:44:23.069Z,
    docinhosCoco: 80,
    __v: 0
  },
  {
    _id: new ObjectId('67d6749b0b7b3d7c35644939'),
    id: '3ac964fc-a4b7-4cf9-8d0e-bbba1c564924',
    vendedorId: '3a31e4a3-8616-4ca0-8d0b-2446abed10e4',
    data: 2025-03-08T12:58:14.783Z,
    docinhosCoco: 97,
    __v: 0
  },
  {
    _id: new ObjectId('67d674a10b7b3d7c356449af'),
    id: '99dff4e4-46a0-4d20-a952-c82bf4aafd3e',
    vendedorId: '3a31e4a3-8616-4ca0-8d0b-2446abed10e4',
    data: 2025-03-12T08:02:30.784Z,
    docinhosCoco: 67,
    __v: 0
  },
  {
    _id: new ObjectId('67d674a40b7b3d7c356449e1'),
    id: '55694e1f-b697-4272-a0b9-e740da4fc754',
    vendedorId: '3a31e4a3-8616-4ca0-8d0b-2446abed10e4',
    data: 2025-03-13T19:18:42.470Z,
    docinhosCoco: 53,
    __v: 0
  }
]
✅ Processado vendedor: Milena Teixeira
Debug - Repository - Query params: {
  vendedorId: '5cffbd47-a8ef-46ab-9604-6d5574939feb',
  dataInicio: 2024-09-17T03:00:00.000Z,
  dataFim: 2025-03-18T02:59:59.999Z
}
Debug - Repository - MongoDB query: {
  vendedorId: '5cffbd47-a8ef-46ab-9604-6d5574939feb',
  data: { '$gte': 1726542000000, '$lte': 1742266799999 }
}
Debug - Repository - Resultado encontrado: [
  {
    _id: new ObjectId('67c9968690c4d048db4a8f84'),
    id: 'd13adcb1-4b8c-42f9-bf4e-b97fad115101',
    vendedorId: '5cffbd47-a8ef-46ab-9604-6d5574939feb',
    data: 2025-01-12T00:00:00.000Z,
    docinhosCoco: 1346,
    __v: 0
  },
  {
    _id: new ObjectId('67c996a190c4d048db4a8fc8'),
    id: '91f1c6b7-5faa-4940-a831-3c2d67ef7819',
    vendedorId: '5cffbd47-a8ef-46ab-9604-6d5574939feb',
    data: 2025-01-16T00:00:00.000Z,
    docinhosCoco: 1055,
    __v: 0
  },
  {
    _id: new ObjectId('67c996b590c4d048db4a8fee'),
    id: '9ed1d7b4-ecea-4ba6-94f5-282993200f6c',
    vendedorId: '5cffbd47-a8ef-46ab-9604-6d5574939feb',
    data: 2025-01-05T00:00:00.000Z,
    docinhosCoco: 915,
    __v: 0
  },
  {
    _id: new ObjectId('67c997eb90c4d048db4a9071'),
    id: '046e1e45-d245-4d87-aa83-81d4ac7939f4',
    vendedorId: '5cffbd47-a8ef-46ab-9604-6d5574939feb',
    data: 2025-02-20T00:00:00.000Z,
    docinhosCoco: 1367,
    __v: 0
  },
  {
    _id: new ObjectId('67c9980b90c4d048db4a90b5'),
    id: '816afd84-5bde-4bc1-addd-ddb166cb7ad2',
    vendedorId: '5cffbd47-a8ef-46ab-9604-6d5574939feb',
    data: 2025-02-24T00:00:00.000Z,
    docinhosCoco: 1840,
    __v: 0
  },
  {
    _id: new ObjectId('67d67312411c5e96033672f2'),
    id: 'ff5e9f60-4df3-4f18-9d11-2ca2e77e1872',
    vendedorId: '5cffbd47-a8ef-46ab-9604-6d5574939feb',
    data: 2025-03-12T06:43:15.110Z,
    docinhosCoco: 14,
    __v: 0
  },
  {
    _id: new ObjectId('67d67312411c5e96033672f4'),
    id: '59fca27f-becd-4f37-bc86-0647a09a80df',
    vendedorId: '5cffbd47-a8ef-46ab-9604-6d5574939feb',
    data: 2025-03-07T06:43:15.110Z,
    docinhosCoco: 51,
    __v: 0
  },
  {
    _id: new ObjectId('67d67313411c5e96033672f6'),
    id: '244861e6-19c0-4901-b8a0-d9d8189d3fe3',
    vendedorId: '5cffbd47-a8ef-46ab-9604-6d5574939feb',
    data: 2025-03-05T06:43:15.110Z,
    docinhosCoco: 38,
    __v: 0
  },
  {
    _id: new ObjectId('67d67313411c5e96033672f8'),
    id: '798675e3-0b7c-44da-88dc-63bab8bc0a7d',
    vendedorId: '5cffbd47-a8ef-46ab-9604-6d5574939feb',
    data: 2025-03-05T06:43:15.110Z,
    docinhosCoco: 12,
    __v: 0
  },
  {
    _id: new ObjectId('67d67313411c5e96033672fa'),
    id: '75f198c5-7aa7-4720-82ce-368eeb8cca88',
    vendedorId: '5cffbd47-a8ef-46ab-9604-6d5574939feb',
    data: 2025-03-09T06:43:15.110Z,
    docinhosCoco: 58,
    __v: 0
  },
  {
    _id: new ObjectId('67d67313411c5e96033672fc'),
    id: 'c9571406-8593-4e3f-9ba2-8010032b1228',
    vendedorId: '5cffbd47-a8ef-46ab-9604-6d5574939feb',
    data: 2025-03-01T06:43:15.110Z,
    docinhosCoco: 90,
    __v: 0
  },
  {
    _id: new ObjectId('67d67313411c5e96033672fe'),
    id: '7071e739-3fbf-40fd-addf-b8cc426008be',
    vendedorId: '5cffbd47-a8ef-46ab-9604-6d5574939feb',
    data: 2025-03-03T06:43:15.110Z,
    docinhosCoco: 94,
    __v: 0
  },
  {
    _id: new ObjectId('67d67313411c5e9603367300'),
    id: '10422085-a070-4179-9bab-43a233e908c4',
    vendedorId: '5cffbd47-a8ef-46ab-9604-6d5574939feb',
    data: 2025-03-12T06:43:15.110Z,
    docinhosCoco: 60,
    __v: 0
  },
  {
    _id: new ObjectId('67d67313411c5e9603367302'),
    id: '95fb67e1-008e-4c53-bd37-a30a7dcb05cf',
    vendedorId: '5cffbd47-a8ef-46ab-9604-6d5574939feb',
    data: 2025-02-15T06:43:15.110Z,
    docinhosCoco: 95,
    __v: 0
  },
  {
    _id: new ObjectId('67d67313411c5e9603367304'),
    id: '79735e6c-afa3-4ed4-ba86-681f5245e125',
    vendedorId: '5cffbd47-a8ef-46ab-9604-6d5574939feb',
    data: 2025-03-04T06:43:15.110Z,
    docinhosCoco: 63,
    __v: 0
  },
  {
    _id: new ObjectId('67d67313411c5e9603367306'),
    id: '1e59e2b1-8641-4e14-879f-3b110e9a911b',
    vendedorId: '5cffbd47-a8ef-46ab-9604-6d5574939feb',
    data: 2025-02-18T06:43:15.110Z,
    docinhosCoco: 70,
    __v: 0
  },
  {
    _id: new ObjectId('67d67313411c5e9603367308'),
    id: 'bb3d07bc-fdbb-436e-a2db-6cdc9a554392',
    vendedorId: '5cffbd47-a8ef-46ab-9604-6d5574939feb',
    data: 2025-03-12T06:43:15.110Z,
    docinhosCoco: 94,
    __v: 0
  },
  {
    _id: new ObjectId('67d67314411c5e960336730a'),
    id: '2db15696-b8c9-45e4-8758-f866e8190697',
    vendedorId: '5cffbd47-a8ef-46ab-9604-6d5574939feb',
    data: 2025-03-11T06:43:15.110Z,
    docinhosCoco: 62,
    __v: 0
  },
  {
    _id: new ObjectId('67d67314411c5e960336730c'),
    id: 'bec6eed2-78c9-471c-8fc0-797df2667ba7',
    vendedorId: '5cffbd47-a8ef-46ab-9604-6d5574939feb',
    data: 2025-02-22T06:43:15.110Z,
    docinhosCoco: 45,
    __v: 0
  },
  {
    _id: new ObjectId('67d67314411c5e960336730e'),
    id: '570ac8b1-5903-404b-90b2-5c04949b3757',
    vendedorId: '5cffbd47-a8ef-46ab-9604-6d5574939feb',
    data: 2025-03-13T06:43:15.110Z,
    docinhosCoco: 52,
    __v: 0
  },
  {
    _id: new ObjectId('67d67314411c5e9603367310'),
    id: '40ecad39-da32-4b75-a7f3-b7f379a5fbb3',
    vendedorId: '5cffbd47-a8ef-46ab-9604-6d5574939feb',
    data: 2025-02-17T06:43:15.110Z,
    docinhosCoco: 10,
    __v: 0
  },
  {
    _id: new ObjectId('67d67314411c5e9603367312'),
    id: 'c8d54af5-190a-4da9-90d3-f96ac26b9552',
    vendedorId: '5cffbd47-a8ef-46ab-9604-6d5574939feb',
    data: 2025-02-23T06:43:15.110Z,
    docinhosCoco: 65,
    __v: 0
  },
  {
    _id: new ObjectId('67d67314411c5e9603367314'),
    id: '4c5a3ae6-2261-4ff9-b215-e4f9f2520699',
    vendedorId: '5cffbd47-a8ef-46ab-9604-6d5574939feb',
    data: 2025-02-21T06:43:15.110Z,
    docinhosCoco: 66,
    __v: 0
  },
  {
    _id: new ObjectId('67d67314411c5e9603367316'),
    id: 'dd593520-a680-43b7-a3d9-063084ad4ea5',
    vendedorId: '5cffbd47-a8ef-46ab-9604-6d5574939feb',
    data: 2025-02-26T06:43:15.110Z,
    docinhosCoco: 78,
    __v: 0
  },
  {
    _id: new ObjectId('67d67314411c5e9603367318'),
    id: '2f37d3e5-be06-4997-bdbb-4d99e9f51bd4',
    vendedorId: '5cffbd47-a8ef-46ab-9604-6d5574939feb',
    data: 2025-02-27T06:43:15.110Z,
    docinhosCoco: 90,
    __v: 0
  },
  {
    _id: new ObjectId('67d67314411c5e960336731a'),
    id: 'c79da4f0-8c97-42fe-b611-8fa6076077a4',
    vendedorId: '5cffbd47-a8ef-46ab-9604-6d5574939feb',
    data: 2025-02-25T06:43:15.110Z,
    docinhosCoco: 38,
    __v: 0
  },
  {
    _id: new ObjectId('67d6738f0b7b3d7c356434c1'),
    id: '4ab7c7b8-cbd6-4038-bff7-639d9bfe4787',
    vendedorId: '5cffbd47-a8ef-46ab-9604-6d5574939feb',
    data: 2024-09-19T02:39:40.772Z,
    docinhosCoco: 42,
    __v: 0
  },
  {
    _id: new ObjectId('67d673900b7b3d7c356434c9'),
    id: '8f87718c-36c4-4044-8a7e-9dbf24c5e6a0',
    vendedorId: '5cffbd47-a8ef-46ab-9604-6d5574939feb',
    data: 2024-09-19T07:28:01.674Z,
    docinhosCoco: 54,
    __v: 0
  },
  {
    _id: new ObjectId('67d673940b7b3d7c35643511'),
    id: 'b9a905c7-8098-46b7-80ca-7628dd2bd33e',
    vendedorId: '5cffbd47-a8ef-46ab-9604-6d5574939feb',
    data: 2024-09-21T23:31:10.835Z,
    docinhosCoco: 45,
    __v: 0
  },
  {
    _id: new ObjectId('67d673940b7b3d7c35643519'),
    id: '2b5aefdd-a4f9-4366-bb08-0459dc8e05fc',
    vendedorId: '5cffbd47-a8ef-46ab-9604-6d5574939feb',
    data: 2024-09-22T09:49:49.272Z,
    docinhosCoco: 87,
    __v: 0
  },
  {
    _id: new ObjectId('67d6739a0b7b3d7c3564358d'),
    id: 'fb0afdd2-2c4d-495d-8874-ea6e8b685f54',
    vendedorId: '5cffbd47-a8ef-46ab-9604-6d5574939feb',
    data: 2024-09-25T03:40:48.199Z,
    docinhosCoco: 74,
    __v: 0
  },
  {
    _id: new ObjectId('67d6739b0b7b3d7c356435ab'),
    id: '01140c5e-588b-4c4c-8e5b-78c196532120',
    vendedorId: '5cffbd47-a8ef-46ab-9604-6d5574939feb',
    data: 2024-09-26T01:27:08.169Z,
    docinhosCoco: 54,
    __v: 0
  },
  {
    _id: new ObjectId('67d6739f0b7b3d7c356435eb'),
    id: '4aed3612-2f86-472f-9448-4bb7b9f356a3',
    vendedorId: '5cffbd47-a8ef-46ab-9604-6d5574939feb',
    data: 2024-09-28T15:51:23.608Z,
    docinhosCoco: 98,
    __v: 0
  },
  {
    _id: new ObjectId('67d673a10b7b3d7c3564361f'),
    id: '6f70adf6-7984-438d-bba0-5f6c6c2bc5ac',
    vendedorId: '5cffbd47-a8ef-46ab-9604-6d5574939feb',
    data: 2024-10-01T01:13:02.370Z,
    docinhosCoco: 33,
    __v: 0
  },
  {
    _id: new ObjectId('67d673a80b7b3d7c356436ab'),
    id: 'b52d9418-e69a-4b1f-b339-d1732f4ac08b',
    vendedorId: '5cffbd47-a8ef-46ab-9604-6d5574939feb',
    data: 2024-10-06T02:07:56.018Z,
    docinhosCoco: 65,
    __v: 0
  },
  {
    _id: new ObjectId('67d673a90b7b3d7c356436bd'),
    id: 'a5c2b14e-9ca4-48ba-a708-a9c8f9eb9253',
    vendedorId: '5cffbd47-a8ef-46ab-9604-6d5574939feb',
    data: 2024-10-06T08:06:11.505Z,
    docinhosCoco: 65,
    __v: 0
  },
  {
    _id: new ObjectId('67d673ae0b7b3d7c3564371f'),
    id: 'd7517afd-97a3-4b8c-af52-c099f30b9d9d',
    vendedorId: '5cffbd47-a8ef-46ab-9604-6d5574939feb',
    data: 2024-10-10T05:50:00.250Z,
    docinhosCoco: 55,
    __v: 0
  },
  {
    _id: new ObjectId('67d673b30b7b3d7c35643777'),
    id: '224ffa7b-07b8-4d47-9bae-a2147bceab7d',
    vendedorId: '5cffbd47-a8ef-46ab-9604-6d5574939feb',
    data: 2024-10-12T18:36:36.841Z,
    docinhosCoco: 98,
    __v: 0
  },
  {
    _id: new ObjectId('67d673b70b7b3d7c356437cb'),
    id: '8787fb9c-1c6a-4b0d-83cf-84040d628e01',
    vendedorId: '5cffbd47-a8ef-46ab-9604-6d5574939feb',
    data: 2024-10-15T22:45:12.294Z,
    docinhosCoco: 56,
    __v: 0
  },
  {
    _id: new ObjectId('67d673b80b7b3d7c356437d3'),
    id: '4181134a-d74e-4a11-916a-6afdc80503dd',
    vendedorId: '5cffbd47-a8ef-46ab-9604-6d5574939feb',
    data: 2024-10-16T05:29:18.650Z,
    docinhosCoco: 36,
    __v: 0
  },
  {
    _id: new ObjectId('67d673c10b7b3d7c35643889'),
    id: '826cc39b-0101-4850-85f9-e73af38c3498',
    vendedorId: '5cffbd47-a8ef-46ab-9604-6d5574939feb',
    data: 2024-10-22T02:30:35.369Z,
    docinhosCoco: 77,
    __v: 0
  },
  {
    _id: new ObjectId('67d673c50b7b3d7c356438e3'),
    id: 'e6a53ae3-d21d-4598-b30e-9bdc893f8523',
    vendedorId: '5cffbd47-a8ef-46ab-9604-6d5574939feb',
    data: 2024-10-25T07:48:22.425Z,
    docinhosCoco: 69,
    __v: 0
  },
  {
    _id: new ObjectId('67d673cd0b7b3d7c35643979'),
    id: '61187e3a-9121-472b-926b-e6ed6d390c80',
    vendedorId: '5cffbd47-a8ef-46ab-9604-6d5574939feb',
    data: 2024-10-30T06:54:45.582Z,
    docinhosCoco: 64,
    __v: 0
  },
  {
    _id: new ObjectId('67d673d00b7b3d7c356439b9'),
    id: '8c4b6ab3-d0ac-4d15-aeb3-2347e3662ac3',
    vendedorId: '5cffbd47-a8ef-46ab-9604-6d5574939feb',
    data: 2024-11-01T12:44:30.339Z,
    docinhosCoco: 54,
    __v: 0
  },
  {
    _id: new ObjectId('67d673da0b7b3d7c35643a77'),
    id: '31d78dd2-e347-4e61-9a8d-b6c3904087bb',
    vendedorId: '5cffbd47-a8ef-46ab-9604-6d5574939feb',
    data: 2024-11-06T17:28:55.987Z,
    docinhosCoco: 73,
    __v: 0
  },
  {
    _id: new ObjectId('67d673e10b7b3d7c35643b03'),
    id: 'b82191f2-379b-4d9c-ba77-e1de21dfb22c',
    vendedorId: '5cffbd47-a8ef-46ab-9604-6d5574939feb',
    data: 2024-11-11T01:36:55.742Z,
    docinhosCoco: 98,
    __v: 0
  },
  {
    _id: new ObjectId('67d673e10b7b3d7c35643b09'),
    id: 'dc0ee8ac-85c7-4cd9-8df1-c4bbfa4fc33c',
    vendedorId: '5cffbd47-a8ef-46ab-9604-6d5574939feb',
    data: 2024-11-11T06:24:58.709Z,
    docinhosCoco: 71,
    __v: 0
  },
  {
    _id: new ObjectId('67d673e30b7b3d7c35643b25'),
    id: '72240152-8fb4-4b91-9b3d-5273db976def',
    vendedorId: '5cffbd47-a8ef-46ab-9604-6d5574939feb',
    data: 2024-11-11T23:42:44.218Z,
    docinhosCoco: 58,
    __v: 0
  },
  {
    _id: new ObjectId('67d673e30b7b3d7c35643b27'),
    id: 'b776165d-b7f5-4bf5-b2a6-7bbcad27ebda',
    vendedorId: '5cffbd47-a8ef-46ab-9604-6d5574939feb',
    data: 2024-11-12T00:02:25.508Z,
    docinhosCoco: 62,
    __v: 0
  },
  {
    _id: new ObjectId('67d673e40b7b3d7c35643b43'),
    id: '84ea530e-ee68-4cb6-a215-59ca17d84742',
    vendedorId: '5cffbd47-a8ef-46ab-9604-6d5574939feb',
    data: 2024-11-13T01:50:05.453Z,
    docinhosCoco: 48,
    __v: 0
  },
  {
    _id: new ObjectId('67d673ea0b7b3d7c35643bad'),
    id: 'e687f71f-b426-46f9-ab14-2412128131ba',
    vendedorId: '5cffbd47-a8ef-46ab-9604-6d5574939feb',
    data: 2024-11-16T11:19:46.172Z,
    docinhosCoco: 58,
    __v: 0
  },
  {
    _id: new ObjectId('67d673ed0b7b3d7c35643beb'),
    id: '8ccc21cd-2a96-493b-89df-c41335893f38',
    vendedorId: '5cffbd47-a8ef-46ab-9604-6d5574939feb',
    data: 2024-11-18T00:50:38.963Z,
    docinhosCoco: 81,
    __v: 0
  },
  {
    _id: new ObjectId('67d673ed0b7b3d7c35643bef'),
    id: '7670a2b1-c66a-466d-ad33-d19d978a8bbe',
    vendedorId: '5cffbd47-a8ef-46ab-9604-6d5574939feb',
    data: 2024-11-18T07:24:57.426Z,
    docinhosCoco: 43,
    __v: 0
  },
  {
    _id: new ObjectId('67d673ef0b7b3d7c35643c0d'),
    id: 'df1df2a5-7271-4623-a738-8ce9d51475ca',
    vendedorId: '5cffbd47-a8ef-46ab-9604-6d5574939feb',
    data: 2024-11-19T11:04:10.489Z,
    docinhosCoco: 66,
    __v: 0
  },
  {
    _id: new ObjectId('67d673f20b7b3d7c35643c55'),
    id: '0d7003cb-c30e-47ab-a6e4-26be6f6d1417',
    vendedorId: '5cffbd47-a8ef-46ab-9604-6d5574939feb',
    data: 2024-11-21T23:21:03.492Z,
    docinhosCoco: 70,
    __v: 0
  },
  {
    _id: new ObjectId('67d673f30b7b3d7c35643c61'),
    id: '737bd165-0f42-405b-84c7-c573744d1302',
    vendedorId: '5cffbd47-a8ef-46ab-9604-6d5574939feb',
    data: 2024-11-22T08:22:36.978Z,
    docinhosCoco: 78,
    __v: 0
  },
  {
    _id: new ObjectId('67d673f60b7b3d7c35643ca1'),
    id: '2ef5e9fa-b30c-42d6-9ad7-f089d2e1f102',
    vendedorId: '5cffbd47-a8ef-46ab-9604-6d5574939feb',
    data: 2024-11-23T18:26:28.901Z,
    docinhosCoco: 97,
    __v: 0
  },
  {
    _id: new ObjectId('67d673f90b7b3d7c35643cd9'),
    id: '12b8a3be-2716-4d71-b718-30f0a45f6308',
    vendedorId: '5cffbd47-a8ef-46ab-9604-6d5574939feb',
    data: 2024-11-25T14:01:08.934Z,
    docinhosCoco: 39,
    __v: 0
  },
  {
    _id: new ObjectId('67d673fb0b7b3d7c35643d01'),
    id: '951548e3-1d9b-457f-bd48-873fed34e451',
    vendedorId: '5cffbd47-a8ef-46ab-9604-6d5574939feb',
    data: 2024-11-26T20:38:08.662Z,
    docinhosCoco: 58,
    __v: 0
  },
  {
    _id: new ObjectId('67d673fc0b7b3d7c35643d19'),
    id: '55ab1b15-6f89-4ddc-ad99-25d7b0c98bbf',
    vendedorId: '5cffbd47-a8ef-46ab-9604-6d5574939feb',
    data: 2024-11-27T17:55:37.988Z,
    docinhosCoco: 70,
    __v: 0
  },
  {
    _id: new ObjectId('67d674000b7b3d7c35643d69'),
    id: 'a1f4d9c1-756f-4188-a343-775054e60678',
    vendedorId: '5cffbd47-a8ef-46ab-9604-6d5574939feb',
    data: 2024-11-30T05:35:40.417Z,
    docinhosCoco: 85,
    __v: 0
  },
  {
    _id: new ObjectId('67d674010b7b3d7c35643d75'),
    id: 'd58590f2-3bca-4828-abcf-78032cc0a641',
    vendedorId: '5cffbd47-a8ef-46ab-9604-6d5574939feb',
    data: 2024-11-30T08:55:57.407Z,
    docinhosCoco: 66,
    __v: 0
  },
  {
    _id: new ObjectId('67d674050b7b3d7c35643dc5'),
    id: '5b57e3d9-c22d-400c-a76c-d0b229b32ab2',
    vendedorId: '5cffbd47-a8ef-46ab-9604-6d5574939feb',
    data: 2024-12-02T12:18:26.929Z,
    docinhosCoco: 85,
    __v: 0
  },
  {
    _id: new ObjectId('67d674060b7b3d7c35643dd3'),
    id: '0b80ec0e-1109-408e-8222-89e344d8b172',
    vendedorId: '5cffbd47-a8ef-46ab-9604-6d5574939feb',
    data: 2024-12-03T01:19:07.747Z,
    docinhosCoco: 43,
    __v: 0
  },
  {
    _id: new ObjectId('67d6740a0b7b3d7c35643e23'),
    id: '3ac6b7e5-4c35-4c6e-b0b3-181c2186d859',
    vendedorId: '5cffbd47-a8ef-46ab-9604-6d5574939feb',
    data: 2024-12-06T09:56:49.209Z,
    docinhosCoco: 86,
    __v: 0
  },
  {
    _id: new ObjectId('67d6740a0b7b3d7c35643e29'),
    id: '6c438bf7-2870-4d6d-9da9-962e0b1666a2',
    vendedorId: '5cffbd47-a8ef-46ab-9604-6d5574939feb',
    data: 2024-12-06T13:52:03.759Z,
    docinhosCoco: 57,
    __v: 0
  },
  {
    _id: new ObjectId('67d6740e0b7b3d7c35643e6f'),
    id: 'a615906d-1d88-4b37-a7c4-31c4d98f3934',
    vendedorId: '5cffbd47-a8ef-46ab-9604-6d5574939feb',
    data: 2024-12-08T07:51:55.186Z,
    docinhosCoco: 71,
    __v: 0
  },
  {
    _id: new ObjectId('67d6740f0b7b3d7c35643e91'),
    id: 'e59a01e0-df43-4a0d-b0c6-0b8ea454eda7',
    vendedorId: '5cffbd47-a8ef-46ab-9604-6d5574939feb',
    data: 2024-12-09T03:46:14.162Z,
    docinhosCoco: 69,
    __v: 0
  },
  {
    _id: new ObjectId('67d674130b7b3d7c35643ed3'),
    id: '41e9c7a1-4cb4-424f-8176-39f07ed9b55f',
    vendedorId: '5cffbd47-a8ef-46ab-9604-6d5574939feb',
    data: 2024-12-11T18:27:25.019Z,
    docinhosCoco: 46,
    __v: 0
  },
  {
    _id: new ObjectId('67d674150b7b3d7c35643efd'),
    id: 'fbde295f-41d7-431c-8953-752298f22865',
    vendedorId: '5cffbd47-a8ef-46ab-9604-6d5574939feb',
    data: 2024-12-13T02:35:02.291Z,
    docinhosCoco: 37,
    __v: 0
  },
  {
    _id: new ObjectId('67d674170b7b3d7c35643f23'),
    id: '5a572d1a-d919-494e-9d51-f3e44585736e',
    vendedorId: '5cffbd47-a8ef-46ab-9604-6d5574939feb',
    data: 2024-12-14T04:56:55.405Z,
    docinhosCoco: 75,
    __v: 0
  },
  {
    _id: new ObjectId('67d674190b7b3d7c35643f57'),
    id: 'a80028c6-28c1-46a6-92ba-11c18c950856',
    vendedorId: '5cffbd47-a8ef-46ab-9604-6d5574939feb',
    data: 2024-12-15T20:28:19.968Z,
    docinhosCoco: 53,
    __v: 0
  },
  {
    _id: new ObjectId('67d6741b0b7b3d7c35643f77'),
    id: 'ba718c80-417c-4c6a-8f79-76054bbd2fd0',
    vendedorId: '5cffbd47-a8ef-46ab-9604-6d5574939feb',
    data: 2024-12-16T13:53:44.279Z,
    docinhosCoco: 68,
    __v: 0
  },
  {
    _id: new ObjectId('67d6741d0b7b3d7c35643f9b'),
    id: 'bc13f420-60f9-4e78-9f84-7bbadecbc162',
    vendedorId: '5cffbd47-a8ef-46ab-9604-6d5574939feb',
    data: 2024-12-17T16:40:22.216Z,
    docinhosCoco: 80,
    __v: 0
  },
  {
    _id: new ObjectId('67d674220b7b3d7c35643ff9'),
    id: 'f706a56f-284e-49c9-a2b8-103cb9cc1e61',
    vendedorId: '5cffbd47-a8ef-46ab-9604-6d5574939feb',
    data: 2024-12-21T03:48:58.716Z,
    docinhosCoco: 71,
    __v: 0
  },
  {
    _id: new ObjectId('67d674250b7b3d7c3564403f'),
    id: '227a23cc-a192-449a-a698-a4d65c81ab99',
    vendedorId: '5cffbd47-a8ef-46ab-9604-6d5574939feb',
    data: 2024-12-23T16:14:21.199Z,
    docinhosCoco: 42,
    __v: 0
  },
  {
    _id: new ObjectId('67d674270b7b3d7c35644057'),
    id: '1ade948c-74c0-4fba-9594-6df1233e8efa',
    vendedorId: '5cffbd47-a8ef-46ab-9604-6d5574939feb',
    data: 2024-12-24T06:03:54.560Z,
    docinhosCoco: 92,
    __v: 0
  },
  {
    _id: new ObjectId('67d6742c0b7b3d7c356440bf'),
    id: '57e9ea01-c5ef-4b48-bcb6-03d792cdf089',
    vendedorId: '5cffbd47-a8ef-46ab-9604-6d5574939feb',
    data: 2024-12-27T19:29:58.867Z,
    docinhosCoco: 48,
    __v: 0
  },
  {
    _id: new ObjectId('67d6742c0b7b3d7c356440c1'),
    id: 'fee82e0d-942b-4d60-91e2-132caf82d0f9',
    vendedorId: '5cffbd47-a8ef-46ab-9604-6d5574939feb',
    data: 2024-12-27T20:05:09.138Z,
    docinhosCoco: 84,
    __v: 0
  },
  {
    _id: new ObjectId('67d674350b7b3d7c3564417d'),
    id: '8d20c064-1269-46c3-8fbe-3155d80bf3d8',
    vendedorId: '5cffbd47-a8ef-46ab-9604-6d5574939feb',
    data: 2025-01-01T19:22:31.550Z,
    docinhosCoco: 78,
    __v: 0
  },
  {
    _id: new ObjectId('67d674380b7b3d7c356441b9'),
    id: '09c5d2bc-c27c-4236-8175-b4b1f0760a91',
    vendedorId: '5cffbd47-a8ef-46ab-9604-6d5574939feb',
    data: 2025-01-03T18:22:52.970Z,
    docinhosCoco: 62,
    __v: 0
  },
  {
    _id: new ObjectId('67d674410b7b3d7c3564425d'),
    id: '1c8d74ec-c4eb-48e1-8b1d-ba4fb7cafde8',
    vendedorId: '5cffbd47-a8ef-46ab-9604-6d5574939feb',
    data: 2025-01-09T13:11:21.362Z,
    docinhosCoco: 57,
    __v: 0
  },
  {
    _id: new ObjectId('67d6744d0b7b3d7c35644347'),
    id: 'f3a13c3f-8ad9-4452-8f1e-875bfd92728c',
    vendedorId: '5cffbd47-a8ef-46ab-9604-6d5574939feb',
    data: 2025-01-17T20:47:58.630Z,
    docinhosCoco: 59,
    __v: 0
  },
  {
    _id: new ObjectId('67d6744d0b7b3d7c35644351'),
    id: '0d3a1cba-4673-4833-a3bd-6f8be9a90aa0',
    vendedorId: '5cffbd47-a8ef-46ab-9604-6d5574939feb',
    data: 2025-01-18T06:07:26.305Z,
    docinhosCoco: 68,
    __v: 0
  },
  {
    _id: new ObjectId('67d6744f0b7b3d7c3564436d'),
    id: '02e71c3e-844f-4b89-8aa9-c9643de54992',
    vendedorId: '5cffbd47-a8ef-46ab-9604-6d5574939feb',
    data: 2025-01-19T00:55:08.881Z,
    docinhosCoco: 71,
    __v: 0
  },
  {
    _id: new ObjectId('67d674500b7b3d7c35644381'),
    id: 'd1a90c5d-4387-4a95-b4a8-434d62b5e7b2',
    vendedorId: '5cffbd47-a8ef-46ab-9604-6d5574939feb',
    data: 2025-01-19T12:49:12.281Z,
    docinhosCoco: 49,
    __v: 0
  },
  {
    _id: new ObjectId('67d674500b7b3d7c3564438b'),
    id: 'cbd682f0-bc6c-4d12-a35b-8488dc9a6a81',
    vendedorId: '5cffbd47-a8ef-46ab-9604-6d5574939feb',
    data: 2025-01-19T18:05:02.712Z,
    docinhosCoco: 102,
    __v: 0
  },
  {
    _id: new ObjectId('67d674510b7b3d7c35644397'),
    id: '77b11e57-9ca2-4c2b-9619-052487ef2064',
    vendedorId: '5cffbd47-a8ef-46ab-9604-6d5574939feb',
    data: 2025-01-20T09:51:49.840Z,
    docinhosCoco: 68,
    __v: 0
  },
  {
    _id: new ObjectId('67d674520b7b3d7c356443b5'),
    id: 'f258553f-0bed-4921-85c4-55ce2efe8863',
    vendedorId: '5cffbd47-a8ef-46ab-9604-6d5574939feb',
    data: 2025-01-21T03:43:40.724Z,
    docinhosCoco: 54,
    __v: 0
  },
  {
    _id: new ObjectId('67d6745b0b7b3d7c3564445d'),
    id: '2100b59b-1f50-49ed-9e82-884ba3f4d6eb',
    vendedorId: '5cffbd47-a8ef-46ab-9604-6d5574939feb',
    data: 2025-01-27T01:33:57.572Z,
    docinhosCoco: 57,
    __v: 0
  },
  {
    _id: new ObjectId('67d6745b0b7b3d7c35644469'),
    id: '9c4f56ce-09b9-467e-b4bc-d7da59c9541c',
    vendedorId: '5cffbd47-a8ef-46ab-9604-6d5574939feb',
    data: 2025-01-27T10:12:08.809Z,
    docinhosCoco: 40,
    __v: 0
  },
  {
    _id: new ObjectId('67d6745e0b7b3d7c3564449d'),
    id: 'e51b58ab-66f5-4a85-b36a-5daa8f630a88',
    vendedorId: '5cffbd47-a8ef-46ab-9604-6d5574939feb',
    data: 2025-01-28T22:05:13.712Z,
    docinhosCoco: 79,
    __v: 0
  },
  {
    _id: new ObjectId('67d674620b7b3d7c356444ef'),
    id: '32cd0f8a-96f4-4e20-badd-1370603b1fb2',
    vendedorId: '5cffbd47-a8ef-46ab-9604-6d5574939feb',
    data: 2025-01-31T19:16:22.942Z,
    docinhosCoco: 56,
    __v: 0
  },
  {
    _id: new ObjectId('67d674770b7b3d7c35644669'),
    id: '2c8421f8-0f42-4eb2-aeb7-22c8d684ea3d',
    vendedorId: '5cffbd47-a8ef-46ab-9604-6d5574939feb',
    data: 2025-02-12T06:12:56.090Z,
    docinhosCoco: 76,
    __v: 0
  },
  {
    _id: new ObjectId('67d674770b7b3d7c35644677'),
    id: 'bfc00085-3037-4330-9343-6cc929ec9207',
    vendedorId: '5cffbd47-a8ef-46ab-9604-6d5574939feb',
    data: 2025-02-12T14:43:48.930Z,
    docinhosCoco: 30,
    __v: 0
  },
  {
    _id: new ObjectId('67d674780b7b3d7c3564468b'),
    id: 'c7cbf64b-7405-427e-a537-af23db42f67d',
    vendedorId: '5cffbd47-a8ef-46ab-9604-6d5574939feb',
    data: 2025-02-13T08:48:26.024Z,
    docinhosCoco: 40,
    __v: 0
  },
  {
    _id: new ObjectId('67d6747b0b7b3d7c356446c9'),
    id: '733df2c7-c351-4f78-8977-da403d454626',
    vendedorId: '5cffbd47-a8ef-46ab-9604-6d5574939feb',
    data: 2025-02-15T01:33:38.594Z,
    docinhosCoco: 48,
    __v: 0
  },
  {
    _id: new ObjectId('67d6747c0b7b3d7c356446cb'),
    id: '5589e955-7ab0-45ae-a08b-24f5b4eca55e',
    vendedorId: '5cffbd47-a8ef-46ab-9604-6d5574939feb',
    data: 2025-02-15T03:03:06.119Z,
    docinhosCoco: 101,
    __v: 0
  },
  {
    _id: new ObjectId('67d6747d0b7b3d7c356446df'),
    id: '1f67567c-bc88-4e76-a3f0-38d32d4d7feb',
    vendedorId: '5cffbd47-a8ef-46ab-9604-6d5574939feb',
    data: 2025-02-15T15:42:36.058Z,
    docinhosCoco: 63,
    __v: 0
  },
  {
    _id: new ObjectId('67d674800b7b3d7c35644721'),
    id: '33c2074a-3402-48d9-9e4e-f4c64b5b7849',
    vendedorId: '5cffbd47-a8ef-46ab-9604-6d5574939feb',
    data: 2025-02-17T16:45:32.408Z,
    docinhosCoco: 37,
    __v: 0
  },
  ... 15 more items
]
✅ Processado vendedor: Xuxa Lima
Debug - Repository - Query params: {
  vendedorId: '73d492f3-658e-4637-9d28-e999f9aaca91',
  dataInicio: 2024-09-17T03:00:00.000Z,
  dataFim: 2025-03-18T02:59:59.999Z
}
Debug - Repository - MongoDB query: {
  vendedorId: '73d492f3-658e-4637-9d28-e999f9aaca91',
  data: { '$gte': 1726542000000, '$lte': 1742266799999 }
}
Debug - Repository - Resultado encontrado: [
  {
    _id: new ObjectId('67c9968b90c4d048db4a8f9a'),
    id: '138c1251-8a45-4138-873c-c3d0c5911085',
    vendedorId: '73d492f3-658e-4637-9d28-e999f9aaca91',
    data: 2025-01-23T00:00:00.000Z,
    docinhosCoco: 506,
    __v: 0
  },
  {
    _id: new ObjectId('67c996a890c4d048db4a8fe4'),
    id: '27503307-3389-4a5d-baaf-3c704fafbea5',
    vendedorId: '73d492f3-658e-4637-9d28-e999f9aaca91',
    data: 2025-01-30T00:00:00.000Z,
    docinhosCoco: 1806,
    __v: 0
  },
  {
    _id: new ObjectId('67c996be90c4d048db4a901a'),
    id: '00cb31dd-8924-49b5-a292-bb7c8727377f',
    vendedorId: '73d492f3-658e-4637-9d28-e999f9aaca91',
    data: 2025-01-27T00:00:00.000Z,
    docinhosCoco: 1848,
    __v: 0
  },
  {
    _id: new ObjectId('67c997ee90c4d048db4a907d'),
    id: 'dfcf5a20-3fc9-4f7a-abf5-150f970ec8d1',
    vendedorId: '73d492f3-658e-4637-9d28-e999f9aaca91',
    data: 2025-02-26T00:00:00.000Z,
    docinhosCoco: 576,
    __v: 0
  },
  {
    _id: new ObjectId('67c9980890c4d048db4a90ad'),
    id: '10fcad73-d195-466a-a781-b1ba2852c1aa',
    vendedorId: '73d492f3-658e-4637-9d28-e999f9aaca91',
    data: 2025-02-20T00:00:00.000Z,
    docinhosCoco: 1291,
    __v: 0
  },
  {
    _id: new ObjectId('67d67314411c5e960336731c'),
    id: '416cffdc-e322-4e7a-8c31-19f97da05799',
    vendedorId: '73d492f3-658e-4637-9d28-e999f9aaca91',
    data: 2025-03-08T06:43:15.110Z,
    docinhosCoco: 71,
    __v: 0
  },
  {
    _id: new ObjectId('67d67315411c5e960336731e'),
    id: '91a83020-ba85-457e-90a4-28ca20708f78',
    vendedorId: '73d492f3-658e-4637-9d28-e999f9aaca91',
    data: 2025-03-01T06:43:15.110Z,
    docinhosCoco: 25,
    __v: 0
  },
  {
    _id: new ObjectId('67d67315411c5e9603367320'),
    id: '838e4999-dfd2-475a-9eb7-8815fef42ea0',
    vendedorId: '73d492f3-658e-4637-9d28-e999f9aaca91',
    data: 2025-03-07T06:43:15.110Z,
    docinhosCoco: 23,
    __v: 0
  },
  {
    _id: new ObjectId('67d67315411c5e9603367322'),
    id: '599ad57d-485f-4d07-84cf-735e2af2c0fc',
    vendedorId: '73d492f3-658e-4637-9d28-e999f9aaca91',
    data: 2025-02-20T06:43:15.110Z,
    docinhosCoco: 45,
    __v: 0
  },
  {
    _id: new ObjectId('67d67315411c5e9603367324'),
    id: 'd77ab5fd-305b-44a0-844a-74eacc1ef7df',
    vendedorId: '73d492f3-658e-4637-9d28-e999f9aaca91',
    data: 2025-02-19T06:43:15.110Z,
    docinhosCoco: 27,
    __v: 0
  },
  {
    _id: new ObjectId('67d67315411c5e9603367326'),
    id: 'f18ee3fb-cb6c-41f1-a6aa-5f6f8ba7012f',
    vendedorId: '73d492f3-658e-4637-9d28-e999f9aaca91',
    data: 2025-03-06T06:43:15.110Z,
    docinhosCoco: 36,
    __v: 0
  },
  {
    _id: new ObjectId('67d67315411c5e9603367328'),
    id: 'f96f893d-f1a2-4908-8d1c-a7c5a0550d65',
    vendedorId: '73d492f3-658e-4637-9d28-e999f9aaca91',
    data: 2025-02-27T06:43:15.110Z,
    docinhosCoco: 29,
    __v: 0
  },
  {
    _id: new ObjectId('67d67315411c5e960336732a'),
    id: '5df73678-7ec4-4ca8-837c-30a141969710',
    vendedorId: '73d492f3-658e-4637-9d28-e999f9aaca91',
    data: 2025-02-27T06:43:15.110Z,
    docinhosCoco: 88,
    __v: 0
  },
  {
    _id: new ObjectId('67d67315411c5e960336732c'),
    id: 'c3677443-31a2-4b0b-88dd-35cc3d1ff1ac',
    vendedorId: '73d492f3-658e-4637-9d28-e999f9aaca91',
    data: 2025-03-08T06:43:15.110Z,
    docinhosCoco: 94,
    __v: 0
  },
  {
    _id: new ObjectId('67d67315411c5e960336732e'),
    id: 'f514a25b-c480-4ebd-b09d-2e2dff5cf5ff',
    vendedorId: '73d492f3-658e-4637-9d28-e999f9aaca91',
    data: 2025-02-27T06:43:15.110Z,
    docinhosCoco: 47,
    __v: 0
  },
  {
    _id: new ObjectId('67d67316411c5e9603367330'),
    id: '26a031c8-2055-481e-8092-57dff707031e',
    vendedorId: '73d492f3-658e-4637-9d28-e999f9aaca91',
    data: 2025-03-16T06:43:15.110Z,
    docinhosCoco: 91,
    __v: 0
  },
  {
    _id: new ObjectId('67d67316411c5e9603367332'),
    id: '5186db37-723f-4a72-95ef-4b89ca6063c9',
    vendedorId: '73d492f3-658e-4637-9d28-e999f9aaca91',
    data: 2025-03-01T06:43:15.110Z,
    docinhosCoco: 41,
    __v: 0
  },
  {
    _id: new ObjectId('67d67316411c5e9603367334'),
    id: '40a598d5-76f7-4087-b8d2-a38a34d2aef9',
    vendedorId: '73d492f3-658e-4637-9d28-e999f9aaca91',
    data: 2025-02-17T06:43:15.110Z,
    docinhosCoco: 56,
    __v: 0
  },
  {
    _id: new ObjectId('67d67316411c5e9603367336'),
    id: 'cea2d45b-c99e-4260-a854-3981427274a9',
    vendedorId: '73d492f3-658e-4637-9d28-e999f9aaca91',
    data: 2025-03-09T06:43:15.110Z,
    docinhosCoco: 54,
    __v: 0
  },
  {
    _id: new ObjectId('67d67316411c5e9603367338'),
    id: '897c5a91-ecf0-4c87-ad01-a2ee81d0e481',
    vendedorId: '73d492f3-658e-4637-9d28-e999f9aaca91',
    data: 2025-02-24T06:43:15.110Z,
    docinhosCoco: 68,
    __v: 0
  },
  {
    _id: new ObjectId('67d67316411c5e960336733a'),
    id: 'a6b35d64-4b1d-457e-ac13-7aa914093e1a',
    vendedorId: '73d492f3-658e-4637-9d28-e999f9aaca91',
    data: 2025-03-06T06:43:15.110Z,
    docinhosCoco: 46,
    __v: 0
  },
  {
    _id: new ObjectId('67d67316411c5e960336733c'),
    id: '359d02ff-26c8-408c-bd32-7b6d88d4873e',
    vendedorId: '73d492f3-658e-4637-9d28-e999f9aaca91',
    data: 2025-02-18T06:43:15.110Z,
    docinhosCoco: 37,
    __v: 0
  },
  {
    _id: new ObjectId('67d67316411c5e960336733e'),
    id: 'f50940b8-7003-418a-861d-c68365ca8ccc',
    vendedorId: '73d492f3-658e-4637-9d28-e999f9aaca91',
    data: 2025-03-12T06:43:15.110Z,
    docinhosCoco: 87,
    __v: 0
  },
  {
    _id: new ObjectId('67d6738e0b7b3d7c356434ab'),
    id: 'e606b414-6512-4756-8e80-423d448096ae',
    vendedorId: '73d492f3-658e-4637-9d28-e999f9aaca91',
    data: 2024-09-18T07:49:53.094Z,
    docinhosCoco: 57,
    __v: 0
  },
  {
    _id: new ObjectId('67d673980b7b3d7c3564356f'),
    id: '3760e8da-dd7f-4fa3-8b94-7f2fe1513c10',
    vendedorId: '73d492f3-658e-4637-9d28-e999f9aaca91',
    data: 2024-09-24T09:36:57.880Z,
    docinhosCoco: 31,
    __v: 0
  },
  {
    _id: new ObjectId('67d6739a0b7b3d7c35643587'),
    id: 'c59c8880-e8aa-4c62-ad58-160c60dfb598',
    vendedorId: '73d492f3-658e-4637-9d28-e999f9aaca91',
    data: 2024-09-24T21:28:04.232Z,
    docinhosCoco: 45,
    __v: 0
  },
  {
    _id: new ObjectId('67d6739d0b7b3d7c356435cb'),
    id: '4792fddd-cb7e-469b-bcdd-6b4f7f95b93b',
    vendedorId: '73d492f3-658e-4637-9d28-e999f9aaca91',
    data: 2024-09-27T13:26:16.819Z,
    docinhosCoco: 57,
    __v: 0
  },
  {
    _id: new ObjectId('67d673a00b7b3d7c3564360d'),
    id: '162a4726-39d8-4153-911e-cda615c3c0db',
    vendedorId: '73d492f3-658e-4637-9d28-e999f9aaca91',
    data: 2024-09-30T01:53:43.456Z,
    docinhosCoco: 83,
    __v: 0
  },
  {
    _id: new ObjectId('67d673a30b7b3d7c35643645'),
    id: '4cb99a69-3952-4dd9-9614-0f6e9795af56',
    vendedorId: '73d492f3-658e-4637-9d28-e999f9aaca91',
    data: 2024-10-02T03:51:34.736Z,
    docinhosCoco: 52,
    __v: 0
  },
  {
    _id: new ObjectId('67d673a60b7b3d7c3564367f'),
    id: 'edfffdc7-bb41-4bb6-90ab-90efffecfc81',
    vendedorId: '73d492f3-658e-4637-9d28-e999f9aaca91',
    data: 2024-10-04T13:17:04.577Z,
    docinhosCoco: 80,
    __v: 0
  },
  {
    _id: new ObjectId('67d673a90b7b3d7c356436b9'),
    id: 'a1369908-ca85-4b23-a75e-4e1aa0d4c26e',
    vendedorId: '73d492f3-658e-4637-9d28-e999f9aaca91',
    data: 2024-10-06T07:19:28.386Z,
    docinhosCoco: 101,
    __v: 0
  },
  {
    _id: new ObjectId('67d673ab0b7b3d7c356436db'),
    id: 'bb382743-addd-46cc-bbaa-088f244e53b7',
    vendedorId: '73d492f3-658e-4637-9d28-e999f9aaca91',
    data: 2024-10-07T04:01:37.032Z,
    docinhosCoco: 66,
    __v: 0
  },
  {
    _id: new ObjectId('67d673ab0b7b3d7c356436e1'),
    id: 'a40173c4-5d8e-4cdd-bede-4ae2c8a050fb',
    vendedorId: '73d492f3-658e-4637-9d28-e999f9aaca91',
    data: 2024-10-07T04:27:08.810Z,
    docinhosCoco: 61,
    __v: 0
  },
  {
    _id: new ObjectId('67d673ad0b7b3d7c35643707'),
    id: '19d95a4e-1d99-4e36-b333-6206210e5f0b',
    vendedorId: '73d492f3-658e-4637-9d28-e999f9aaca91',
    data: 2024-10-09T07:17:16.568Z,
    docinhosCoco: 69,
    __v: 0
  },
  {
    _id: new ObjectId('67d673b20b7b3d7c3564376f'),
    id: 'd4f0ded6-c16d-477a-b3fd-fd4d940cd246',
    vendedorId: '73d492f3-658e-4637-9d28-e999f9aaca91',
    data: 2024-10-12T11:18:40.709Z,
    docinhosCoco: 79,
    __v: 0
  },
  {
    _id: new ObjectId('67d673c70b7b3d7c356438fd'),
    id: 'a56d7c58-253f-414c-b595-19b40e421521',
    vendedorId: '73d492f3-658e-4637-9d28-e999f9aaca91',
    data: 2024-10-26T05:53:22.543Z,
    docinhosCoco: 59,
    __v: 0
  },
  {
    _id: new ObjectId('67d673ce0b7b3d7c35643991'),
    id: 'f9f0060f-7208-480a-918e-689720bda8b3',
    vendedorId: '73d492f3-658e-4637-9d28-e999f9aaca91',
    data: 2024-10-31T03:25:26.777Z,
    docinhosCoco: 39,
    __v: 0
  },
  {
    _id: new ObjectId('67d673d00b7b3d7c356439b7'),
    id: 'f1211cf9-f3ba-419c-ae9c-bf310365f826',
    vendedorId: '73d492f3-658e-4637-9d28-e999f9aaca91',
    data: 2024-11-01T12:25:27.373Z,
    docinhosCoco: 75,
    __v: 0
  },
  {
    _id: new ObjectId('67d673d40b7b3d7c35643a03'),
    id: '92440dea-25fe-4c26-b5a9-987f81c31787',
    vendedorId: '73d492f3-658e-4637-9d28-e999f9aaca91',
    data: 2024-11-03T22:42:18.447Z,
    docinhosCoco: 74,
    __v: 0
  },
  {
    _id: new ObjectId('67d673d90b7b3d7c35643a61'),
    id: '5e0d7fec-f2f4-4c00-80f4-316e4da0b950',
    vendedorId: '73d492f3-658e-4637-9d28-e999f9aaca91',
    data: 2024-11-06T07:25:42.911Z,
    docinhosCoco: 34,
    __v: 0
  },
  {
    _id: new ObjectId('67d673d90b7b3d7c35643a6d'),
    id: 'd0634793-9e22-4eac-9e49-25039a85731f',
    vendedorId: '73d492f3-658e-4637-9d28-e999f9aaca91',
    data: 2024-11-06T13:41:23.055Z,
    docinhosCoco: 35,
    __v: 0
  },
  {
    _id: new ObjectId('67d673dd0b7b3d7c35643ab5'),
    id: '6e91380b-065b-43b8-869b-16ed39fb3f02',
    vendedorId: '73d492f3-658e-4637-9d28-e999f9aaca91',
    data: 2024-11-08T11:25:21.882Z,
    docinhosCoco: 40,
    __v: 0
  },
  {
    _id: new ObjectId('67d673e20b7b3d7c35643b0d'),
    id: 'b871f354-ce20-4050-9cfa-ae26585bc189',
    vendedorId: '73d492f3-658e-4637-9d28-e999f9aaca91',
    data: 2024-11-11T09:00:08.432Z,
    docinhosCoco: 73,
    __v: 0
  },
  {
    _id: new ObjectId('67d673e40b7b3d7c35643b37'),
    id: 'cfc6e6d5-fe06-4f86-a9d4-86652ce2d860',
    vendedorId: '73d492f3-658e-4637-9d28-e999f9aaca91',
    data: 2024-11-12T16:19:56.989Z,
    docinhosCoco: 46,
    __v: 0
  },
  {
    _id: new ObjectId('67d673e50b7b3d7c35643b4b'),
    id: 'e9f20ad0-cc8d-4652-9541-ef8fef529426',
    vendedorId: '73d492f3-658e-4637-9d28-e999f9aaca91',
    data: 2024-11-13T07:34:54.560Z,
    docinhosCoco: 55,
    __v: 0
  },
  {
    _id: new ObjectId('67d673e70b7b3d7c35643b6d'),
    id: '230f87d8-a6ce-4a9c-922c-d27581b085dc',
    vendedorId: '73d492f3-658e-4637-9d28-e999f9aaca91',
    data: 2024-11-14T08:25:38.229Z,
    docinhosCoco: 45,
    __v: 0
  },
  {
    _id: new ObjectId('67d673e90b7b3d7c35643b99'),
    id: '9f1660c8-2068-4635-a3c5-32d3b7875d92',
    vendedorId: '73d492f3-658e-4637-9d28-e999f9aaca91',
    data: 2024-11-15T16:57:02.553Z,
    docinhosCoco: 47,
    __v: 0
  },
  {
    _id: new ObjectId('67d673eb0b7b3d7c35643bcd'),
    id: 'e7c8f5de-984d-49a0-b90c-3b0b7b4ba73c',
    vendedorId: '73d492f3-658e-4637-9d28-e999f9aaca91',
    data: 2024-11-17T05:47:30.418Z,
    docinhosCoco: 87,
    __v: 0
  },
  {
    _id: new ObjectId('67d673ed0b7b3d7c35643be5'),
    id: '920c6d2f-4a55-4f81-901c-dc1a937895c6',
    vendedorId: '73d492f3-658e-4637-9d28-e999f9aaca91',
    data: 2024-11-17T21:37:08.167Z,
    docinhosCoco: 75,
    __v: 0
  },
  {
    _id: new ObjectId('67d673f20b7b3d7c35643c45'),
    id: '77b64c33-5410-4917-b0ff-4a4c5c1d9b56',
    vendedorId: '73d492f3-658e-4637-9d28-e999f9aaca91',
    data: 2024-11-21T10:55:00.028Z,
    docinhosCoco: 47,
    __v: 0
  },
  {
    _id: new ObjectId('67d673f20b7b3d7c35643c53'),
    id: '1af31a7c-1285-4518-8d61-2baf386019b5',
    vendedorId: '73d492f3-658e-4637-9d28-e999f9aaca91',
    data: 2024-11-21T23:04:06.486Z,
    docinhosCoco: 76,
    __v: 0
  },
  {
    _id: new ObjectId('67d673fa0b7b3d7c35643ce3'),
    id: 'edc338e4-2c72-429f-a22c-1f3ab17d4a45',
    vendedorId: '73d492f3-658e-4637-9d28-e999f9aaca91',
    data: 2024-11-25T18:35:24.956Z,
    docinhosCoco: 54,
    __v: 0
  },
  {
    _id: new ObjectId('67d673fc0b7b3d7c35643d0d'),
    id: 'faa07bad-c064-44dc-a80b-ebc20bf19106',
    vendedorId: '73d492f3-658e-4637-9d28-e999f9aaca91',
    data: 2024-11-27T06:03:41.029Z,
    docinhosCoco: 45,
    __v: 0
  },
  {
    _id: new ObjectId('67d673fc0b7b3d7c35643d1b'),
    id: '2a8fe1ea-ede6-4142-82ff-6f2131759348',
    vendedorId: '73d492f3-658e-4637-9d28-e999f9aaca91',
    data: 2024-11-27T18:51:40.385Z,
    docinhosCoco: 63,
    __v: 0
  },
  {
    _id: new ObjectId('67d674020b7b3d7c35643d8d'),
    id: '71703b73-8206-4f48-a640-ab4a7b1c0e25',
    vendedorId: '73d492f3-658e-4637-9d28-e999f9aaca91',
    data: 2024-12-01T01:21:04.190Z,
    docinhosCoco: 97,
    __v: 0
  },
  {
    _id: new ObjectId('67d674040b7b3d7c35643db7'),
    id: 'f019c2b3-3572-4609-b8a0-a91e1ce59f00',
    vendedorId: '73d492f3-658e-4637-9d28-e999f9aaca91',
    data: 2024-12-02T04:22:17.065Z,
    docinhosCoco: 64,
    __v: 0
  },
  {
    _id: new ObjectId('67d6740c0b7b3d7c35643e4d'),
    id: 'f308bce1-70f4-4795-aa90-480cd3021d9c',
    vendedorId: '73d492f3-658e-4637-9d28-e999f9aaca91',
    data: 2024-12-07T09:12:11.535Z,
    docinhosCoco: 106,
    __v: 0
  },
  {
    _id: new ObjectId('67d6740c0b7b3d7c35643e53'),
    id: '8cbdd514-5e46-4403-b21b-013c08b689be',
    vendedorId: '73d492f3-658e-4637-9d28-e999f9aaca91',
    data: 2024-12-07T16:16:53.383Z,
    docinhosCoco: 57,
    __v: 0
  },
  {
    _id: new ObjectId('67d674140b7b3d7c35643eeb'),
    id: '32567e2b-1517-4ead-aa03-6a80d0c60843',
    vendedorId: '73d492f3-658e-4637-9d28-e999f9aaca91',
    data: 2024-12-12T12:31:44.508Z,
    docinhosCoco: 42,
    __v: 0
  },
  {
    _id: new ObjectId('67d674150b7b3d7c35643f03'),
    id: '499a755b-7c4e-41a4-9725-5f6929f43c12',
    vendedorId: '73d492f3-658e-4637-9d28-e999f9aaca91',
    data: 2024-12-13T03:09:22.301Z,
    docinhosCoco: 63,
    __v: 0
  },
  {
    _id: new ObjectId('67d674170b7b3d7c35643f21'),
    id: 'cf3a046f-ee0f-4c83-9042-d531e8861811',
    vendedorId: '73d492f3-658e-4637-9d28-e999f9aaca91',
    data: 2024-12-14T02:41:10.175Z,
    docinhosCoco: 49,
    __v: 0
  },
  {
    _id: new ObjectId('67d6741d0b7b3d7c35643f93'),
    id: '80c43daa-209b-4356-a1a1-66f2525477b2',
    vendedorId: '73d492f3-658e-4637-9d28-e999f9aaca91',
    data: 2024-12-17T09:59:24.068Z,
    docinhosCoco: 82,
    __v: 0
  },
  {
    _id: new ObjectId('67d6741d0b7b3d7c35643f97'),
    id: '6ed4b181-5420-4532-b5fa-58a1e1474f55',
    vendedorId: '73d492f3-658e-4637-9d28-e999f9aaca91',
    data: 2024-12-17T12:54:56.570Z,
    docinhosCoco: 62,
    __v: 0
  },
  {
    _id: new ObjectId('67d6742c0b7b3d7c356440c5'),
    id: '1958a91b-f871-4298-b61d-d2a7ee2dc011',
    vendedorId: '73d492f3-658e-4637-9d28-e999f9aaca91',
    data: 2024-12-27T20:54:03.578Z,
    docinhosCoco: 96,
    __v: 0
  },
  {
    _id: new ObjectId('67d674310b7b3d7c35644129'),
    id: '49ce5395-f5d0-4fa3-9d5f-c212cb52bc91',
    vendedorId: '73d492f3-658e-4637-9d28-e999f9aaca91',
    data: 2024-12-30T11:25:41.954Z,
    docinhosCoco: 93,
    __v: 0
  },
  {
    _id: new ObjectId('67d674320b7b3d7c35644137'),
    id: 'adccf78c-6777-41c7-92b8-57a049952a84',
    vendedorId: '73d492f3-658e-4637-9d28-e999f9aaca91',
    data: 2024-12-30T18:14:08.564Z,
    docinhosCoco: 73,
    __v: 0
  },
  {
    _id: new ObjectId('67d674350b7b3d7c35644171'),
    id: '3e630e7a-ac3a-4d6f-aafa-58023cd19c1d',
    vendedorId: '73d492f3-658e-4637-9d28-e999f9aaca91',
    data: 2025-01-01T11:22:20.763Z,
    docinhosCoco: 35,
    __v: 0
  },
  {
    _id: new ObjectId('67d674440b7b3d7c35644295'),
    id: '0553e054-3167-4d3b-9af8-763b1ec6ac49',
    vendedorId: '73d492f3-658e-4637-9d28-e999f9aaca91',
    data: 2025-01-11T08:41:05.613Z,
    docinhosCoco: 67,
    __v: 0
  },
  {
    _id: new ObjectId('67d674450b7b3d7c356442b1'),
    id: 'd4b19cd1-c878-459b-895c-59253a15010e',
    vendedorId: '73d492f3-658e-4637-9d28-e999f9aaca91',
    data: 2025-01-12T18:04:42.139Z,
    docinhosCoco: 58,
    __v: 0
  },
  {
    _id: new ObjectId('67d674480b7b3d7c356442e3'),
    id: 'c5f2fe14-2a26-472b-a116-28acac819cca',
    vendedorId: '73d492f3-658e-4637-9d28-e999f9aaca91',
    data: 2025-01-14T07:30:08.230Z,
    docinhosCoco: 41,
    __v: 0
  },
  {
    _id: new ObjectId('67d6744a0b7b3d7c3564431b'),
    id: '95061aea-947d-4084-a3ac-8f9de8ed7a4f',
    vendedorId: '73d492f3-658e-4637-9d28-e999f9aaca91',
    data: 2025-01-16T12:13:17.215Z,
    docinhosCoco: 52,
    __v: 0
  },
  {
    _id: new ObjectId('67d6744d0b7b3d7c35644349'),
    id: '892b0ed7-9092-4fe5-9ec2-75d2f038ed5e',
    vendedorId: '73d492f3-658e-4637-9d28-e999f9aaca91',
    data: 2025-01-17T23:05:05.018Z,
    docinhosCoco: 75,
    __v: 0
  },
  {
    _id: new ObjectId('67d6744d0b7b3d7c3564434f'),
    id: '7dc5b30f-3984-4848-b82e-cf6834dc07d5',
    vendedorId: '73d492f3-658e-4637-9d28-e999f9aaca91',
    data: 2025-01-18T03:39:35.432Z,
    docinhosCoco: 76,
    __v: 0
  },
  {
    _id: new ObjectId('67d674510b7b3d7c3564439b'),
    id: '86f717af-6350-45c3-a335-68fa55b10aae',
    vendedorId: '73d492f3-658e-4637-9d28-e999f9aaca91',
    data: 2025-01-20T11:32:45.017Z,
    docinhosCoco: 45,
    __v: 0
  },
  {
    _id: new ObjectId('67d674510b7b3d7c356443a3'),
    id: '5a2730aa-3bd4-492d-bd0c-0437afaf7f57',
    vendedorId: '73d492f3-658e-4637-9d28-e999f9aaca91',
    data: 2025-01-20T13:40:57.199Z,
    docinhosCoco: 46,
    __v: 0
  },
  {
    _id: new ObjectId('67d674530b7b3d7c356443c5'),
    id: '6407fd97-08b4-4c79-9360-c409d2bf8a0a',
    vendedorId: '73d492f3-658e-4637-9d28-e999f9aaca91',
    data: 2025-01-21T15:02:19.546Z,
    docinhosCoco: 47,
    __v: 0
  },
  {
    _id: new ObjectId('67d674550b7b3d7c356443e5'),
    id: '26dc1fbe-fc9c-4461-b6dd-67aa6c22ac99',
    vendedorId: '73d492f3-658e-4637-9d28-e999f9aaca91',
    data: 2025-01-22T14:04:41.323Z,
    docinhosCoco: 40,
    __v: 0
  },
  {
    _id: new ObjectId('67d674560b7b3d7c35644409'),
    id: '1b671d74-2daf-4e90-b988-2cfb7beeaa51',
    vendedorId: '73d492f3-658e-4637-9d28-e999f9aaca91',
    data: 2025-01-24T17:25:13.984Z,
    docinhosCoco: 37,
    __v: 0
  },
  {
    _id: new ObjectId('67d6745a0b7b3d7c35644447'),
    id: 'a0887f8b-55f4-48e8-a368-4c6ff777edc0',
    vendedorId: '73d492f3-658e-4637-9d28-e999f9aaca91',
    data: 2025-01-26T12:35:26.034Z,
    docinhosCoco: 85,
    __v: 0
  },
  {
    _id: new ObjectId('67d6745c0b7b3d7c35644475'),
    id: 'cda3b873-57ad-48c8-9402-da9b8a6d8381',
    vendedorId: '73d492f3-658e-4637-9d28-e999f9aaca91',
    data: 2025-01-27T16:32:10.698Z,
    docinhosCoco: 36,
    __v: 0
  },
  {
    _id: new ObjectId('67d6745d0b7b3d7c35644491'),
    id: 'ada2c32d-617e-44b9-8127-38c74e87904a',
    vendedorId: '73d492f3-658e-4637-9d28-e999f9aaca91',
    data: 2025-01-28T10:32:58.500Z,
    docinhosCoco: 69,
    __v: 0
  },
  {
    _id: new ObjectId('67d6745f0b7b3d7c356444b5'),
    id: '76a148dd-360d-4f26-9aec-c3810b85dc6b',
    vendedorId: '73d492f3-658e-4637-9d28-e999f9aaca91',
    data: 2025-01-29T17:13:46.539Z,
    docinhosCoco: 47,
    __v: 0
  },
  {
    _id: new ObjectId('67d674680b7b3d7c35644549'),
    id: 'fe524c6a-9ed5-47fc-a7f8-bfb96b01f265',
    vendedorId: '73d492f3-658e-4637-9d28-e999f9aaca91',
    data: 2025-02-03T06:28:02.657Z,
    docinhosCoco: 43,
    __v: 0
  },
  {
    _id: new ObjectId('67d6746d0b7b3d7c356445ad'),
    id: '3a773b61-f3c1-4cbe-af08-719ca42f9ae6',
    vendedorId: '73d492f3-658e-4637-9d28-e999f9aaca91',
    data: 2025-02-06T13:03:14.612Z,
    docinhosCoco: 66,
    __v: 0
  },
  {
    _id: new ObjectId('67d6746f0b7b3d7c356445d7'),
    id: 'b6d2fe8f-7bbd-4776-9ca1-358c67848ede',
    vendedorId: '73d492f3-658e-4637-9d28-e999f9aaca91',
    data: 2025-02-07T15:27:39.232Z,
    docinhosCoco: 61,
    __v: 0
  },
  {
    _id: new ObjectId('67d674720b7b3d7c35644615'),
    id: '6909d39b-2a77-4d2d-986d-af09bcb34461',
    vendedorId: '73d492f3-658e-4637-9d28-e999f9aaca91',
    data: 2025-02-09T13:44:50.080Z,
    docinhosCoco: 78,
    __v: 0
  },
  {
    _id: new ObjectId('67d674730b7b3d7c3564462b'),
    id: '0dbb58f3-889c-4569-9693-21075f95ca32',
    vendedorId: '73d492f3-658e-4637-9d28-e999f9aaca91',
    data: 2025-02-10T06:20:56.887Z,
    docinhosCoco: 32,
    __v: 0
  },
  {
    _id: new ObjectId('67d6747e0b7b3d7c35644701'),
    id: 'c6e51c74-3813-464f-b21d-dd976d317f73',
    vendedorId: '73d492f3-658e-4637-9d28-e999f9aaca91',
    data: 2025-02-16T17:13:35.581Z,
    docinhosCoco: 100,
    __v: 0
  },
  {
    _id: new ObjectId('67d674820b7b3d7c35644747'),
    id: '7d004099-5a9d-48af-97ce-4064e68bb349',
    vendedorId: '73d492f3-658e-4637-9d28-e999f9aaca91',
    data: 2025-02-18T16:02:44.290Z,
    docinhosCoco: 49,
    __v: 0
  },
  {
    _id: new ObjectId('67d674870b7b3d7c356447a9'),
    id: 'bac58b31-a9e9-4b2c-9803-17d9fc6b4702',
    vendedorId: '73d492f3-658e-4637-9d28-e999f9aaca91',
    data: 2025-02-22T12:08:28.515Z,
    docinhosCoco: 88,
    __v: 0
  },
  {
    _id: new ObjectId('67d674890b7b3d7c356447d9'),
    id: 'd9e62d42-c72e-429c-92f7-19a32845112a',
    vendedorId: '73d492f3-658e-4637-9d28-e999f9aaca91',
    data: 2025-02-24T13:45:22.461Z,
    docinhosCoco: 34,
    __v: 0
  },
  {
    _id: new ObjectId('67d674960b7b3d7c356448cb'),
    id: '0ebadb76-8dd9-402e-91f7-f981cb7e641f',
    vendedorId: '73d492f3-658e-4637-9d28-e999f9aaca91',
    data: 2025-03-04T18:16:14.474Z,
    docinhosCoco: 41,
    __v: 0
  },
  {
    _id: new ObjectId('67d6749c0b7b3d7c3564493f'),
    id: 'ad602322-2126-459c-b33b-68d60deff697',
    vendedorId: '73d492f3-658e-4637-9d28-e999f9aaca91',
    data: 2025-03-08T14:37:25.634Z,
    docinhosCoco: 66,
    __v: 0
  },
  {
    _id: new ObjectId('67d674a70b7b3d7c35644a1b'),
    id: '85594038-d05f-4053-aba9-7241373ec392',
    vendedorId: '73d492f3-658e-4637-9d28-e999f9aaca91',
    data: 2025-03-15T18:35:39.153Z,
    docinhosCoco: 46,
    __v: 0
  }
]
✅ Processado vendedor: Ulisses Franco
Debug - Repository - Query params: {
  vendedorId: '887f0d58-10cd-4e40-9128-7848335fbd44',
  dataInicio: 2024-09-17T03:00:00.000Z,
  dataFim: 2025-03-18T02:59:59.999Z
}
Debug - Repository - MongoDB query: {
  vendedorId: '887f0d58-10cd-4e40-9128-7848335fbd44',
  data: { '$gte': 1726542000000, '$lte': 1742266799999 }
}
Debug - Repository - Resultado encontrado: [
  {
    _id: new ObjectId('67c9968690c4d048db4a8f86'),
    id: '02b0318d-35a6-4ce2-86cb-1288f0243283',
    vendedorId: '887f0d58-10cd-4e40-9128-7848335fbd44',
    data: 2025-01-13T00:00:00.000Z,
    docinhosCoco: 1555,
    __v: 0
  },
  {
    _id: new ObjectId('67c996a290c4d048db4a8fcc'),
    id: '33d9f1ab-5c55-47ba-b3d1-6c640f2f315a',
    vendedorId: '887f0d58-10cd-4e40-9128-7848335fbd44',
    data: 2025-01-18T00:00:00.000Z,
    docinhosCoco: 1230,
    __v: 0
  },
  {
    _id: new ObjectId('67c996bc90c4d048db4a900e'),
    id: '6e596a41-75f4-4668-b04b-fb39a8b65de3',
    vendedorId: '887f0d58-10cd-4e40-9128-7848335fbd44',
    data: 2025-01-21T00:00:00.000Z,
    docinhosCoco: 1346,
    __v: 0
  },
  {
    _id: new ObjectId('67c997ee90c4d048db4a907f'),
    id: '949daed1-e47f-4332-9e30-1524a6acfd61',
    vendedorId: '887f0d58-10cd-4e40-9128-7848335fbd44',
    data: 2025-02-27T00:00:00.000Z,
    docinhosCoco: 802,
    __v: 0
  },
  {
    _id: new ObjectId('67c9980390c4d048db4a9097'),
    id: '872e6eed-9d9e-4700-86fa-1ba857bc4c30',
    vendedorId: '887f0d58-10cd-4e40-9128-7848335fbd44',
    data: 2025-02-11T00:00:00.000Z,
    docinhosCoco: 682,
    __v: 0
  },
  {
    _id: new ObjectId('67c9980390c4d048db4a9099'),
    id: '580ec3f4-b6e5-42bd-b7d8-6ebf4dfa34c0',
    vendedorId: '887f0d58-10cd-4e40-9128-7848335fbd44',
    data: 2025-02-11T00:00:00.000Z,
    docinhosCoco: 527,
    __v: 0
  },
  {
    _id: new ObjectId('67d67316411c5e9603367340'),
    id: '31a0b09b-5b28-4aee-a951-69cd213e4f9e',
    vendedorId: '887f0d58-10cd-4e40-9128-7848335fbd44',
    data: 2025-03-15T06:43:15.110Z,
    docinhosCoco: 55,
    __v: 0
  },
  {
    _id: new ObjectId('67d67316411c5e9603367342'),
    id: '53433100-05ec-47af-b674-0bf0fde08e47',
    vendedorId: '887f0d58-10cd-4e40-9128-7848335fbd44',
    data: 2025-03-05T06:43:15.110Z,
    docinhosCoco: 25,
    __v: 0
  },
  {
    _id: new ObjectId('67d67317411c5e9603367344'),
    id: '685d013f-db50-42e3-bf5e-e929820f81c2',
    vendedorId: '887f0d58-10cd-4e40-9128-7848335fbd44',
    data: 2025-03-01T06:43:15.110Z,
    docinhosCoco: 93,
    __v: 0
  },
  {
    _id: new ObjectId('67d67317411c5e9603367346'),
    id: 'a3f1fc79-6285-45f1-90d1-20982ca74d9a',
    vendedorId: '887f0d58-10cd-4e40-9128-7848335fbd44',
    data: 2025-03-11T06:43:15.110Z,
    docinhosCoco: 13,
    __v: 0
  },
  {
    _id: new ObjectId('67d67317411c5e9603367348'),
    id: 'd1f6fab1-cc62-4160-b459-733ccf6213bd',
    vendedorId: '887f0d58-10cd-4e40-9128-7848335fbd44',
    data: 2025-02-22T06:43:15.110Z,
    docinhosCoco: 18,
    __v: 0
  },
  {
    _id: new ObjectId('67d67317411c5e960336734a'),
    id: 'f1388b6c-b147-4552-98d9-bdc24bc96500',
    vendedorId: '887f0d58-10cd-4e40-9128-7848335fbd44',
    data: 2025-02-25T06:43:15.110Z,
    docinhosCoco: 37,
    __v: 0
  },
  {
    _id: new ObjectId('67d67317411c5e960336734c'),
    id: '9869df30-9751-43ef-b8fa-1b79bc15628a',
    vendedorId: '887f0d58-10cd-4e40-9128-7848335fbd44',
    data: 2025-02-20T06:43:15.110Z,
    docinhosCoco: 60,
    __v: 0
  },
  {
    _id: new ObjectId('67d67317411c5e960336734e'),
    id: '5f326739-f235-4e1b-a028-87a7a844703c',
    vendedorId: '887f0d58-10cd-4e40-9128-7848335fbd44',
    data: 2025-03-03T06:43:15.110Z,
    docinhosCoco: 63,
    __v: 0
  },
  {
    _id: new ObjectId('67d67317411c5e9603367350'),
    id: 'd3e19a57-3594-4631-8b0f-4af73d96dd9e',
    vendedorId: '887f0d58-10cd-4e40-9128-7848335fbd44',
    data: 2025-03-11T06:43:15.110Z,
    docinhosCoco: 37,
    __v: 0
  },
  {
    _id: new ObjectId('67d67317411c5e9603367352'),
    id: 'f1e0ce9a-37ae-468c-9807-f107f284a625',
    vendedorId: '887f0d58-10cd-4e40-9128-7848335fbd44',
    data: 2025-02-21T06:43:15.110Z,
    docinhosCoco: 90,
    __v: 0
  },
  {
    _id: new ObjectId('67d67317411c5e9603367354'),
    id: 'ab396759-f374-4cbe-a8f2-452c3f2efa3e',
    vendedorId: '887f0d58-10cd-4e40-9128-7848335fbd44',
    data: 2025-03-16T06:43:15.110Z,
    docinhosCoco: 44,
    __v: 0
  },
  {
    _id: new ObjectId('67d67317411c5e9603367356'),
    id: '68fec596-d301-4abb-bb9b-c1994672b6ee',
    vendedorId: '887f0d58-10cd-4e40-9128-7848335fbd44',
    data: 2025-03-09T06:43:15.110Z,
    docinhosCoco: 57,
    __v: 0
  },
  {
    _id: new ObjectId('67d67318411c5e9603367358'),
    id: '6e67eee4-3843-422e-8cb7-abfabb5e7d71',
    vendedorId: '887f0d58-10cd-4e40-9128-7848335fbd44',
    data: 2025-02-25T06:43:15.110Z,
    docinhosCoco: 74,
    __v: 0
  },
  {
    _id: new ObjectId('67d67318411c5e960336735a'),
    id: '2c1d8fd2-1680-4682-88ff-ac0f25d3168b',
    vendedorId: '887f0d58-10cd-4e40-9128-7848335fbd44',
    data: 2025-02-26T06:43:15.110Z,
    docinhosCoco: 28,
    __v: 0
  },
  {
    _id: new ObjectId('67d67318411c5e960336735c'),
    id: '7e2294a5-89e2-4c72-b22c-9283eeb2e9e6',
    vendedorId: '887f0d58-10cd-4e40-9128-7848335fbd44',
    data: 2025-02-28T06:43:15.110Z,
    docinhosCoco: 64,
    __v: 0
  },
  {
    _id: new ObjectId('67d67318411c5e960336735e'),
    id: '9c30c1a2-95fa-45b9-893c-a2070a9e4962',
    vendedorId: '887f0d58-10cd-4e40-9128-7848335fbd44',
    data: 2025-02-17T06:43:15.110Z,
    docinhosCoco: 43,
    __v: 0
  },
  {
    _id: new ObjectId('67d67318411c5e9603367360'),
    id: 'e4746f3d-734a-4a73-8ef3-9b18295209d4',
    vendedorId: '887f0d58-10cd-4e40-9128-7848335fbd44',
    data: 2025-02-27T06:43:15.110Z,
    docinhosCoco: 37,
    __v: 0
  },
  {
    _id: new ObjectId('67d67318411c5e9603367362'),
    id: '8bf870da-213d-4c5e-ad40-8348a0389994',
    vendedorId: '887f0d58-10cd-4e40-9128-7848335fbd44',
    data: 2025-03-04T06:43:15.110Z,
    docinhosCoco: 99,
    __v: 0
  },
  {
    _id: new ObjectId('67d673900b7b3d7c356434cd'),
    id: '66e1d6a7-d7c1-40e0-99ac-3d8fb06b242d',
    vendedorId: '887f0d58-10cd-4e40-9128-7848335fbd44',
    data: 2024-09-19T10:07:00.490Z,
    docinhosCoco: 60,
    __v: 0
  },
  {
    _id: new ObjectId('67d6739d0b7b3d7c356435c5'),
    id: '3d017708-1e50-44fc-82fc-81a36c275784',
    vendedorId: '887f0d58-10cd-4e40-9128-7848335fbd44',
    data: 2024-09-27T08:45:10.404Z,
    docinhosCoco: 60,
    __v: 0
  },
  {
    _id: new ObjectId('67d6739d0b7b3d7c356435d1'),
    id: 'a236f1d6-fae9-4eee-a797-33e29039285b',
    vendedorId: '887f0d58-10cd-4e40-9128-7848335fbd44',
    data: 2024-09-27T18:35:17.468Z,
    docinhosCoco: 79,
    __v: 0
  },
  {
    _id: new ObjectId('67d673a00b7b3d7c3564360b'),
    id: '6ed74c05-abf7-4938-9bc4-4f0b02c7ba52',
    vendedorId: '887f0d58-10cd-4e40-9128-7848335fbd44',
    data: 2024-09-29T17:32:23.829Z,
    docinhosCoco: 48,
    __v: 0
  },
  {
    _id: new ObjectId('67d673a10b7b3d7c35643621'),
    id: 'd8a73ed7-b511-4f36-a75a-bb9229cffc7e',
    vendedorId: '887f0d58-10cd-4e40-9128-7848335fbd44',
    data: 2024-10-01T02:42:47.077Z,
    docinhosCoco: 38,
    __v: 0
  },
  {
    _id: new ObjectId('67d673a50b7b3d7c3564365f'),
    id: '9d9d313e-d83e-40d6-a6cc-4dec0262be19',
    vendedorId: '887f0d58-10cd-4e40-9128-7848335fbd44',
    data: 2024-10-03T01:20:46.563Z,
    docinhosCoco: 55,
    __v: 0
  },
  {
    _id: new ObjectId('67d673aa0b7b3d7c356436c7'),
    id: '6141d3e5-c9cb-4d47-b526-d733e38a84ae',
    vendedorId: '887f0d58-10cd-4e40-9128-7848335fbd44',
    data: 2024-10-06T14:03:00.197Z,
    docinhosCoco: 55,
    __v: 0
  },
  {
    _id: new ObjectId('67d673ac0b7b3d7c356436ed'),
    id: 'b0352a40-8474-41f4-9115-6c5dacdab43a',
    vendedorId: '887f0d58-10cd-4e40-9128-7848335fbd44',
    data: 2024-10-08T10:08:13.862Z,
    docinhosCoco: 60,
    __v: 0
  },
  {
    _id: new ObjectId('67d673b10b7b3d7c35643757'),
    id: 'da5bcfc1-e052-426e-9093-e61f56582e75',
    vendedorId: '887f0d58-10cd-4e40-9128-7848335fbd44',
    data: 2024-10-11T18:55:36.738Z,
    docinhosCoco: 51,
    __v: 0
  },
  {
    _id: new ObjectId('67d673b80b7b3d7c356437e3'),
    id: 'b8903d52-ddb7-493e-929c-d0c9c128d353',
    vendedorId: '887f0d58-10cd-4e40-9128-7848335fbd44',
    data: 2024-10-16T21:18:32.922Z,
    docinhosCoco: 72,
    __v: 0
  },
  {
    _id: new ObjectId('67d673b90b7b3d7c356437e7'),
    id: 'cb7e40f4-70c4-49f7-aa0b-b33dd3a9d3fc',
    vendedorId: '887f0d58-10cd-4e40-9128-7848335fbd44',
    data: 2024-10-16T23:50:29.882Z,
    docinhosCoco: 77,
    __v: 0
  },
  {
    _id: new ObjectId('67d673be0b7b3d7c35643851'),
    id: 'dfec5282-cb4d-4e6f-a9e6-825ce2c16f1d',
    vendedorId: '887f0d58-10cd-4e40-9128-7848335fbd44',
    data: 2024-10-19T20:07:22.411Z,
    docinhosCoco: 72,
    __v: 0
  },
  {
    _id: new ObjectId('67d673be0b7b3d7c3564385b'),
    id: 'b379b296-7707-4ab2-9cab-07d26d72ad33',
    vendedorId: '887f0d58-10cd-4e40-9128-7848335fbd44',
    data: 2024-10-20T11:03:28.879Z,
    docinhosCoco: 39,
    __v: 0
  },
  {
    _id: new ObjectId('67d673c00b7b3d7c3564386f'),
    id: 'e41a086f-bcc7-4c72-85b3-0ff7d02f22b3',
    vendedorId: '887f0d58-10cd-4e40-9128-7848335fbd44',
    data: 2024-10-21T03:52:13.532Z,
    docinhosCoco: 49,
    __v: 0
  },
  {
    _id: new ObjectId('67d673c00b7b3d7c35643873'),
    id: '9ee140f0-9942-4faa-93b2-e2dc295e8b86',
    vendedorId: '887f0d58-10cd-4e40-9128-7848335fbd44',
    data: 2024-10-21T06:19:16.277Z,
    docinhosCoco: 39,
    __v: 0
  },
  {
    _id: new ObjectId('67d673c70b7b3d7c356438f9'),
    id: '93133616-80fc-494c-b6f1-6886ace28204',
    vendedorId: '887f0d58-10cd-4e40-9128-7848335fbd44',
    data: 2024-10-26T04:00:43.806Z,
    docinhosCoco: 76,
    __v: 0
  },
  {
    _id: new ObjectId('67d673c90b7b3d7c35643929'),
    id: '2e0429e6-3add-47fb-aee9-6dd9a18ab019',
    vendedorId: '887f0d58-10cd-4e40-9128-7848335fbd44',
    data: 2024-10-26T23:17:00.599Z,
    docinhosCoco: 58,
    __v: 0
  },
  {
    _id: new ObjectId('67d673ca0b7b3d7c35643943'),
    id: '2f467f3f-e61a-4c03-8dfe-19876c4ab0a9',
    vendedorId: '887f0d58-10cd-4e40-9128-7848335fbd44',
    data: 2024-10-28T03:17:20.202Z,
    docinhosCoco: 49,
    __v: 0
  },
  {
    _id: new ObjectId('67d673cc0b7b3d7c35643961'),
    id: '1ac8c00b-590f-4bbc-ab38-c454815a0c24',
    vendedorId: '887f0d58-10cd-4e40-9128-7848335fbd44',
    data: 2024-10-29T04:28:35.211Z,
    docinhosCoco: 37,
    __v: 0
  },
  {
    _id: new ObjectId('67d673cf0b7b3d7c3564399b'),
    id: '5207a659-e5db-46bd-ad0c-e909018b8b7a',
    vendedorId: '887f0d58-10cd-4e40-9128-7848335fbd44',
    data: 2024-10-31T16:15:54.521Z,
    docinhosCoco: 49,
    __v: 0
  },
  {
    _id: new ObjectId('67d673d00b7b3d7c356439bd'),
    id: '2177220a-4079-4255-a81d-140dbe609f9e',
    vendedorId: '887f0d58-10cd-4e40-9128-7848335fbd44',
    data: 2024-11-01T17:33:33.316Z,
    docinhosCoco: 34,
    __v: 0
  },
  {
    _id: new ObjectId('67d673da0b7b3d7c35643a81'),
    id: 'ecaeadb9-7503-479a-b782-12b2dcc0e975',
    vendedorId: '887f0d58-10cd-4e40-9128-7848335fbd44',
    data: 2024-11-06T21:56:09.035Z,
    docinhosCoco: 63,
    __v: 0
  },
  {
    _id: new ObjectId('67d673dd0b7b3d7c35643ab9'),
    id: '13ee7904-330e-424e-91e8-3e0d8218541a',
    vendedorId: '887f0d58-10cd-4e40-9128-7848335fbd44',
    data: 2024-11-08T15:53:03.655Z,
    docinhosCoco: 41,
    __v: 0
  },
  {
    _id: new ObjectId('67d673e20b7b3d7c35643b1d'),
    id: 'ff424aae-cff7-4208-ba62-b8aabc4c417c',
    vendedorId: '887f0d58-10cd-4e40-9128-7848335fbd44',
    data: 2024-11-11T18:22:57.653Z,
    docinhosCoco: 30,
    __v: 0
  },
  {
    _id: new ObjectId('67d673e50b7b3d7c35643b4d'),
    id: 'eaee2a28-5556-4f42-845a-c6947417b742',
    vendedorId: '887f0d58-10cd-4e40-9128-7848335fbd44',
    data: 2024-11-13T10:27:43.416Z,
    docinhosCoco: 51,
    __v: 0
  },
  {
    _id: new ObjectId('67d673e80b7b3d7c35643b85'),
    id: 'fd9f493a-5bf9-451a-95cb-304260d8daff',
    vendedorId: '887f0d58-10cd-4e40-9128-7848335fbd44',
    data: 2024-11-15T09:03:00.459Z,
    docinhosCoco: 78,
    __v: 0
  },
  {
    _id: new ObjectId('67d673e90b7b3d7c35643b97'),
    id: 'c213520c-7a1c-47a6-b33f-b06f339cfcfa',
    vendedorId: '887f0d58-10cd-4e40-9128-7848335fbd44',
    data: 2024-11-15T15:47:14.641Z,
    docinhosCoco: 69,
    __v: 0
  },
  {
    _id: new ObjectId('67d673eb0b7b3d7c35643bc3'),
    id: 'e3594df9-21be-46ab-a07b-9858be66fc71',
    vendedorId: '887f0d58-10cd-4e40-9128-7848335fbd44',
    data: 2024-11-17T01:01:14.986Z,
    docinhosCoco: 65,
    __v: 0
  },
  {
    _id: new ObjectId('67d673eb0b7b3d7c35643bc9'),
    id: 'b6e13f6d-91c8-43d2-a145-1e408b2cf853',
    vendedorId: '887f0d58-10cd-4e40-9128-7848335fbd44',
    data: 2024-11-17T02:41:15.409Z,
    docinhosCoco: 50,
    __v: 0
  },
  {
    _id: new ObjectId('67d673ec0b7b3d7c35643bd5'),
    id: '78d16524-ffc9-44e5-9c94-d9778f622fc7',
    vendedorId: '887f0d58-10cd-4e40-9128-7848335fbd44',
    data: 2024-11-17T13:21:58.186Z,
    docinhosCoco: 59,
    __v: 0
  },
  {
    _id: new ObjectId('67d673ee0b7b3d7c35643c07'),
    id: '12f739e3-2225-490a-99c0-660b5b753afa',
    vendedorId: '887f0d58-10cd-4e40-9128-7848335fbd44',
    data: 2024-11-19T01:21:05.567Z,
    docinhosCoco: 37,
    __v: 0
  },
  {
    _id: new ObjectId('67d673f10b7b3d7c35643c43'),
    id: '80e879bf-f30b-4710-b2fb-3c5e3c6cb711',
    vendedorId: '887f0d58-10cd-4e40-9128-7848335fbd44',
    data: 2024-11-21T09:03:58.623Z,
    docinhosCoco: 62,
    __v: 0
  },
  {
    _id: new ObjectId('67d673f20b7b3d7c35643c4d'),
    id: 'a1b2a5ad-c3d8-44a4-9883-af9c5a565268',
    vendedorId: '887f0d58-10cd-4e40-9128-7848335fbd44',
    data: 2024-11-21T18:15:47.891Z,
    docinhosCoco: 55,
    __v: 0
  },
  {
    _id: new ObjectId('67d673f70b7b3d7c35643cb1'),
    id: 'bf971f2f-bc35-416d-a989-9dbcd217035f',
    vendedorId: '887f0d58-10cd-4e40-9128-7848335fbd44',
    data: 2024-11-24T00:51:04.536Z,
    docinhosCoco: 46,
    __v: 0
  },
  {
    _id: new ObjectId('67d673fd0b7b3d7c35643d2f'),
    id: '1c1acc4e-06f6-4b3c-bef2-5e4d711b7ed5',
    vendedorId: '887f0d58-10cd-4e40-9128-7848335fbd44',
    data: 2024-11-28T07:57:45.065Z,
    docinhosCoco: 41,
    __v: 0
  },
  {
    _id: new ObjectId('67d674000b7b3d7c35643d59'),
    id: 'f65d62bc-329b-4d99-ba82-9b52ddbee537',
    vendedorId: '887f0d58-10cd-4e40-9128-7848335fbd44',
    data: 2024-11-29T16:23:01.765Z,
    docinhosCoco: 51,
    __v: 0
  },
  {
    _id: new ObjectId('67d674010b7b3d7c35643d73'),
    id: '159c21d6-713a-4cb8-98f8-0b8feef3dca2',
    vendedorId: '887f0d58-10cd-4e40-9128-7848335fbd44',
    data: 2024-11-30T08:36:39.701Z,
    docinhosCoco: 63,
    __v: 0
  },
  {
    _id: new ObjectId('67d674040b7b3d7c35643da7'),
    id: '2a43fe63-8f88-4353-a8e2-588105e5afc0',
    vendedorId: '887f0d58-10cd-4e40-9128-7848335fbd44',
    data: 2024-12-01T16:12:44.495Z,
    docinhosCoco: 50,
    __v: 0
  },
  {
    _id: new ObjectId('67d674080b7b3d7c35643e03'),
    id: '0a6e3013-11eb-4bc0-b5b5-c67d1e41a721',
    vendedorId: '887f0d58-10cd-4e40-9128-7848335fbd44',
    data: 2024-12-05T06:46:12.015Z,
    docinhosCoco: 76,
    __v: 0
  },
  {
    _id: new ObjectId('67d6740f0b7b3d7c35643e85'),
    id: '0bda61d3-0582-48f8-a938-a19b68708dae',
    vendedorId: '887f0d58-10cd-4e40-9128-7848335fbd44',
    data: 2024-12-08T19:30:06.880Z,
    docinhosCoco: 108,
    __v: 0
  },
  {
    _id: new ObjectId('67d674100b7b3d7c35643e9b'),
    id: '1af3dcf3-021b-4939-ad60-e2fe9e514797',
    vendedorId: '887f0d58-10cd-4e40-9128-7848335fbd44',
    data: 2024-12-09T08:40:16.771Z,
    docinhosCoco: 42,
    __v: 0
  },
  {
    _id: new ObjectId('67d674100b7b3d7c35643ea1'),
    id: '6b4b4c4d-b62f-4d53-8631-305676423ee5',
    vendedorId: '887f0d58-10cd-4e40-9128-7848335fbd44',
    data: 2024-12-09T22:57:21.235Z,
    docinhosCoco: 87,
    __v: 0
  },
  {
    _id: new ObjectId('67d674130b7b3d7c35643ed7'),
    id: '2e6b4194-ebad-46ba-b129-b92ba37c07e9',
    vendedorId: '887f0d58-10cd-4e40-9128-7848335fbd44',
    data: 2024-12-11T23:52:56.914Z,
    docinhosCoco: 51,
    __v: 0
  },
  {
    _id: new ObjectId('67d6741a0b7b3d7c35643f69'),
    id: '89936ec3-6921-4e06-b389-c592a6e8c64c',
    vendedorId: '887f0d58-10cd-4e40-9128-7848335fbd44',
    data: 2024-12-16T06:12:45.826Z,
    docinhosCoco: 40,
    __v: 0
  },
  {
    _id: new ObjectId('67d6741e0b7b3d7c35643fa9'),
    id: '0d773544-f154-4864-8a5e-c7042d7d2479',
    vendedorId: '887f0d58-10cd-4e40-9128-7848335fbd44',
    data: 2024-12-18T13:50:08.014Z,
    docinhosCoco: 84,
    __v: 0
  },
  {
    _id: new ObjectId('67d6741e0b7b3d7c35643faf'),
    id: '0a1318f6-3553-4e29-8a0d-11799593130b',
    vendedorId: '887f0d58-10cd-4e40-9128-7848335fbd44',
    data: 2024-12-18T16:40:23.923Z,
    docinhosCoco: 63,
    __v: 0
  },
  {
    _id: new ObjectId('67d674270b7b3d7c35644065'),
    id: '063a2474-349f-4002-80ed-036a0d9963cd',
    vendedorId: '887f0d58-10cd-4e40-9128-7848335fbd44',
    data: 2024-12-24T14:22:17.690Z,
    docinhosCoco: 45,
    __v: 0
  },
  {
    _id: new ObjectId('67d674280b7b3d7c3564406f'),
    id: '9f746b3b-7b9c-47dc-b1c2-925257654117',
    vendedorId: '887f0d58-10cd-4e40-9128-7848335fbd44',
    data: 2024-12-24T17:07:11.139Z,
    docinhosCoco: 72,
    __v: 0
  },
  {
    _id: new ObjectId('67d6742a0b7b3d7c35644095'),
    id: 'fd16788a-08ba-45d2-b4b8-629cfcafbc38',
    vendedorId: '887f0d58-10cd-4e40-9128-7848335fbd44',
    data: 2024-12-26T04:37:24.247Z,
    docinhosCoco: 54,
    __v: 0
  },
  {
    _id: new ObjectId('67d6742c0b7b3d7c356440bb'),
    id: 'e147e166-5fdf-449f-adae-783597c0680b',
    vendedorId: '887f0d58-10cd-4e40-9128-7848335fbd44',
    data: 2024-12-27T16:08:23.870Z,
    docinhosCoco: 88,
    __v: 0
  },
  {
    _id: new ObjectId('67d6742d0b7b3d7c356440d3'),
    id: '1feff04b-0a1f-4336-b307-377d9d0fe991',
    vendedorId: '887f0d58-10cd-4e40-9128-7848335fbd44',
    data: 2024-12-28T09:46:53.345Z,
    docinhosCoco: 87,
    __v: 0
  },
  {
    _id: new ObjectId('67d6742e0b7b3d7c356440f1'),
    id: '39942530-7b61-405b-8354-1d8f34b564aa',
    vendedorId: '887f0d58-10cd-4e40-9128-7848335fbd44',
    data: 2024-12-29T02:00:18.669Z,
    docinhosCoco: 50,
    __v: 0
  },
  {
    _id: new ObjectId('67d6742f0b7b3d7c356440fb'),
    id: 'aa479d3c-b0e6-4668-a6f7-b2f727326c6f',
    vendedorId: '887f0d58-10cd-4e40-9128-7848335fbd44',
    data: 2024-12-29T07:44:23.905Z,
    docinhosCoco: 116,
    __v: 0
  },
  {
    _id: new ObjectId('67d674310b7b3d7c35644125'),
    id: '2532a850-7547-4446-b370-a8b00a0e76ef',
    vendedorId: '887f0d58-10cd-4e40-9128-7848335fbd44',
    data: 2024-12-30T09:14:17.737Z,
    docinhosCoco: 93,
    __v: 0
  },
  {
    _id: new ObjectId('67d674310b7b3d7c3564412b'),
    id: '5c87bc64-2bd6-489f-a555-31aedbccf122',
    vendedorId: '887f0d58-10cd-4e40-9128-7848335fbd44',
    data: 2024-12-30T13:06:01.749Z,
    docinhosCoco: 38,
    __v: 0
  },
  {
    _id: new ObjectId('67d674320b7b3d7c3564413d'),
    id: '2368bfca-3a3d-4a06-8344-fcac87c45d3c',
    vendedorId: '887f0d58-10cd-4e40-9128-7848335fbd44',
    data: 2024-12-30T21:04:22.015Z,
    docinhosCoco: 37,
    __v: 0
  },
  {
    _id: new ObjectId('67d674350b7b3d7c35644175'),
    id: '23d84d62-e08f-4a23-a80b-20b1bad054c5',
    vendedorId: '887f0d58-10cd-4e40-9128-7848335fbd44',
    data: 2025-01-01T14:08:15.624Z,
    docinhosCoco: 70,
    __v: 0
  },
  {
    _id: new ObjectId('67d674390b7b3d7c356441c7'),
    id: '02ed628c-94bb-4499-8b73-8140e9236d1e',
    vendedorId: '887f0d58-10cd-4e40-9128-7848335fbd44',
    data: 2025-01-04T15:31:26.916Z,
    docinhosCoco: 58,
    __v: 0
  },
  {
    _id: new ObjectId('67d6743d0b7b3d7c3564420f'),
    id: 'b34a8c89-8de8-4e60-8eeb-4975fbca382d',
    vendedorId: '887f0d58-10cd-4e40-9128-7848335fbd44',
    data: 2025-01-07T06:55:17.949Z,
    docinhosCoco: 58,
    __v: 0
  },
  {
    _id: new ObjectId('67d6743e0b7b3d7c3564422b'),
    id: '880ad43a-10fa-4fd4-b266-422f1ed12408',
    vendedorId: '887f0d58-10cd-4e40-9128-7848335fbd44',
    data: 2025-01-08T04:52:33.493Z,
    docinhosCoco: 35,
    __v: 0
  },
  {
    _id: new ObjectId('67d674450b7b3d7c356442b3'),
    id: '8fcb1ee3-468f-4efe-b768-d2b1cf96ae5a',
    vendedorId: '887f0d58-10cd-4e40-9128-7848335fbd44',
    data: 2025-01-12T18:33:01.029Z,
    docinhosCoco: 68,
    __v: 0
  },
  {
    _id: new ObjectId('67d674490b7b3d7c356442fb'),
    id: 'e45b4425-86cf-4bd3-90a1-3de278f958be',
    vendedorId: '887f0d58-10cd-4e40-9128-7848335fbd44',
    data: 2025-01-15T08:06:00.851Z,
    docinhosCoco: 37,
    __v: 0
  },
  {
    _id: new ObjectId('67d674530b7b3d7c356443cf'),
    id: '6f55bf09-376c-47a2-a058-b29a1af48367',
    vendedorId: '887f0d58-10cd-4e40-9128-7848335fbd44',
    data: 2025-01-21T21:28:50.506Z,
    docinhosCoco: 78,
    __v: 0
  },
  {
    _id: new ObjectId('67d674550b7b3d7c356443ef'),
    id: '3a06e159-21cf-497d-bca6-423ee7725a8e',
    vendedorId: '887f0d58-10cd-4e40-9128-7848335fbd44',
    data: 2025-01-23T05:20:11.799Z,
    docinhosCoco: 75,
    __v: 0
  },
  {
    _id: new ObjectId('67d674580b7b3d7c3564441f'),
    id: '71b27efd-8b94-4ceb-84b6-48b68ff2e1b5',
    vendedorId: '887f0d58-10cd-4e40-9128-7848335fbd44',
    data: 2025-01-25T07:58:00.284Z,
    docinhosCoco: 96,
    __v: 0
  },
  {
    _id: new ObjectId('67d6745f0b7b3d7c356444a9'),
    id: 'e88c01a8-6bce-496c-9b02-944be39b5712',
    vendedorId: '887f0d58-10cd-4e40-9128-7848335fbd44',
    data: 2025-01-29T10:00:38.663Z,
    docinhosCoco: 50,
    __v: 0
  },
  {
    _id: new ObjectId('67d674600b7b3d7c356444c1'),
    id: '34a574bd-c97a-41dc-a6b1-55cf6a92207a',
    vendedorId: '887f0d58-10cd-4e40-9128-7848335fbd44',
    data: 2025-01-30T03:01:49.779Z,
    docinhosCoco: 43,
    __v: 0
  },
  {
    _id: new ObjectId('67d6746a0b7b3d7c3564456d'),
    id: '4052cf9b-9dab-407c-b215-eb8fee0180d3',
    vendedorId: '887f0d58-10cd-4e40-9128-7848335fbd44',
    data: 2025-02-04T21:44:47.733Z,
    docinhosCoco: 53,
    __v: 0
  },
  {
    _id: new ObjectId('67d6746b0b7b3d7c3564458d'),
    id: '910faebd-89c7-4bd3-b815-219e6608d63d',
    vendedorId: '887f0d58-10cd-4e40-9128-7848335fbd44',
    data: 2025-02-05T17:36:36.939Z,
    docinhosCoco: 36,
    __v: 0
  },
  {
    _id: new ObjectId('67d674710b7b3d7c356445f5'),
    id: '051255cb-30f1-49c1-aec3-57c755617842',
    vendedorId: '887f0d58-10cd-4e40-9128-7848335fbd44',
    data: 2025-02-08T16:42:30.552Z,
    docinhosCoco: 62,
    __v: 0
  },
  {
    _id: new ObjectId('67d674720b7b3d7c3564460d'),
    id: '03278825-a44b-41dd-b66f-7d2661bb631f',
    vendedorId: '887f0d58-10cd-4e40-9128-7848335fbd44',
    data: 2025-02-09T12:40:04.484Z,
    docinhosCoco: 83,
    __v: 0
  },
  {
    _id: new ObjectId('67d674780b7b3d7c35644687'),
    id: '1d736340-39c7-463e-aa33-640c8ab48200',
    vendedorId: '887f0d58-10cd-4e40-9128-7848335fbd44',
    data: 2025-02-13T03:41:50.516Z,
    docinhosCoco: 67,
    __v: 0
  },
  {
    _id: new ObjectId('67d674790b7b3d7c35644699'),
    id: '933774b9-44b0-4303-a617-fe97e385c02a',
    vendedorId: '887f0d58-10cd-4e40-9128-7848335fbd44',
    data: 2025-02-13T15:28:00.165Z,
    docinhosCoco: 76,
    __v: 0
  },
  {
    _id: new ObjectId('67d674790b7b3d7c3564469b'),
    id: '68e6bc33-0ec0-41d5-965b-d15dc4582f9c',
    vendedorId: '887f0d58-10cd-4e40-9128-7848335fbd44',
    data: 2025-02-13T16:13:28.214Z,
    docinhosCoco: 37,
    __v: 0
  },
  {
    _id: new ObjectId('67d6747a0b7b3d7c356446af'),
    id: 'a4bfcc73-3aa7-499b-acf0-d303d89f0752',
    vendedorId: '887f0d58-10cd-4e40-9128-7848335fbd44',
    data: 2025-02-14T11:35:56.974Z,
    docinhosCoco: 39,
    __v: 0
  },
  {
    _id: new ObjectId('67d6747c0b7b3d7c356446d5'),
    id: '1b577e7e-2bd9-4e1f-b546-fb7ee71328f2',
    vendedorId: '887f0d58-10cd-4e40-9128-7848335fbd44',
    data: 2025-02-15T07:57:56.515Z,
    docinhosCoco: 96,
    __v: 0
  },
  ... 19 more items
]
✅ Processado vendedor: Daniela Mourão
Debug - Repository - Query params: {
  vendedorId: '816d6240-7b9a-41de-831f-dc85c61286e9',
  dataInicio: 2024-09-17T03:00:00.000Z,
  dataFim: 2025-03-18T02:59:59.999Z
}
Debug - Repository - MongoDB query: {
  vendedorId: '816d6240-7b9a-41de-831f-dc85c61286e9',
  data: { '$gte': 1726542000000, '$lte': 1742266799999 }
}
Debug - Repository - Resultado encontrado: [
  {
    _id: new ObjectId('67c9968890c4d048db4a8f8e'),
    id: 'f3823787-e4d7-4c83-a584-9a2141f2e5a0',
    vendedorId: '816d6240-7b9a-41de-831f-dc85c61286e9',
    data: 2025-01-17T00:00:00.000Z,
    docinhosCoco: 1625,
    __v: 0
  },
  {
    _id: new ObjectId('67c996a790c4d048db4a8fe0'),
    id: 'efa67645-c281-4c4f-b271-b2a4e1d457bc',
    vendedorId: '816d6240-7b9a-41de-831f-dc85c61286e9',
    data: 2025-01-28T00:00:00.000Z,
    docinhosCoco: 957,
    __v: 0
  },
  {
    _id: new ObjectId('67c996bb90c4d048db4a900c'),
    id: 'a713bd82-baa2-4969-bb30-2d5c39385bb0',
    vendedorId: '816d6240-7b9a-41de-831f-dc85c61286e9',
    data: 2025-01-20T00:00:00.000Z,
    docinhosCoco: 1968,
    __v: 0
  },
  {
    _id: new ObjectId('67c997e990c4d048db4a9067'),
    id: '9b4f94fb-477d-4682-b9f0-5d8acd4f2d10',
    vendedorId: '816d6240-7b9a-41de-831f-dc85c61286e9',
    data: 2025-02-15T00:00:00.000Z,
    docinhosCoco: 1038,
    __v: 0
  },
  {
    _id: new ObjectId('67c9980290c4d048db4a9091'),
    id: '8ae239cb-cd1c-479d-829f-5d6cd66069e4',
    vendedorId: '816d6240-7b9a-41de-831f-dc85c61286e9',
    data: 2025-02-08T00:00:00.000Z,
    docinhosCoco: 1388,
    __v: 0
  },
  {
    _id: new ObjectId('67d6738f0b7b3d7c356434bb'),
    id: 'e929b77a-e8a7-4db4-a47b-cfc0d2fa1b6d',
    vendedorId: '816d6240-7b9a-41de-831f-dc85c61286e9',
    data: 2024-09-18T17:24:08.197Z,
    docinhosCoco: 79,
    __v: 0
  },
  {
    _id: new ObjectId('67d673970b7b3d7c35643557'),
    id: 'e8ade1d9-fe9d-427a-a55d-dd0a91a86a04',
    vendedorId: '816d6240-7b9a-41de-831f-dc85c61286e9',
    data: 2024-09-23T17:37:37.098Z,
    docinhosCoco: 37,
    __v: 0
  },
  {
    _id: new ObjectId('67d673980b7b3d7c3564356b'),
    id: '6a67ca32-773a-4592-87c8-1b347170bb00',
    vendedorId: '816d6240-7b9a-41de-831f-dc85c61286e9',
    data: 2024-09-24T08:07:51.631Z,
    docinhosCoco: 39,
    __v: 0
  },
  {
    _id: new ObjectId('67d673990b7b3d7c3564357d'),
    id: 'ccd2c38c-46cc-4ccf-88f1-1826d5cf745b',
    vendedorId: '816d6240-7b9a-41de-831f-dc85c61286e9',
    data: 2024-09-24T16:51:13.641Z,
    docinhosCoco: 59,
    __v: 0
  },
  {
    _id: new ObjectId('67d6739c0b7b3d7c356435b1'),
    id: 'eb33b01b-0fd9-460f-a834-27dd667f9d0c',
    vendedorId: '816d6240-7b9a-41de-831f-dc85c61286e9',
    data: 2024-09-26T11:52:13.131Z,
    docinhosCoco: 48,
    __v: 0
  },
  {
    _id: new ObjectId('67d673a00b7b3d7c35643605'),
    id: '84bf6b46-0a25-42ec-9107-b62d0fc9ce80',
    vendedorId: '816d6240-7b9a-41de-831f-dc85c61286e9',
    data: 2024-09-29T11:52:09.127Z,
    docinhosCoco: 89,
    __v: 0
  },
  {
    _id: new ObjectId('67d673a10b7b3d7c35643617'),
    id: 'e8ceb0d8-316f-43ef-9a92-07246bc4eb0b',
    vendedorId: '816d6240-7b9a-41de-831f-dc85c61286e9',
    data: 2024-09-30T18:32:16.995Z,
    docinhosCoco: 48,
    __v: 0
  },
  {
    _id: new ObjectId('67d673ac0b7b3d7c356436e9'),
    id: 'c1cc5807-d1e6-4800-9ac8-fd9b3955fc07',
    vendedorId: '816d6240-7b9a-41de-831f-dc85c61286e9',
    data: 2024-10-08T06:09:55.628Z,
    docinhosCoco: 63,
    __v: 0
  },
  {
    _id: new ObjectId('67d673af0b7b3d7c35643731'),
    id: '1154e8eb-b60a-4ace-9d76-b5d47a71319e',
    vendedorId: '816d6240-7b9a-41de-831f-dc85c61286e9',
    data: 2024-10-10T14:09:34.291Z,
    docinhosCoco: 79,
    __v: 0
  },
  {
    _id: new ObjectId('67d673b30b7b3d7c35643771'),
    id: 'ba0f9d49-bbf1-4263-a0cf-c054846ca577',
    vendedorId: '816d6240-7b9a-41de-831f-dc85c61286e9',
    data: 2024-10-12T13:33:24.869Z,
    docinhosCoco: 42,
    __v: 0
  },
  {
    _id: new ObjectId('67d673b30b7b3d7c3564377d'),
    id: '16bf3f69-1903-4853-86d0-00651bd36f59',
    vendedorId: '816d6240-7b9a-41de-831f-dc85c61286e9',
    data: 2024-10-13T02:04:50.775Z,
    docinhosCoco: 71,
    __v: 0
  },
  {
    _id: new ObjectId('67d673b50b7b3d7c356437a1'),
    id: 'd06f3048-8643-47f6-ba14-e41d18425513',
    vendedorId: '816d6240-7b9a-41de-831f-dc85c61286e9',
    data: 2024-10-14T13:11:02.387Z,
    docinhosCoco: 45,
    __v: 0
  },
  {
    _id: new ObjectId('67d673b80b7b3d7c356437e1'),
    id: '01ef2e42-3ce0-4e32-af72-cb9bbddf6371',
    vendedorId: '816d6240-7b9a-41de-831f-dc85c61286e9',
    data: 2024-10-16T18:51:26.970Z,
    docinhosCoco: 79,
    __v: 0
  },
  {
    _id: new ObjectId('67d673c10b7b3d7c35643887'),
    id: 'a0394c4f-ec83-4c05-abd0-f738a7733f26',
    vendedorId: '816d6240-7b9a-41de-831f-dc85c61286e9',
    data: 2024-10-22T00:17:27.770Z,
    docinhosCoco: 58,
    __v: 0
  },
  {
    _id: new ObjectId('67d673c70b7b3d7c356438fb'),
    id: 'a8ed703b-e887-4fa8-9171-b77e96c36514',
    vendedorId: '816d6240-7b9a-41de-831f-dc85c61286e9',
    data: 2024-10-26T04:26:19.902Z,
    docinhosCoco: 45,
    __v: 0
  },
  {
    _id: new ObjectId('67d673ca0b7b3d7c3564393f'),
    id: '25d22667-27cb-4d39-b235-4ab300209312',
    vendedorId: '816d6240-7b9a-41de-831f-dc85c61286e9',
    data: 2024-10-27T20:49:53.808Z,
    docinhosCoco: 52,
    __v: 0
  },
  {
    _id: new ObjectId('67d673d50b7b3d7c35643a19'),
    id: 'e719ae3c-f5e8-4a5e-bfa2-79bdc29e3274',
    vendedorId: '816d6240-7b9a-41de-831f-dc85c61286e9',
    data: 2024-11-04T12:56:53.481Z,
    docinhosCoco: 67,
    __v: 0
  },
  {
    _id: new ObjectId('67d673db0b7b3d7c35643a83'),
    id: '1177222e-cce5-4d02-8122-8961617ff197',
    vendedorId: '816d6240-7b9a-41de-831f-dc85c61286e9',
    data: 2024-11-06T22:45:44.481Z,
    docinhosCoco: 77,
    __v: 0
  },
  {
    _id: new ObjectId('67d673dd0b7b3d7c35643aad'),
    id: '2a996284-f778-4f77-8b93-72e8c3f8af29',
    vendedorId: '816d6240-7b9a-41de-831f-dc85c61286e9',
    data: 2024-11-08T02:09:19.872Z,
    docinhosCoco: 30,
    __v: 0
  },
  {
    _id: new ObjectId('67d673df0b7b3d7c35643add'),
    id: '96893c95-a490-489c-b44c-26492808e496',
    vendedorId: '816d6240-7b9a-41de-831f-dc85c61286e9',
    data: 2024-11-09T22:00:13.618Z,
    docinhosCoco: 52,
    __v: 0
  },
  {
    _id: new ObjectId('67d673df0b7b3d7c35643adf'),
    id: '08e074e8-46b5-423a-bdec-88806f9462b8',
    vendedorId: '816d6240-7b9a-41de-831f-dc85c61286e9',
    data: 2024-11-09T23:07:47.998Z,
    docinhosCoco: 89,
    __v: 0
  },
  {
    _id: new ObjectId('67d673e10b7b3d7c35643b07'),
    id: 'bf0f17d6-cb3d-405b-9f54-b8955db46242',
    vendedorId: '816d6240-7b9a-41de-831f-dc85c61286e9',
    data: 2024-11-11T04:24:14.692Z,
    docinhosCoco: 34,
    __v: 0
  },
  {
    _id: new ObjectId('67d673e20b7b3d7c35643b17'),
    id: 'f28179e2-ff6e-43ee-aa70-1c1d06d87685',
    vendedorId: '816d6240-7b9a-41de-831f-dc85c61286e9',
    data: 2024-11-11T17:46:27.850Z,
    docinhosCoco: 76,
    __v: 0
  },
  {
    _id: new ObjectId('67d673eb0b7b3d7c35643bbb'),
    id: '40b5a2d9-e06b-49c3-802f-10a2502af77e',
    vendedorId: '816d6240-7b9a-41de-831f-dc85c61286e9',
    data: 2024-11-16T21:58:59.958Z,
    docinhosCoco: 46,
    __v: 0
  },
  {
    _id: new ObjectId('67d673ee0b7b3d7c35643bfd'),
    id: '01a52cb5-ca46-41a8-828e-609cd78242b7',
    vendedorId: '816d6240-7b9a-41de-831f-dc85c61286e9',
    data: 2024-11-18T19:31:15.956Z,
    docinhosCoco: 38,
    __v: 0
  },
  {
    _id: new ObjectId('67d673ef0b7b3d7c35643c11'),
    id: 'b5656d79-9a3f-48d3-8235-07046ceb166e',
    vendedorId: '816d6240-7b9a-41de-831f-dc85c61286e9',
    data: 2024-11-19T12:44:18.211Z,
    docinhosCoco: 57,
    __v: 0
  },
  {
    _id: new ObjectId('67d673f10b7b3d7c35643c33'),
    id: 'ea14591e-72d3-41cf-94db-c5febca77049',
    vendedorId: '816d6240-7b9a-41de-831f-dc85c61286e9',
    data: 2024-11-20T20:50:42.019Z,
    docinhosCoco: 53,
    __v: 0
  },
  {
    _id: new ObjectId('67d673fa0b7b3d7c35643cf1'),
    id: '6488a3d9-6bf5-4d17-8726-bf9d31568f91',
    vendedorId: '816d6240-7b9a-41de-831f-dc85c61286e9',
    data: 2024-11-26T09:24:55.047Z,
    docinhosCoco: 43,
    __v: 0
  },
  {
    _id: new ObjectId('67d674040b7b3d7c35643db1'),
    id: 'd1bc68c3-a5a5-4c91-bac8-baec1fcc7acc',
    vendedorId: '816d6240-7b9a-41de-831f-dc85c61286e9',
    data: 2024-12-01T22:42:55.406Z,
    docinhosCoco: 65,
    __v: 0
  },
  {
    _id: new ObjectId('67d674070b7b3d7c35643df3'),
    id: '55c343dc-5a61-40af-b8ec-6961c8d64437',
    vendedorId: '816d6240-7b9a-41de-831f-dc85c61286e9',
    data: 2024-12-04T12:18:01.093Z,
    docinhosCoco: 87,
    __v: 0
  },
  {
    _id: new ObjectId('67d674100b7b3d7c35643e9f'),
    id: '53391cf7-be98-4cc2-a4fc-77d8f33116f0',
    vendedorId: '816d6240-7b9a-41de-831f-dc85c61286e9',
    data: 2024-12-09T20:14:14.324Z,
    docinhosCoco: 56,
    __v: 0
  },
  {
    _id: new ObjectId('67d674110b7b3d7c35643ea9'),
    id: '9ce48501-1599-4a57-8b8c-ba0321a965ee',
    vendedorId: '816d6240-7b9a-41de-831f-dc85c61286e9',
    data: 2024-12-10T04:50:57.471Z,
    docinhosCoco: 72,
    __v: 0
  },
  {
    _id: new ObjectId('67d674120b7b3d7c35643ebd'),
    id: '4d0c720d-a6f6-43e4-be92-c75c232427d5',
    vendedorId: '816d6240-7b9a-41de-831f-dc85c61286e9',
    data: 2024-12-11T00:44:30.056Z,
    docinhosCoco: 66,
    __v: 0
  },
  {
    _id: new ObjectId('67d674140b7b3d7c35643eed'),
    id: 'a9036268-ffb7-4056-bdf8-d5bc0dfe73e8',
    vendedorId: '816d6240-7b9a-41de-831f-dc85c61286e9',
    data: 2024-12-12T18:20:14.589Z,
    docinhosCoco: 90,
    __v: 0
  },
  {
    _id: new ObjectId('67d674210b7b3d7c35643ff3'),
    id: '31e492c6-9ee9-4807-9f84-4d50431855dc',
    vendedorId: '816d6240-7b9a-41de-831f-dc85c61286e9',
    data: 2024-12-21T01:57:50.302Z,
    docinhosCoco: 69,
    __v: 0
  },
  {
    _id: new ObjectId('67d674260b7b3d7c3564404d'),
    id: 'e7169161-9529-4664-ae31-13d6eedca620',
    vendedorId: '816d6240-7b9a-41de-831f-dc85c61286e9',
    data: 2024-12-23T22:11:36.841Z,
    docinhosCoco: 63,
    __v: 0
  },
  {
    _id: new ObjectId('67d6742b0b7b3d7c356440ab'),
    id: '90a5f8d7-4152-4a80-97cb-a4d902f4379b',
    vendedorId: '816d6240-7b9a-41de-831f-dc85c61286e9',
    data: 2024-12-27T04:53:48.087Z,
    docinhosCoco: 39,
    __v: 0
  },
  {
    _id: new ObjectId('67d6742d0b7b3d7c356440cd'),
    id: 'c4d8e6c7-737e-43a5-85d3-9b608cd68c80',
    vendedorId: '816d6240-7b9a-41de-831f-dc85c61286e9',
    data: 2024-12-28T02:44:22.126Z,
    docinhosCoco: 67,
    __v: 0
  },
  {
    _id: new ObjectId('67d6742f0b7b3d7c35644101'),
    id: '8be22478-a594-412d-9577-f5af3aa2eda9',
    vendedorId: '816d6240-7b9a-41de-831f-dc85c61286e9',
    data: 2024-12-29T10:58:11.443Z,
    docinhosCoco: 75,
    __v: 0
  },
  {
    _id: new ObjectId('67d674300b7b3d7c35644115'),
    id: 'a09f7ce0-a07e-4b23-a2fc-98b09ca9a2f0',
    vendedorId: '816d6240-7b9a-41de-831f-dc85c61286e9',
    data: 2024-12-29T21:09:44.882Z,
    docinhosCoco: 86,
    __v: 0
  },
  {
    _id: new ObjectId('67d674310b7b3d7c3564412d'),
    id: '0d39e4d7-f758-43ec-ae4a-cff6cec9ed38',
    vendedorId: '816d6240-7b9a-41de-831f-dc85c61286e9',
    data: 2024-12-30T13:15:21.415Z,
    docinhosCoco: 91,
    __v: 0
  },
  {
    _id: new ObjectId('67d674390b7b3d7c356441bd'),
    id: 'b2323ec7-5cca-4b52-a494-1612d5f76e9a',
    vendedorId: '816d6240-7b9a-41de-831f-dc85c61286e9',
    data: 2025-01-03T21:26:28.810Z,
    docinhosCoco: 63,
    __v: 0
  },
  {
    _id: new ObjectId('67d674390b7b3d7c356441c9'),
    id: '4c12a04e-8b23-419d-8247-aaee4167343d',
    vendedorId: '816d6240-7b9a-41de-831f-dc85c61286e9',
    data: 2025-01-04T17:27:32.980Z,
    docinhosCoco: 55,
    __v: 0
  },
  {
    _id: new ObjectId('67d6743a0b7b3d7c356441d3'),
    id: '668d32f8-9847-4383-a700-4b4670b58bff',
    vendedorId: '816d6240-7b9a-41de-831f-dc85c61286e9',
    data: 2025-01-05T03:11:19.071Z,
    docinhosCoco: 45,
    __v: 0
  },
  {
    _id: new ObjectId('67d6743e0b7b3d7c35644225'),
    id: '1710a44e-0a4d-460c-9f1f-bcd9a1d5172c',
    vendedorId: '816d6240-7b9a-41de-831f-dc85c61286e9',
    data: 2025-01-07T22:21:46.859Z,
    docinhosCoco: 74,
    __v: 0
  },
  {
    _id: new ObjectId('67d674410b7b3d7c3564426b'),
    id: 'bff1212c-0857-43ac-a22f-9b6437d0a29a',
    vendedorId: '816d6240-7b9a-41de-831f-dc85c61286e9',
    data: 2025-01-09T19:39:44.180Z,
    docinhosCoco: 57,
    __v: 0
  },
  {
    _id: new ObjectId('67d674440b7b3d7c356442a3'),
    id: '59f0c301-6a4c-483d-91c0-0bf58bdbd1d0',
    vendedorId: '816d6240-7b9a-41de-831f-dc85c61286e9',
    data: 2025-01-11T21:39:12.937Z,
    docinhosCoco: 39,
    __v: 0
  },
  {
    _id: new ObjectId('67d6744b0b7b3d7c3564432b'),
    id: '55fc5cd4-a3f9-4eed-b28a-34cc83684c46',
    vendedorId: '816d6240-7b9a-41de-831f-dc85c61286e9',
    data: 2025-01-16T22:39:36.826Z,
    docinhosCoco: 56,
    __v: 0
  },
  {
    _id: new ObjectId('67d674540b7b3d7c356443d9'),
    id: '4a22ff64-d0df-418b-9821-550569f0297e',
    vendedorId: '816d6240-7b9a-41de-831f-dc85c61286e9',
    data: 2025-01-22T02:35:05.360Z,
    docinhosCoco: 59,
    __v: 0
  },
  {
    _id: new ObjectId('67d674580b7b3d7c3564442b'),
    id: '0ec278e3-1a86-4863-bf78-b088ef166998',
    vendedorId: '816d6240-7b9a-41de-831f-dc85c61286e9',
    data: 2025-01-25T13:30:25.294Z,
    docinhosCoco: 93,
    __v: 0
  },
  {
    _id: new ObjectId('67d674590b7b3d7c35644437'),
    id: 'd387b54f-bdcb-41e5-b713-31b6bbf365af',
    vendedorId: '816d6240-7b9a-41de-831f-dc85c61286e9',
    data: 2025-01-25T23:55:59.046Z,
    docinhosCoco: 65,
    __v: 0
  },
  {
    _id: new ObjectId('67d674680b7b3d7c35644541'),
    id: '52ecd5c3-e4a0-4dab-b2ae-3547aa0ec79d',
    vendedorId: '816d6240-7b9a-41de-831f-dc85c61286e9',
    data: 2025-02-03T01:14:02.199Z,
    docinhosCoco: 88,
    __v: 0
  },
  {
    _id: new ObjectId('67d6746d0b7b3d7c356445af'),
    id: '499d48ee-c1e9-4d68-8f33-4d622a1a1b30',
    vendedorId: '816d6240-7b9a-41de-831f-dc85c61286e9',
    data: 2025-02-06T13:52:36.195Z,
    docinhosCoco: 50,
    __v: 0
  },
  {
    _id: new ObjectId('67d6746f0b7b3d7c356445d1'),
    id: '837e9bca-11ac-4b0a-81b2-cf52aa4bc555',
    vendedorId: '816d6240-7b9a-41de-831f-dc85c61286e9',
    data: 2025-02-07T10:49:13.724Z,
    docinhosCoco: 43,
    __v: 0
  },
  {
    _id: new ObjectId('67d674750b7b3d7c35644643'),
    id: 'b6fd3242-b24c-414f-aa80-40488c6a9e6f',
    vendedorId: '816d6240-7b9a-41de-831f-dc85c61286e9',
    data: 2025-02-11T01:21:26.051Z,
    docinhosCoco: 61,
    __v: 0
  },
  {
    _id: new ObjectId('67d674780b7b3d7c35644683'),
    id: '9ace7b7e-52d3-43ea-8d78-6091b0ef86b1',
    vendedorId: '816d6240-7b9a-41de-831f-dc85c61286e9',
    data: 2025-02-13T02:47:13.946Z,
    docinhosCoco: 75,
    __v: 0
  },
  {
    _id: new ObjectId('67d674810b7b3d7c3564472b'),
    id: 'f025d022-7a21-4d16-8d9e-644ea0bf77ff',
    vendedorId: '816d6240-7b9a-41de-831f-dc85c61286e9',
    data: 2025-02-17T22:00:11.894Z,
    docinhosCoco: 44,
    __v: 0
  },
  {
    _id: new ObjectId('67d6748e0b7b3d7c3564482d'),
    id: '9a39a16b-d4db-4cf0-ad65-4248501712cd',
    vendedorId: '816d6240-7b9a-41de-831f-dc85c61286e9',
    data: 2025-02-27T16:35:55.956Z,
    docinhosCoco: 55,
    __v: 0
  },
  {
    _id: new ObjectId('67d6748e0b7b3d7c3564483b'),
    id: '36a08222-ffa2-466f-b4da-0846670af64e',
    vendedorId: '816d6240-7b9a-41de-831f-dc85c61286e9',
    data: 2025-02-27T20:40:58.745Z,
    docinhosCoco: 31,
    __v: 0
  },
  {
    _id: new ObjectId('67d674940b7b3d7c356448af'),
    id: 'ddb3a9cd-4256-4b30-8592-110b90ba087a',
    vendedorId: '816d6240-7b9a-41de-831f-dc85c61286e9',
    data: 2025-03-03T21:21:40.637Z,
    docinhosCoco: 78,
    __v: 0
  },
  {
    _id: new ObjectId('67d6749c0b7b3d7c3564494f'),
    id: 'b9697580-390a-4fcd-a29a-d7b6195d15c3',
    vendedorId: '816d6240-7b9a-41de-831f-dc85c61286e9',
    data: 2025-03-09T13:34:03.035Z,
    docinhosCoco: 61,
    __v: 0
  },
  {
    _id: new ObjectId('67d6749f0b7b3d7c35644981'),
    id: '2bbd6217-39e5-4f09-94bd-b2db16b1fc28',
    vendedorId: '816d6240-7b9a-41de-831f-dc85c61286e9',
    data: 2025-03-11T00:02:03.618Z,
    docinhosCoco: 30,
    __v: 0
  },
  {
    _id: new ObjectId('67d674a10b7b3d7c3564499f'),
    id: '6b8441c1-5196-424d-b8a3-7e79eaf36ba1',
    vendedorId: '816d6240-7b9a-41de-831f-dc85c61286e9',
    data: 2025-03-11T20:02:04.666Z,
    docinhosCoco: 68,
    __v: 0
  }
]
✅ Processado vendedor: Débora Sales
Debug - Repository - Query params: {
  vendedorId: 'd1008644-1351-459b-946f-888806ce667c',
  dataInicio: 2024-09-17T03:00:00.000Z,
  dataFim: 2025-03-18T02:59:59.999Z
}
Debug - Repository - MongoDB query: {
  vendedorId: 'd1008644-1351-459b-946f-888806ce667c',
  data: { '$gte': 1726542000000, '$lte': 1742266799999 }
}
Debug - Repository - Resultado encontrado: [
  {
    _id: new ObjectId('67c9968790c4d048db4a8f8a'),
    id: 'fc6acddb-d985-4e29-9a74-d93f90566183',
    vendedorId: 'd1008644-1351-459b-946f-888806ce667c',
    data: 2025-01-15T00:00:00.000Z,
    docinhosCoco: 1020,
    __v: 0
  },
  {
    _id: new ObjectId('67c9969b90c4d048db4a8fb0'),
    id: 'b5d102cf-bee4-4676-a3c7-72a6266b0fcf',
    vendedorId: 'd1008644-1351-459b-946f-888806ce667c',
    data: 2025-01-04T00:00:00.000Z,
    docinhosCoco: 516,
    __v: 0
  },
  {
    _id: new ObjectId('67c996bc90c4d048db4a9010'),
    id: 'e5ff3320-ed7f-47b7-bb78-c8494eb8625e',
    vendedorId: 'd1008644-1351-459b-946f-888806ce667c',
    data: 2025-01-22T00:00:00.000Z,
    docinhosCoco: 1869,
    __v: 0
  },
  {
    _id: new ObjectId('67c997ef90c4d048db4a9081'),
    id: '9ba824d7-d95d-4970-ab05-83f096f510d0',
    vendedorId: 'd1008644-1351-459b-946f-888806ce667c',
    data: 2025-02-28T00:00:00.000Z,
    docinhosCoco: 1752,
    __v: 0
  },
  {
    _id: new ObjectId('67d6738e0b7b3d7c356434a1'),
    id: '2e22a43d-af2d-4427-99bd-0adcba054cd9',
    vendedorId: 'd1008644-1351-459b-946f-888806ce667c',
    data: 2024-09-17T22:44:53.684Z,
    docinhosCoco: 52,
    __v: 0
  },
  {
    _id: new ObjectId('67d6738f0b7b3d7c356434b3'),
    id: '8cdb0e05-0ecf-433a-bb36-301f2b5563a1',
    vendedorId: 'd1008644-1351-459b-946f-888806ce667c',
    data: 2024-09-18T10:08:43.463Z,
    docinhosCoco: 36,
    __v: 0
  },
  {
    _id: new ObjectId('67d6738f0b7b3d7c356434bd'),
    id: '341fd7aa-7bfc-4adc-a332-e6c39130763b',
    vendedorId: 'd1008644-1351-459b-946f-888806ce667c',
    data: 2024-09-18T22:30:54.212Z,
    docinhosCoco: 36,
    __v: 0
  },
  {
    _id: new ObjectId('67d673920b7b3d7c356434f1'),
    id: '12d2d640-5e99-41b4-866e-ff628ee21aaf',
    vendedorId: 'd1008644-1351-459b-946f-888806ce667c',
    data: 2024-09-20T23:55:42.204Z,
    docinhosCoco: 53,
    __v: 0
  },
  {
    _id: new ObjectId('67d6739d0b7b3d7c356435c9'),
    id: 'c2d78eed-2a1b-4d34-86a7-efff68f85dd3',
    vendedorId: 'd1008644-1351-459b-946f-888806ce667c',
    data: 2024-09-27T11:10:07.183Z,
    docinhosCoco: 57,
    __v: 0
  },
  {
    _id: new ObjectId('67d6739e0b7b3d7c356435d7'),
    id: '27651212-9922-407a-91c3-f30b58651c93',
    vendedorId: 'd1008644-1351-459b-946f-888806ce667c',
    data: 2024-09-28T00:04:26.701Z,
    docinhosCoco: 52,
    __v: 0
  },
  {
    _id: new ObjectId('67d6739e0b7b3d7c356435e7'),
    id: '6371a7dd-7c90-4300-8473-89fb1f204d83',
    vendedorId: 'd1008644-1351-459b-946f-888806ce667c',
    data: 2024-09-28T13:29:29.840Z,
    docinhosCoco: 87,
    __v: 0
  },
  {
    _id: new ObjectId('67d673a00b7b3d7c35643609'),
    id: 'dd45b5a5-0134-4ac0-9e4f-8473629b3845',
    vendedorId: 'd1008644-1351-459b-946f-888806ce667c',
    data: 2024-09-29T15:03:34.500Z,
    docinhosCoco: 68,
    __v: 0
  },
  {
    _id: new ObjectId('67d673a30b7b3d7c35643647'),
    id: '40ce3a54-de96-42be-a6fa-5e6656b29829',
    vendedorId: 'd1008644-1351-459b-946f-888806ce667c',
    data: 2024-10-02T04:22:30.363Z,
    docinhosCoco: 72,
    __v: 0
  },
  {
    _id: new ObjectId('67d673a60b7b3d7c35643677'),
    id: '3d50f8c6-9406-4148-8bf1-0e439f166a36',
    vendedorId: 'd1008644-1351-459b-946f-888806ce667c',
    data: 2024-10-04T04:25:12.750Z,
    docinhosCoco: 73,
    __v: 0
  },
  {
    _id: new ObjectId('67d673a70b7b3d7c35643697'),
    id: 'b8c68db6-4977-4904-aed5-55bca8ff6987',
    vendedorId: 'd1008644-1351-459b-946f-888806ce667c',
    data: 2024-10-05T11:04:25.024Z,
    docinhosCoco: 101,
    __v: 0
  },
  {
    _id: new ObjectId('67d673ac0b7b3d7c356436f3'),
    id: 'ce38e4d4-cbcc-4301-8dd8-a8b0e8a7ebd4',
    vendedorId: 'd1008644-1351-459b-946f-888806ce667c',
    data: 2024-10-08T12:53:13.578Z,
    docinhosCoco: 71,
    __v: 0
  },
  {
    _id: new ObjectId('67d673ac0b7b3d7c356436f7'),
    id: '3f66b0a1-38b4-4f00-b99f-1a1f399108b2',
    vendedorId: 'd1008644-1351-459b-946f-888806ce667c',
    data: 2024-10-08T15:15:19.236Z,
    docinhosCoco: 52,
    __v: 0
  },
  {
    _id: new ObjectId('67d673b20b7b3d7c35643765'),
    id: 'ea147884-25e1-4704-89bf-4bba00559d35',
    vendedorId: 'd1008644-1351-459b-946f-888806ce667c',
    data: 2024-10-12T05:02:31.785Z,
    docinhosCoco: 76,
    __v: 0
  },
  {
    _id: new ObjectId('67d673b60b7b3d7c356437b9'),
    id: 'dc4af9c8-4af8-4463-bdf6-331b79e1f3d2',
    vendedorId: 'd1008644-1351-459b-946f-888806ce667c',
    data: 2024-10-15T07:33:31.590Z,
    docinhosCoco: 73,
    __v: 0
  },
  {
    _id: new ObjectId('67d673bb0b7b3d7c3564381b'),
    id: '151a99ad-264a-484a-b969-6492d288894a',
    vendedorId: 'd1008644-1351-459b-946f-888806ce667c',
    data: 2024-10-18T16:30:44.240Z,
    docinhosCoco: 79,
    __v: 0
  },
  {
    _id: new ObjectId('67d673bd0b7b3d7c35643839'),
    id: '7f40d040-839a-4319-a933-6b1609a135ef',
    vendedorId: 'd1008644-1351-459b-946f-888806ce667c',
    data: 2024-10-19T11:09:20.227Z,
    docinhosCoco: 50,
    __v: 0
  },
  {
    _id: new ObjectId('67d673bd0b7b3d7c3564383b'),
    id: '8fe6ff7a-15a7-488a-955c-f726dba7be9a',
    vendedorId: 'd1008644-1351-459b-946f-888806ce667c',
    data: 2024-10-19T12:33:32.703Z,
    docinhosCoco: 41,
    __v: 0
  },
  {
    _id: new ObjectId('67d673c80b7b3d7c3564391f'),
    id: 'cb7a3224-948e-490b-b0b2-8b190eee29d6',
    vendedorId: 'd1008644-1351-459b-946f-888806ce667c',
    data: 2024-10-26T19:31:17.269Z,
    docinhosCoco: 102,
    __v: 0
  },
  {
    _id: new ObjectId('67d673cc0b7b3d7c3564395d'),
    id: '7d7de710-a416-404f-8053-c35cc0e7b8f7',
    vendedorId: 'd1008644-1351-459b-946f-888806ce667c',
    data: 2024-10-29T02:31:10.027Z,
    docinhosCoco: 43,
    __v: 0
  },
  {
    _id: new ObjectId('67d673ce0b7b3d7c35643989'),
    id: '58659ff2-ad6b-417e-a766-d47ceff9c90f',
    vendedorId: 'd1008644-1351-459b-946f-888806ce667c',
    data: 2024-10-31T02:00:36.054Z,
    docinhosCoco: 47,
    __v: 0
  },
  {
    _id: new ObjectId('67d673d50b7b3d7c35643a1f'),
    id: '9f92e602-4a0f-43e4-b3e5-fdb2a4d00c47',
    vendedorId: 'd1008644-1351-459b-946f-888806ce667c',
    data: 2024-11-04T15:48:43.737Z,
    docinhosCoco: 38,
    __v: 0
  },
  {
    _id: new ObjectId('67d673db0b7b3d7c35643a93'),
    id: 'd3ad128f-081f-4ea9-bde7-c8c02a16fd15',
    vendedorId: 'd1008644-1351-459b-946f-888806ce667c',
    data: 2024-11-07T04:20:44.420Z,
    docinhosCoco: 59,
    __v: 0
  },
  {
    _id: new ObjectId('67d673df0b7b3d7c35643adb'),
    id: '5116d8a1-ed9d-4789-be36-7cc52e555617',
    vendedorId: 'd1008644-1351-459b-946f-888806ce667c',
    data: 2024-11-09T21:12:23.146Z,
    docinhosCoco: 61,
    __v: 0
  },
  {
    _id: new ObjectId('67d673e00b7b3d7c35643ae9'),
    id: '9b03402a-3cf1-4cb1-b62a-d046a503a830',
    vendedorId: 'd1008644-1351-459b-946f-888806ce667c',
    data: 2024-11-10T03:59:06.380Z,
    docinhosCoco: 54,
    __v: 0
  },
  {
    _id: new ObjectId('67d673e00b7b3d7c35643af3'),
    id: 'e179a318-d3cb-4998-9917-c7473c202c9a',
    vendedorId: 'd1008644-1351-459b-946f-888806ce667c',
    data: 2024-11-10T08:26:23.893Z,
    docinhosCoco: 97,
    __v: 0
  },
  {
    _id: new ObjectId('67d673e10b7b3d7c35643b01'),
    id: 'ca1eceba-9530-4ca1-8973-68fd81dcb60c',
    vendedorId: 'd1008644-1351-459b-946f-888806ce667c',
    data: 2024-11-11T00:50:43.079Z,
    docinhosCoco: 96,
    __v: 0
  },
  {
    _id: new ObjectId('67d673e80b7b3d7c35643b89'),
    id: '5bf7eb34-a7d6-4184-9e66-87cd4aa6f5ad',
    vendedorId: 'd1008644-1351-459b-946f-888806ce667c',
    data: 2024-11-15T11:24:27.952Z,
    docinhosCoco: 53,
    __v: 0
  },
  {
    _id: new ObjectId('67d673ee0b7b3d7c35643bf7'),
    id: '6b16aefd-313c-4c40-ba48-72f57779e18c',
    vendedorId: 'd1008644-1351-459b-946f-888806ce667c',
    data: 2024-11-18T13:06:49.792Z,
    docinhosCoco: 70,
    __v: 0
  },
  {
    _id: new ObjectId('67d673f20b7b3d7c35643c4f'),
    id: '738261c6-1c29-4718-acdc-1f2ca011022a',
    vendedorId: 'd1008644-1351-459b-946f-888806ce667c',
    data: 2024-11-21T18:43:16.826Z,
    docinhosCoco: 77,
    __v: 0
  },
  {
    _id: new ObjectId('67d673f50b7b3d7c35643c8b'),
    id: '991e1fe0-0618-4d9f-b1f5-c90f027ee70c',
    vendedorId: 'd1008644-1351-459b-946f-888806ce667c',
    data: 2024-11-23T04:10:42.270Z,
    docinhosCoco: 71,
    __v: 0
  },
  {
    _id: new ObjectId('67d673f80b7b3d7c35643cc5'),
    id: '3d2a0d34-faa9-4d38-b75d-96eba735249d',
    vendedorId: 'd1008644-1351-459b-946f-888806ce667c',
    data: 2024-11-24T23:06:02.064Z,
    docinhosCoco: 101,
    __v: 0
  },
  {
    _id: new ObjectId('67d673fe0b7b3d7c35643d33'),
    id: '79a7e6c3-1198-4057-a068-3c7720542987',
    vendedorId: 'd1008644-1351-459b-946f-888806ce667c',
    data: 2024-11-28T09:23:38.924Z,
    docinhosCoco: 70,
    __v: 0
  },
  {
    _id: new ObjectId('67d673ff0b7b3d7c35643d47'),
    id: 'f530fc2a-505a-4dc2-a745-130b62cde195',
    vendedorId: 'd1008644-1351-459b-946f-888806ce667c',
    data: 2024-11-29T04:55:20.437Z,
    docinhosCoco: 63,
    __v: 0
  },
  {
    _id: new ObjectId('67d674000b7b3d7c35643d5b'),
    id: '8b1c0995-3289-43ad-86e3-e29b5a891144',
    vendedorId: 'd1008644-1351-459b-946f-888806ce667c',
    data: 2024-11-29T17:54:25.780Z,
    docinhosCoco: 35,
    __v: 0
  },
  {
    _id: new ObjectId('67d674050b7b3d7c35643db9'),
    id: 'a37fdca5-27b5-4d8a-943b-d076d644b681',
    vendedorId: 'd1008644-1351-459b-946f-888806ce667c',
    data: 2024-12-02T04:56:37.782Z,
    docinhosCoco: 42,
    __v: 0
  },
  {
    _id: new ObjectId('67d674060b7b3d7c35643dcf'),
    id: '4dd31690-918a-4e41-9fd6-1adf2168b6da',
    vendedorId: 'd1008644-1351-459b-946f-888806ce667c',
    data: 2024-12-03T00:27:35.249Z,
    docinhosCoco: 42,
    __v: 0
  },
  {
    _id: new ObjectId('67d6740c0b7b3d7c35643e4f'),
    id: '4d413b8e-7149-41f9-bace-993c2cf20dfa',
    vendedorId: 'd1008644-1351-459b-946f-888806ce667c',
    data: 2024-12-07T13:42:14.565Z,
    docinhosCoco: 101,
    __v: 0
  },
  {
    _id: new ObjectId('67d6740e0b7b3d7c35643e73'),
    id: '3bcf536f-9cfb-456c-a452-1dbdd949d56c',
    vendedorId: 'd1008644-1351-459b-946f-888806ce667c',
    data: 2024-12-08T11:16:53.504Z,
    docinhosCoco: 92,
    __v: 0
  },
  {
    _id: new ObjectId('67d674100b7b3d7c35643e93'),
    id: 'deb419c7-8e69-459c-be73-efa68b9494b6',
    vendedorId: 'd1008644-1351-459b-946f-888806ce667c',
    data: 2024-12-09T04:18:06.334Z,
    docinhosCoco: 81,
    __v: 0
  },
  {
    _id: new ObjectId('67d674160b7b3d7c35643f0b'),
    id: 'be6d3bb7-2ed2-448b-b2f6-d9a7c2b99f10',
    vendedorId: 'd1008644-1351-459b-946f-888806ce667c',
    data: 2024-12-13T13:02:03.301Z,
    docinhosCoco: 46,
    __v: 0
  },
  {
    _id: new ObjectId('67d674160b7b3d7c35643f13'),
    id: '7aefde70-3e44-4dd8-a899-64e06340014b',
    vendedorId: 'd1008644-1351-459b-946f-888806ce667c',
    data: 2024-12-13T17:32:36.782Z,
    docinhosCoco: 88,
    __v: 0
  },
  {
    _id: new ObjectId('67d674160b7b3d7c35643f17'),
    id: '4ecafead-7d97-4361-849e-804fe6dc4940',
    vendedorId: 'd1008644-1351-459b-946f-888806ce667c',
    data: 2024-12-13T20:48:39.417Z,
    docinhosCoco: 92,
    __v: 0
  },
  {
    _id: new ObjectId('67d674180b7b3d7c35643f39'),
    id: 'bf9717bb-83f6-46cc-9070-bb75bdb2fd0b',
    vendedorId: 'd1008644-1351-459b-946f-888806ce667c',
    data: 2024-12-14T22:27:48.914Z,
    docinhosCoco: 50,
    __v: 0
  },
  {
    _id: new ObjectId('67d6741c0b7b3d7c35643f83'),
    id: '0769a233-4053-416b-8ac6-25d023f1d2aa',
    vendedorId: 'd1008644-1351-459b-946f-888806ce667c',
    data: 2024-12-16T22:02:00.391Z,
    docinhosCoco: 88,
    __v: 0
  },
  {
    _id: new ObjectId('67d674200b7b3d7c35643fd9'),
    id: '21248fda-92e5-4071-b29d-75693a8cfe9d',
    vendedorId: 'd1008644-1351-459b-946f-888806ce667c',
    data: 2024-12-20T02:52:17.626Z,
    docinhosCoco: 76,
    __v: 0
  },
  {
    _id: new ObjectId('67d674210b7b3d7c35643fed'),
    id: '21faaecf-1c2d-4bac-a52f-f71688d1d1c2',
    vendedorId: 'd1008644-1351-459b-946f-888806ce667c',
    data: 2024-12-20T21:07:33.012Z,
    docinhosCoco: 88,
    __v: 0
  },
  {
    _id: new ObjectId('67d674220b7b3d7c35643ffd'),
    id: 'be177fcc-7efd-425f-87a3-de2595ddcfac',
    vendedorId: 'd1008644-1351-459b-946f-888806ce667c',
    data: 2024-12-21T06:31:55.710Z,
    docinhosCoco: 53,
    __v: 0
  },
  {
    _id: new ObjectId('67d6742d0b7b3d7c356440d9'),
    id: '54eb83e5-3bcd-4246-a01e-6f3526b7b2c4',
    vendedorId: 'd1008644-1351-459b-946f-888806ce667c',
    data: 2024-12-28T12:17:54.492Z,
    docinhosCoco: 78,
    __v: 0
  },
  {
    _id: new ObjectId('67d674340b7b3d7c3564415b'),
    id: 'ca13ccbc-18c8-4b2a-93a5-8cb3550bb249',
    vendedorId: 'd1008644-1351-459b-946f-888806ce667c',
    data: 2024-12-31T22:27:37.436Z,
    docinhosCoco: 78,
    __v: 0
  },
  {
    _id: new ObjectId('67d674340b7b3d7c35644165'),
    id: '2b5102b4-8ae5-4aa2-98f7-3b199329ba2f',
    vendedorId: 'd1008644-1351-459b-946f-888806ce667c',
    data: 2025-01-01T04:34:45.432Z,
    docinhosCoco: 63,
    __v: 0
  },
  {
    _id: new ObjectId('67d674370b7b3d7c35644197'),
    id: 'ce4e308f-f9bd-43e7-a22a-bd772d407942',
    vendedorId: 'd1008644-1351-459b-946f-888806ce667c',
    data: 2025-01-02T18:52:35.499Z,
    docinhosCoco: 38,
    __v: 0
  },
  {
    _id: new ObjectId('67d6743a0b7b3d7c356441cf'),
    id: 'ca5d068a-180e-453a-8aef-614c46ff647e',
    vendedorId: 'd1008644-1351-459b-946f-888806ce667c',
    data: 2025-01-05T00:08:56.165Z,
    docinhosCoco: 79,
    __v: 0
  },
  {
    _id: new ObjectId('67d6743b0b7b3d7c356441ed'),
    id: '1a1fcc50-a4e3-48b7-b7ca-2cf5f9cfa117',
    vendedorId: 'd1008644-1351-459b-946f-888806ce667c',
    data: 2025-01-05T16:50:12.741Z,
    docinhosCoco: 39,
    __v: 0
  },
  {
    _id: new ObjectId('67d6743b0b7b3d7c356441f3'),
    id: '4feb5097-cf99-47c5-8c97-f9c8cf62d96e',
    vendedorId: 'd1008644-1351-459b-946f-888806ce667c',
    data: 2025-01-06T06:15:15.345Z,
    docinhosCoco: 50,
    __v: 0
  },
  {
    _id: new ObjectId('67d6743e0b7b3d7c35644223'),
    id: 'f49c99f4-34a2-4498-a8df-278de1a1fe0c',
    vendedorId: 'd1008644-1351-459b-946f-888806ce667c',
    data: 2025-01-07T19:59:32.953Z,
    docinhosCoco: 55,
    __v: 0
  },
  {
    _id: new ObjectId('67d674410b7b3d7c3564425f'),
    id: 'e3f16499-71e9-4010-a04e-1dff01553857',
    vendedorId: 'd1008644-1351-459b-946f-888806ce667c',
    data: 2025-01-09T14:52:25.095Z,
    docinhosCoco: 65,
    __v: 0
  },
  {
    _id: new ObjectId('67d674470b7b3d7c356442d3'),
    id: '129e02fb-1838-4e00-90e1-ac8f86ad234b',
    vendedorId: 'd1008644-1351-459b-946f-888806ce667c',
    data: 2025-01-13T19:36:25.430Z,
    docinhosCoco: 39,
    __v: 0
  },
  {
    _id: new ObjectId('67d674480b7b3d7c356442e9'),
    id: 'ebd5e56c-17b6-4338-954a-b52ad0f01fd8',
    vendedorId: 'd1008644-1351-459b-946f-888806ce667c',
    data: 2025-01-14T15:35:39.516Z,
    docinhosCoco: 53,
    __v: 0
  },
  {
    _id: new ObjectId('67d674490b7b3d7c35644305'),
    id: '6f532516-edd3-415a-9503-c5d7ae6631ed',
    vendedorId: 'd1008644-1351-459b-946f-888806ce667c',
    data: 2025-01-15T16:47:00.971Z,
    docinhosCoco: 41,
    __v: 0
  },
  {
    _id: new ObjectId('67d6744a0b7b3d7c3564430f'),
    id: 'a8f88057-a7ad-440f-a7d1-43030d805d49',
    vendedorId: 'd1008644-1351-459b-946f-888806ce667c',
    data: 2025-01-15T23:28:40.144Z,
    docinhosCoco: 46,
    __v: 0
  },
  {
    _id: new ObjectId('67d6744a0b7b3d7c35644315'),
    id: 'afe045ae-27d6-4bb1-aa7f-7069e85cde5a',
    vendedorId: 'd1008644-1351-459b-946f-888806ce667c',
    data: 2025-01-16T05:56:48.067Z,
    docinhosCoco: 53,
    __v: 0
  },
  {
    _id: new ObjectId('67d6744b0b7b3d7c3564432d'),
    id: '08edd798-e3af-42f3-a77c-395b4641555c',
    vendedorId: 'd1008644-1351-459b-946f-888806ce667c',
    data: 2025-01-17T01:28:00.421Z,
    docinhosCoco: 63,
    __v: 0
  },
  {
    _id: new ObjectId('67d674500b7b3d7c35644383'),
    id: '25246a4e-0e63-4e79-8de7-8ff288d1ec28',
    vendedorId: 'd1008644-1351-459b-946f-888806ce667c',
    data: 2025-01-19T13:45:47.007Z,
    docinhosCoco: 88,
    __v: 0
  },
  {
    _id: new ObjectId('67d674530b7b3d7c356443cd'),
    id: 'db157504-417c-4bdc-81d1-97e4bafb7a5a',
    vendedorId: 'd1008644-1351-459b-946f-888806ce667c',
    data: 2025-01-21T19:26:04.216Z,
    docinhosCoco: 35,
    __v: 0
  },
  {
    _id: new ObjectId('67d674590b7b3d7c35644441'),
    id: '007ca797-4d5f-4330-95d8-c2a9e30df1d0',
    vendedorId: 'd1008644-1351-459b-946f-888806ce667c',
    data: 2025-01-26T11:09:39.427Z,
    docinhosCoco: 39,
    __v: 0
  },
  {
    _id: new ObjectId('67d6745c0b7b3d7c3564446d'),
    id: 'ad84cd62-cd66-4005-b238-669f4619f834',
    vendedorId: 'd1008644-1351-459b-946f-888806ce667c',
    data: 2025-01-27T10:55:57.275Z,
    docinhosCoco: 45,
    __v: 0
  },
  {
    _id: new ObjectId('67d6745e0b7b3d7c356444a5'),
    id: 'ecc9a4bd-56d0-4d9f-b15f-f1daa1e42100',
    vendedorId: 'd1008644-1351-459b-946f-888806ce667c',
    data: 2025-01-29T05:44:19.472Z,
    docinhosCoco: 40,
    __v: 0
  },
  {
    _id: new ObjectId('67d674600b7b3d7c356444bd'),
    id: '618d599d-0d9b-4796-aa06-2a4caa4afe24',
    vendedorId: 'd1008644-1351-459b-946f-888806ce667c',
    data: 2025-01-29T22:32:16.340Z,
    docinhosCoco: 51,
    __v: 0
  },
  {
    _id: new ObjectId('67d674610b7b3d7c356444d7'),
    id: 'c43eb08a-47cb-4be7-a719-3f0178007398',
    vendedorId: 'd1008644-1351-459b-946f-888806ce667c',
    data: 2025-01-31T00:12:42.731Z,
    docinhosCoco: 64,
    __v: 0
  },
  {
    _id: new ObjectId('67d674620b7b3d7c356444ed'),
    id: '2efc5e20-c7dd-4ab6-b53d-11fe6efad5ac',
    vendedorId: 'd1008644-1351-459b-946f-888806ce667c',
    data: 2025-01-31T17:45:29.409Z,
    docinhosCoco: 64,
    __v: 0
  },
  {
    _id: new ObjectId('67d674630b7b3d7c356444fd'),
    id: '757e7e0c-4642-4458-9831-46c0eca4be94',
    vendedorId: 'd1008644-1351-459b-946f-888806ce667c',
    data: 2025-02-01T04:47:15.236Z,
    docinhosCoco: 85,
    __v: 0
  },
  {
    _id: new ObjectId('67d674680b7b3d7c35644551'),
    id: '6b67ae3b-dcea-4a68-b965-fb41f03986d5',
    vendedorId: 'd1008644-1351-459b-946f-888806ce667c',
    data: 2025-02-03T11:45:14.478Z,
    docinhosCoco: 31,
    __v: 0
  },
  {
    _id: new ObjectId('67d674690b7b3d7c35644561'),
    id: '91e3a8be-d3b1-44eb-ab94-e927381528b9',
    vendedorId: 'd1008644-1351-459b-946f-888806ce667c',
    data: 2025-02-04T13:59:34.997Z,
    docinhosCoco: 79,
    __v: 0
  },
  {
    _id: new ObjectId('67d6746a0b7b3d7c35644569'),
    id: '7c6525c9-c4f3-4178-b4b9-de52feae96ab',
    vendedorId: 'd1008644-1351-459b-946f-888806ce667c',
    data: 2025-02-04T20:26:07.305Z,
    docinhosCoco: 30,
    __v: 0
  },
  {
    _id: new ObjectId('67d6746b0b7b3d7c35644585'),
    id: 'ab10017d-608c-4629-9c18-94b1c9c80787',
    vendedorId: 'd1008644-1351-459b-946f-888806ce667c',
    data: 2025-02-05T08:59:14.696Z,
    docinhosCoco: 57,
    __v: 0
  },
  {
    _id: new ObjectId('67d6746b0b7b3d7c3564458b'),
    id: '903f4335-f1d3-4218-8542-575c5ff7711e',
    vendedorId: 'd1008644-1351-459b-946f-888806ce667c',
    data: 2025-02-05T16:38:58.020Z,
    docinhosCoco: 43,
    __v: 0
  },
  {
    _id: new ObjectId('67d674790b7b3d7c35644693'),
    id: '814504ed-0fc5-4bc8-86dd-9f4a0a07fd01',
    vendedorId: 'd1008644-1351-459b-946f-888806ce667c',
    data: 2025-02-13T13:05:07.641Z,
    docinhosCoco: 57,
    __v: 0
  },
  {
    _id: new ObjectId('67d674790b7b3d7c35644697'),
    id: 'd9fd057d-fc2b-4848-b9c4-a549c7b146dd',
    vendedorId: 'd1008644-1351-459b-946f-888806ce667c',
    data: 2025-02-13T14:50:01.109Z,
    docinhosCoco: 50,
    __v: 0
  },
  {
    _id: new ObjectId('67d6747b0b7b3d7c356446bf'),
    id: '3dae5127-22cb-44dc-afa8-0066cc761991',
    vendedorId: 'd1008644-1351-459b-946f-888806ce667c',
    data: 2025-02-14T20:11:01.916Z,
    docinhosCoco: 52,
    __v: 0
  },
  {
    _id: new ObjectId('67d6747d0b7b3d7c356446dd'),
    id: '6b1b421a-c19b-4744-a6ae-9c0fa482850d',
    vendedorId: 'd1008644-1351-459b-946f-888806ce667c',
    data: 2025-02-15T10:23:52.425Z,
    docinhosCoco: 39,
    __v: 0
  },
  {
    _id: new ObjectId('67d6747f0b7b3d7c35644709'),
    id: '3ec4189f-7ce2-4d55-9bfc-347464c90448',
    vendedorId: 'd1008644-1351-459b-946f-888806ce667c',
    data: 2025-02-16T23:32:54.399Z,
    docinhosCoco: 104,
    __v: 0
  },
  {
    _id: new ObjectId('67d6747f0b7b3d7c3564470b'),
    id: '5f3707b3-7845-4ce8-9c79-79ce7d8a4484',
    vendedorId: 'd1008644-1351-459b-946f-888806ce667c',
    data: 2025-02-17T00:16:45.689Z,
    docinhosCoco: 44,
    __v: 0
  },
  {
    _id: new ObjectId('67d674860b7b3d7c3564478d'),
    id: 'bb8ecba5-add4-4675-ac42-a88b44f09ef8',
    vendedorId: 'd1008644-1351-459b-946f-888806ce667c',
    data: 2025-02-20T22:35:50.369Z,
    docinhosCoco: 55,
    __v: 0
  },
  {
    _id: new ObjectId('67d674860b7b3d7c3564479d'),
    id: '0eadea38-705d-45d5-9a66-0cc7425af03a',
    vendedorId: 'd1008644-1351-459b-946f-888806ce667c',
    data: 2025-02-22T03:01:15.080Z,
    docinhosCoco: 68,
    __v: 0
  },
  {
    _id: new ObjectId('67d674870b7b3d7c356447b3'),
    id: 'aa2a9096-dade-46e1-b57c-ebfcd40aabfd',
    vendedorId: 'd1008644-1351-459b-946f-888806ce667c',
    data: 2025-02-22T23:32:04.946Z,
    docinhosCoco: 50,
    __v: 0
  },
  {
    _id: new ObjectId('67d674890b7b3d7c356447d3'),
    id: '36a68312-948b-45aa-8e1a-0b3ca79cace9',
    vendedorId: 'd1008644-1351-459b-946f-888806ce667c',
    data: 2025-02-24T05:30:16.063Z,
    docinhosCoco: 56,
    __v: 0
  },
  {
    _id: new ObjectId('67d6748b0b7b3d7c356447f5'),
    id: '13101749-db67-418e-b07c-ba938337346e',
    vendedorId: 'd1008644-1351-459b-946f-888806ce667c',
    data: 2025-02-25T15:28:22.902Z,
    docinhosCoco: 63,
    __v: 0
  },
  {
    _id: new ObjectId('67d6748e0b7b3d7c35644837'),
    id: 'd3a6b803-7270-4e1b-acc9-3e9282632fa8',
    vendedorId: 'd1008644-1351-459b-946f-888806ce667c',
    data: 2025-02-27T19:42:34.036Z,
    docinhosCoco: 45,
    __v: 0
  },
  {
    _id: new ObjectId('67d674900b7b3d7c35644859'),
    id: 'ed792daa-c11b-4c43-9fec-bfe5b8a2f3c0',
    vendedorId: 'd1008644-1351-459b-946f-888806ce667c',
    data: 2025-02-28T23:32:11.109Z,
    docinhosCoco: 71,
    __v: 0
  },
  {
    _id: new ObjectId('67d674920b7b3d7c35644889'),
    id: '828792f7-9c24-44cb-943e-5b56b41322ed',
    vendedorId: 'd1008644-1351-459b-946f-888806ce667c',
    data: 2025-03-02T20:35:09.477Z,
    docinhosCoco: 96,
    __v: 0
  },
  {
    _id: new ObjectId('67d674940b7b3d7c356448a5'),
    id: 'bfb456f9-ab7d-4d78-96a3-9cdfaab3cbb3',
    vendedorId: 'd1008644-1351-459b-946f-888806ce667c',
    data: 2025-03-03T13:06:36.434Z,
    docinhosCoco: 76,
    __v: 0
  },
  {
    _id: new ObjectId('67d674950b7b3d7c356448bb'),
    id: '34951281-6ba7-4585-98f0-b7a1de7cd1c8',
    vendedorId: 'd1008644-1351-459b-946f-888806ce667c',
    data: 2025-03-04T01:47:53.706Z,
    docinhosCoco: 69,
    __v: 0
  },
  {
    _id: new ObjectId('67d674980b7b3d7c356448f9'),
    id: '26d6108a-32d3-4876-9368-adc1c2f9e893',
    vendedorId: 'd1008644-1351-459b-946f-888806ce667c',
    data: 2025-03-06T13:29:06.880Z,
    docinhosCoco: 50,
    __v: 0
  },
  {
    _id: new ObjectId('67d674990b7b3d7c3564490d'),
    id: '1c503832-25d5-4673-827a-ee7feb3a374c',
    vendedorId: 'd1008644-1351-459b-946f-888806ce667c',
    data: 2025-03-07T00:52:44.718Z,
    docinhosCoco: 36,
    __v: 0
  },
  {
    _id: new ObjectId('67d6749b0b7b3d7c35644931'),
    id: '3f876321-bcac-4671-95d5-4f9c06dbfa73',
    vendedorId: 'd1008644-1351-459b-946f-888806ce667c',
    data: 2025-03-08T07:55:04.211Z,
    docinhosCoco: 41,
    __v: 0
  },
  ... 7 more items
]
✅ Processado vendedor: Leandro Farias
Debug - Repository - Query params: {
  vendedorId: '5dcb4b1e-d582-44e6-a8ce-0ee3d9337e67',
  dataInicio: 2024-09-17T03:00:00.000Z,
  dataFim: 2025-03-18T02:59:59.999Z
}
Debug - Repository - MongoDB query: {
  vendedorId: '5dcb4b1e-d582-44e6-a8ce-0ee3d9337e67',
  data: { '$gte': 1726542000000, '$lte': 1742266799999 }
}
Debug - Repository - Resultado encontrado: [
  {
    _id: new ObjectId('67c9968a90c4d048db4a8f96'),
    id: 'bcd9dd33-76ea-4ac0-ab0d-99ad85d8e44f',
    vendedorId: '5dcb4b1e-d582-44e6-a8ce-0ee3d9337e67',
    data: 2025-01-21T00:00:00.000Z,
    docinhosCoco: 586,
    __v: 0
  },
  {
    _id: new ObjectId('67c9969d90c4d048db4a8fb8'),
    id: '9d1827d1-4869-4a75-ac92-f6edf1dbccb5',
    vendedorId: '5dcb4b1e-d582-44e6-a8ce-0ee3d9337e67',
    data: 2025-01-08T00:00:00.000Z,
    docinhosCoco: 514,
    __v: 0
  },
  {
    _id: new ObjectId('67c996c090c4d048db4a9022'),
    id: 'd3f2fc8a-cdab-40b5-91a8-b69ec748fce1',
    vendedorId: '5dcb4b1e-d582-44e6-a8ce-0ee3d9337e67',
    data: 2025-01-31T00:00:00.000Z,
    docinhosCoco: 847,
    __v: 0
  },
  {
    _id: new ObjectId('67c997ea90c4d048db4a906b'),
    id: '9f53106c-0d1a-4b89-9143-0b6c9ffc13ab',
    vendedorId: '5dcb4b1e-d582-44e6-a8ce-0ee3d9337e67',
    data: 2025-02-17T00:00:00.000Z,
    docinhosCoco: 607,
    __v: 0
  },
  {
    _id: new ObjectId('67c9980a90c4d048db4a90af'),
    id: 'ac0065d1-0996-4c72-9b43-b25897f2468f',
    vendedorId: '5dcb4b1e-d582-44e6-a8ce-0ee3d9337e67',
    data: 2025-02-21T00:00:00.000Z,
    docinhosCoco: 1288,
    __v: 0
  },
  {
    _id: new ObjectId('67d6738f0b7b3d7c356434b7'),
    id: 'aa2d6b28-e2a6-4655-97aa-15eb723b8ea1',
    vendedorId: '5dcb4b1e-d582-44e6-a8ce-0ee3d9337e67',
    data: 2024-09-18T11:03:52.163Z,
    docinhosCoco: 56,
    __v: 0
  },
  {
    _id: new ObjectId('67d673990b7b3d7c35643573'),
    id: 'a7bdea1d-0256-4686-9f3e-6936a56c5f1f',
    vendedorId: '5dcb4b1e-d582-44e6-a8ce-0ee3d9337e67',
    data: 2024-09-24T10:44:57.158Z,
    docinhosCoco: 58,
    __v: 0
  },
  {
    _id: new ObjectId('67d6739a0b7b3d7c35643591'),
    id: 'ac873024-bba4-43f9-816f-4faed387966b',
    vendedorId: '5dcb4b1e-d582-44e6-a8ce-0ee3d9337e67',
    data: 2024-09-25T06:20:25.017Z,
    docinhosCoco: 60,
    __v: 0
  },
  {
    _id: new ObjectId('67d6739f0b7b3d7c356435fb'),
    id: '0d4714d6-0af9-4590-9184-77cf68182b0e',
    vendedorId: '5dcb4b1e-d582-44e6-a8ce-0ee3d9337e67',
    data: 2024-09-29T01:52:50.141Z,
    docinhosCoco: 78,
    __v: 0
  },
  {
    _id: new ObjectId('67d673a50b7b3d7c3564366d'),
    id: '868bd648-c166-4c3c-ad51-4bd43278bb07',
    vendedorId: '5dcb4b1e-d582-44e6-a8ce-0ee3d9337e67',
    data: 2024-10-03T10:10:39.196Z,
    docinhosCoco: 41,
    __v: 0
  },
  {
    _id: new ObjectId('67d673a50b7b3d7c3564366f'),
    id: 'f4152528-bdff-4171-bf7b-3c9e0e6b81bb',
    vendedorId: '5dcb4b1e-d582-44e6-a8ce-0ee3d9337e67',
    data: 2024-10-03T15:18:17.080Z,
    docinhosCoco: 54,
    __v: 0
  },
  {
    _id: new ObjectId('67d673a80b7b3d7c356436a7'),
    id: '7bed8507-6175-424c-a7af-64657dfe8a51',
    vendedorId: '5dcb4b1e-d582-44e6-a8ce-0ee3d9337e67',
    data: 2024-10-05T23:42:51.805Z,
    docinhosCoco: 94,
    __v: 0
  },
  {
    _id: new ObjectId('67d673a90b7b3d7c356436bf'),
    id: 'c255bb99-92a4-412d-b7ab-cf1e7e40216a',
    vendedorId: '5dcb4b1e-d582-44e6-a8ce-0ee3d9337e67',
    data: 2024-10-06T08:53:16.089Z,
    docinhosCoco: 40,
    __v: 0
  },
  {
    _id: new ObjectId('67d673ac0b7b3d7c356436f1'),
    id: '54b02040-201e-4ff9-a115-737bd4b40682',
    vendedorId: '5dcb4b1e-d582-44e6-a8ce-0ee3d9337e67',
    data: 2024-10-08T12:34:05.866Z,
    docinhosCoco: 67,
    __v: 0
  },
  {
    _id: new ObjectId('67d673b00b7b3d7c3564373d'),
    id: '0e711aa2-c537-4aba-8ee5-a5a741ce8122',
    vendedorId: '5dcb4b1e-d582-44e6-a8ce-0ee3d9337e67',
    data: 2024-10-11T01:27:04.209Z,
    docinhosCoco: 42,
    __v: 0
  },
  {
    _id: new ObjectId('67d673b00b7b3d7c3564373f'),
    id: 'aa8f76a1-3c2b-451a-8172-5ed3a95c7835',
    vendedorId: '5dcb4b1e-d582-44e6-a8ce-0ee3d9337e67',
    data: 2024-10-11T02:05:36.982Z,
    docinhosCoco: 71,
    __v: 0
  },
  {
    _id: new ObjectId('67d673b60b7b3d7c356437bd'),
    id: 'a5389e5a-0183-495c-9d59-190ffaa14a51',
    vendedorId: '5dcb4b1e-d582-44e6-a8ce-0ee3d9337e67',
    data: 2024-10-15T07:46:01.536Z,
    docinhosCoco: 65,
    __v: 0
  },
  {
    _id: new ObjectId('67d673bd0b7b3d7c3564383d'),
    id: '3196736e-af97-4bf9-8927-5dd5f9d4bdb5',
    vendedorId: '5dcb4b1e-d582-44e6-a8ce-0ee3d9337e67',
    data: 2024-10-19T12:53:40.216Z,
    docinhosCoco: 102,
    __v: 0
  },
  {
    _id: new ObjectId('67d673bf0b7b3d7c3564385d'),
    id: 'fabf8693-76d0-4653-bab2-cf139dded930',
    vendedorId: '5dcb4b1e-d582-44e6-a8ce-0ee3d9337e67',
    data: 2024-10-20T11:07:58.010Z,
    docinhosCoco: 80,
    __v: 0
  },
  {
    _id: new ObjectId('67d673c40b7b3d7c356438bf'),
    id: 'bf04c067-d811-4153-931a-78bda27849b6',
    vendedorId: '5dcb4b1e-d582-44e6-a8ce-0ee3d9337e67',
    data: 2024-10-23T22:31:46.413Z,
    docinhosCoco: 49,
    __v: 0
  },
  {
    _id: new ObjectId('67d673c50b7b3d7c356438d9'),
    id: '2fd5d556-e514-4280-9118-8b712466ce12',
    vendedorId: '5dcb4b1e-d582-44e6-a8ce-0ee3d9337e67',
    data: 2024-10-24T16:03:17.491Z,
    docinhosCoco: 80,
    __v: 0
  },
  {
    _id: new ObjectId('67d673c50b7b3d7c356438df'),
    id: '4290d61c-25b0-42e6-9877-344c7332b79c',
    vendedorId: '5dcb4b1e-d582-44e6-a8ce-0ee3d9337e67',
    data: 2024-10-24T19:58:46.625Z,
    docinhosCoco: 67,
    __v: 0
  },
  {
    _id: new ObjectId('67d673c90b7b3d7c35643931'),
    id: 'dab2acb6-b11c-4db3-acbc-57acdaac945d',
    vendedorId: '5dcb4b1e-d582-44e6-a8ce-0ee3d9337e67',
    data: 2024-10-27T08:13:39.824Z,
    docinhosCoco: 53,
    __v: 0
  },
  {
    _id: new ObjectId('67d673cc0b7b3d7c3564395b'),
    id: 'b7e0d24d-3b24-4f54-93d3-07f0352ba271',
    vendedorId: '5dcb4b1e-d582-44e6-a8ce-0ee3d9337e67',
    data: 2024-10-29T02:27:08.029Z,
    docinhosCoco: 54,
    __v: 0
  },
  {
    _id: new ObjectId('67d673d10b7b3d7c356439c5'),
    id: '3ec2f91b-aa0c-41a0-9b2c-fdb81431cc3c',
    vendedorId: '5dcb4b1e-d582-44e6-a8ce-0ee3d9337e67',
    data: 2024-11-01T22:04:21.464Z,
    docinhosCoco: 61,
    __v: 0
  },
  {
    _id: new ObjectId('67d673d20b7b3d7c356439db'),
    id: '9e51dcf0-6fa6-4a2c-9b20-bd9b5ebfadf0',
    vendedorId: '5dcb4b1e-d582-44e6-a8ce-0ee3d9337e67',
    data: 2024-11-02T16:33:08.439Z,
    docinhosCoco: 94,
    __v: 0
  },
  {
    _id: new ObjectId('67d673d30b7b3d7c356439ef'),
    id: '0fee18d5-7882-4be5-96d9-5e533c11eeed',
    vendedorId: '5dcb4b1e-d582-44e6-a8ce-0ee3d9337e67',
    data: 2024-11-03T08:26:56.330Z,
    docinhosCoco: 100,
    __v: 0
  },
  {
    _id: new ObjectId('67d673d40b7b3d7c356439ff'),
    id: '7347e75c-831e-439b-8322-10d726f24590',
    vendedorId: '5dcb4b1e-d582-44e6-a8ce-0ee3d9337e67',
    data: 2024-11-03T21:01:47.134Z,
    docinhosCoco: 78,
    __v: 0
  },
  {
    _id: new ObjectId('67d673d90b7b3d7c35643a5b'),
    id: 'a490e4d1-7741-427c-9005-33b11191ba80',
    vendedorId: '5dcb4b1e-d582-44e6-a8ce-0ee3d9337e67',
    data: 2024-11-06T04:29:58.479Z,
    docinhosCoco: 67,
    __v: 0
  },
  {
    _id: new ObjectId('67d673df0b7b3d7c35643ad9'),
    id: '2d288dcf-06c0-4eca-9efb-e01c2bd882f9',
    vendedorId: '5dcb4b1e-d582-44e6-a8ce-0ee3d9337e67',
    data: 2024-11-09T20:13:21.746Z,
    docinhosCoco: 72,
    __v: 0
  },
  {
    _id: new ObjectId('67d673e10b7b3d7c35643b05'),
    id: '5e4fc5ef-c3af-444e-85ab-76d2e1772e8a',
    vendedorId: '5dcb4b1e-d582-44e6-a8ce-0ee3d9337e67',
    data: 2024-11-11T03:21:01.299Z,
    docinhosCoco: 54,
    __v: 0
  },
  {
    _id: new ObjectId('67d673e40b7b3d7c35643b3f'),
    id: '7a59fa32-dea3-4b65-a5cb-466b620084c8',
    vendedorId: '5dcb4b1e-d582-44e6-a8ce-0ee3d9337e67',
    data: 2024-11-12T22:20:00.085Z,
    docinhosCoco: 44,
    __v: 0
  },
  {
    _id: new ObjectId('67d673e70b7b3d7c35643b73'),
    id: '2841f68f-9871-4242-aad3-d59b455c2bc6',
    vendedorId: '5dcb4b1e-d582-44e6-a8ce-0ee3d9337e67',
    data: 2024-11-14T16:44:40.732Z,
    docinhosCoco: 49,
    __v: 0
  },
  {
    _id: new ObjectId('67d673f00b7b3d7c35643c1f'),
    id: '3dba8887-106f-435f-9137-56edd22fcd33',
    vendedorId: '5dcb4b1e-d582-44e6-a8ce-0ee3d9337e67',
    data: 2024-11-20T04:05:39.399Z,
    docinhosCoco: 34,
    __v: 0
  },
  {
    _id: new ObjectId('67d673f30b7b3d7c35643c5d'),
    id: 'c802ce13-12e6-49a2-a418-d24e77d1cf03',
    vendedorId: '5dcb4b1e-d582-44e6-a8ce-0ee3d9337e67',
    data: 2024-11-22T06:43:54.956Z,
    docinhosCoco: 70,
    __v: 0
  },
  {
    _id: new ObjectId('67d673f50b7b3d7c35643c7d'),
    id: 'ac54a0be-a1cc-4af7-8b0a-782a1d686ab2',
    vendedorId: '5dcb4b1e-d582-44e6-a8ce-0ee3d9337e67',
    data: 2024-11-22T21:14:11.295Z,
    docinhosCoco: 40,
    __v: 0
  },
  {
    _id: new ObjectId('67d673f50b7b3d7c35643c8f'),
    id: 'db9a33c0-b74f-45f7-8e49-f5da11259167',
    vendedorId: '5dcb4b1e-d582-44e6-a8ce-0ee3d9337e67',
    data: 2024-11-23T07:29:36.830Z,
    docinhosCoco: 49,
    __v: 0
  },
  {
    _id: new ObjectId('67d673fb0b7b3d7c35643cfb'),
    id: '6e9e1882-5567-4d07-9204-3df2a4fad4f6',
    vendedorId: '5dcb4b1e-d582-44e6-a8ce-0ee3d9337e67',
    data: 2024-11-26T14:52:19.448Z,
    docinhosCoco: 41,
    __v: 0
  },
  {
    _id: new ObjectId('67d673ff0b7b3d7c35643d4f'),
    id: 'a38062a9-77c1-4eeb-b04d-83ecac11be7b',
    vendedorId: '5dcb4b1e-d582-44e6-a8ce-0ee3d9337e67',
    data: 2024-11-29T08:05:13.618Z,
    docinhosCoco: 77,
    __v: 0
  },
  {
    _id: new ObjectId('67d674010b7b3d7c35643d7d'),
    id: 'd2286e48-4806-42a0-b26c-edf3344e05c1',
    vendedorId: '5dcb4b1e-d582-44e6-a8ce-0ee3d9337e67',
    data: 2024-11-30T13:19:37.509Z,
    docinhosCoco: 94,
    __v: 0
  },
  {
    _id: new ObjectId('67d674020b7b3d7c35643d83'),
    id: '688ca5c0-6a27-4fd3-bfc8-5c0fcc1b45bf',
    vendedorId: '5dcb4b1e-d582-44e6-a8ce-0ee3d9337e67',
    data: 2024-11-30T18:11:47.845Z,
    docinhosCoco: 101,
    __v: 0
  },
  {
    _id: new ObjectId('67d674040b7b3d7c35643da5'),
    id: '978fbf9b-8a80-4e4f-90b4-2cf31b4023b1',
    vendedorId: '5dcb4b1e-d582-44e6-a8ce-0ee3d9337e67',
    data: 2024-12-01T14:00:59.375Z,
    docinhosCoco: 62,
    __v: 0
  },
  {
    _id: new ObjectId('67d674040b7b3d7c35643da9'),
    id: 'aa6b882e-996b-46db-8f5f-ddd6cbe301c4',
    vendedorId: '5dcb4b1e-d582-44e6-a8ce-0ee3d9337e67',
    data: 2024-12-01T16:41:55.987Z,
    docinhosCoco: 100,
    __v: 0
  },
  {
    _id: new ObjectId('67d674040b7b3d7c35643db3'),
    id: '5355b1d9-e03e-4338-b56a-0c4674e935da',
    vendedorId: '5dcb4b1e-d582-44e6-a8ce-0ee3d9337e67',
    data: 2024-12-01T22:54:00.770Z,
    docinhosCoco: 108,
    __v: 0
  },
  {
    _id: new ObjectId('67d6740c0b7b3d7c35643e45'),
    id: 'f5f93851-b9e1-4db2-9240-ee5066b1049d',
    vendedorId: '5dcb4b1e-d582-44e6-a8ce-0ee3d9337e67',
    data: 2024-12-07T05:49:14.834Z,
    docinhosCoco: 70,
    __v: 0
  },
  {
    _id: new ObjectId('67d674110b7b3d7c35643eab'),
    id: '50aeefa8-249b-4c86-ad2e-e8daf2085cac',
    vendedorId: '5dcb4b1e-d582-44e6-a8ce-0ee3d9337e67',
    data: 2024-12-10T07:17:53.701Z,
    docinhosCoco: 48,
    __v: 0
  },
  {
    _id: new ObjectId('67d674150b7b3d7c35643efb'),
    id: 'db1c7aa6-15cd-470b-809c-f9fe16ec1910',
    vendedorId: '5dcb4b1e-d582-44e6-a8ce-0ee3d9337e67',
    data: 2024-12-13T02:27:11.402Z,
    docinhosCoco: 82,
    __v: 0
  },
  {
    _id: new ObjectId('67d674150b7b3d7c35643f07'),
    id: 'f9a9c3f8-b4b6-4bcf-b3ac-7b3f3828577a',
    vendedorId: '5dcb4b1e-d582-44e6-a8ce-0ee3d9337e67',
    data: 2024-12-13T10:28:20.236Z,
    docinhosCoco: 96,
    __v: 0
  },
  {
    _id: new ObjectId('67d674170b7b3d7c35643f1f'),
    id: '44cfa03e-3de7-44ce-ab63-f048db38bf89',
    vendedorId: '5dcb4b1e-d582-44e6-a8ce-0ee3d9337e67',
    data: 2024-12-14T00:41:51.670Z,
    docinhosCoco: 91,
    __v: 0
  },
  {
    _id: new ObjectId('67d6741c0b7b3d7c35643f7f'),
    id: '19fed4d4-4239-41bb-9bd5-57485dd0a237',
    vendedorId: '5dcb4b1e-d582-44e6-a8ce-0ee3d9337e67',
    data: 2024-12-16T21:01:09.854Z,
    docinhosCoco: 52,
    __v: 0
  },
  {
    _id: new ObjectId('67d6741c0b7b3d7c35643f85'),
    id: '840e4e9e-d34a-460e-8f97-4e69e2e8c3a6',
    vendedorId: '5dcb4b1e-d582-44e6-a8ce-0ee3d9337e67',
    data: 2024-12-16T23:36:46.589Z,
    docinhosCoco: 58,
    __v: 0
  },
  {
    _id: new ObjectId('67d674230b7b3d7c35644009'),
    id: '7503afe2-de3a-4c43-a32c-7e80e2367cf5',
    vendedorId: '5dcb4b1e-d582-44e6-a8ce-0ee3d9337e67',
    data: 2024-12-21T12:41:07.189Z,
    docinhosCoco: 95,
    __v: 0
  },
  {
    _id: new ObjectId('67d674240b7b3d7c3564401f'),
    id: '872afb0e-9b84-48fb-b139-6a6655060f23',
    vendedorId: '5dcb4b1e-d582-44e6-a8ce-0ee3d9337e67',
    data: 2024-12-22T20:30:42.311Z,
    docinhosCoco: 68,
    __v: 0
  },
  {
    _id: new ObjectId('67d674260b7b3d7c35644049'),
    id: '1bf75891-9d21-4ed3-ad9a-1da399198231',
    vendedorId: '5dcb4b1e-d582-44e6-a8ce-0ee3d9337e67',
    data: 2024-12-23T21:02:37.870Z,
    docinhosCoco: 43,
    __v: 0
  },
  {
    _id: new ObjectId('67d6742a0b7b3d7c35644093'),
    id: '27a288aa-c49c-4806-80a7-9345d0cdd77b',
    vendedorId: '5dcb4b1e-d582-44e6-a8ce-0ee3d9337e67',
    data: 2024-12-25T21:16:07.019Z,
    docinhosCoco: 92,
    __v: 0
  },
  {
    _id: new ObjectId('67d6742d0b7b3d7c356440dd'),
    id: 'fa3a7080-f388-4e0d-b3ac-5e0920d8161a',
    vendedorId: '5dcb4b1e-d582-44e6-a8ce-0ee3d9337e67',
    data: 2024-12-28T12:53:21.070Z,
    docinhosCoco: 86,
    __v: 0
  },
  {
    _id: new ObjectId('67d674300b7b3d7c35644109'),
    id: '014b9d23-0ffe-4b79-9584-d0dcb3de9149',
    vendedorId: '5dcb4b1e-d582-44e6-a8ce-0ee3d9337e67',
    data: 2024-12-29T14:51:26.525Z,
    docinhosCoco: 98,
    __v: 0
  },
  {
    _id: new ObjectId('67d674310b7b3d7c3564411f'),
    id: 'ed316067-5d15-439c-8c57-b34ba8fdd703',
    vendedorId: '5dcb4b1e-d582-44e6-a8ce-0ee3d9337e67',
    data: 2024-12-30T06:49:28.895Z,
    docinhosCoco: 76,
    __v: 0
  },
  {
    _id: new ObjectId('67d674320b7b3d7c35644131'),
    id: 'c794a813-a258-407d-8604-62866291b999',
    vendedorId: '5dcb4b1e-d582-44e6-a8ce-0ee3d9337e67',
    data: 2024-12-30T14:09:57.867Z,
    docinhosCoco: 60,
    __v: 0
  },
  {
    _id: new ObjectId('67d674340b7b3d7c35644163'),
    id: '5e85caf0-f2af-4dbc-a7c0-ad67f875e6ec',
    vendedorId: '5dcb4b1e-d582-44e6-a8ce-0ee3d9337e67',
    data: 2025-01-01T03:04:08.659Z,
    docinhosCoco: 80,
    __v: 0
  },
  {
    _id: new ObjectId('67d6743d0b7b3d7c35644215'),
    id: '22fd34f1-afaa-4e57-beac-e7f3305e9082',
    vendedorId: '5dcb4b1e-d582-44e6-a8ce-0ee3d9337e67',
    data: 2025-01-07T11:23:20.513Z,
    docinhosCoco: 40,
    __v: 0
  },
  {
    _id: new ObjectId('67d6743f0b7b3d7c35644241'),
    id: '445efe46-6bce-4849-b665-200c3e12f23e',
    vendedorId: '5dcb4b1e-d582-44e6-a8ce-0ee3d9337e67',
    data: 2025-01-08T20:11:12.824Z,
    docinhosCoco: 57,
    __v: 0
  },
  {
    _id: new ObjectId('67d674400b7b3d7c35644255'),
    id: '15d9b27b-8387-4910-a785-2119a97258b9',
    vendedorId: '5dcb4b1e-d582-44e6-a8ce-0ee3d9337e67',
    data: 2025-01-09T07:32:31.786Z,
    docinhosCoco: 33,
    __v: 0
  },
  {
    _id: new ObjectId('67d674430b7b3d7c35644285'),
    id: '702b3c1c-ab28-4c74-a05e-b2572a7b63de',
    vendedorId: '5dcb4b1e-d582-44e6-a8ce-0ee3d9337e67',
    data: 2025-01-10T19:45:45.197Z,
    docinhosCoco: 80,
    __v: 0
  },
  {
    _id: new ObjectId('67d674450b7b3d7c356442b7'),
    id: '554d0a04-9ea8-4790-bcc4-be92dd875e93',
    vendedorId: '5dcb4b1e-d582-44e6-a8ce-0ee3d9337e67',
    data: 2025-01-12T19:59:52.592Z,
    docinhosCoco: 45,
    __v: 0
  },
  {
    _id: new ObjectId('67d674480b7b3d7c356442ed'),
    id: '28a04132-3752-4eb0-a3d3-48109125144c',
    vendedorId: '5dcb4b1e-d582-44e6-a8ce-0ee3d9337e67',
    data: 2025-01-15T01:08:07.537Z,
    docinhosCoco: 57,
    __v: 0
  },
  {
    _id: new ObjectId('67d674500b7b3d7c35644385'),
    id: '0acd1775-f42f-4c0e-b291-e52bff005868',
    vendedorId: '5dcb4b1e-d582-44e6-a8ce-0ee3d9337e67',
    data: 2025-01-19T13:50:13.253Z,
    docinhosCoco: 58,
    __v: 0
  },
  {
    _id: new ObjectId('67d674500b7b3d7c35644389'),
    id: '37c595ab-6e54-4e38-8d49-75ac0a974002',
    vendedorId: '5dcb4b1e-d582-44e6-a8ce-0ee3d9337e67',
    data: 2025-01-19T16:12:28.392Z,
    docinhosCoco: 100,
    __v: 0
  },
  {
    _id: new ObjectId('67d674510b7b3d7c3564439d'),
    id: '1977efab-1bc0-4e65-834c-686fce500add',
    vendedorId: '5dcb4b1e-d582-44e6-a8ce-0ee3d9337e67',
    data: 2025-01-20T12:00:51.351Z,
    docinhosCoco: 59,
    __v: 0
  },
  {
    _id: new ObjectId('67d674520b7b3d7c356443af'),
    id: '006b4c8b-7188-46c1-9a4a-e5d9dced4670',
    vendedorId: '5dcb4b1e-d582-44e6-a8ce-0ee3d9337e67',
    data: 2025-01-20T20:40:58.255Z,
    docinhosCoco: 39,
    __v: 0
  },
  {
    _id: new ObjectId('67d674560b7b3d7c356443f9'),
    id: '31dd4298-4691-4257-a26c-83c511573903',
    vendedorId: '5dcb4b1e-d582-44e6-a8ce-0ee3d9337e67',
    data: 2025-01-24T01:46:07.298Z,
    docinhosCoco: 54,
    __v: 0
  },
  {
    _id: new ObjectId('67d674560b7b3d7c356443ff'),
    id: 'e759f340-ab12-4b54-80e3-edb3ddd66e37',
    vendedorId: '5dcb4b1e-d582-44e6-a8ce-0ee3d9337e67',
    data: 2025-01-24T05:31:00.351Z,
    docinhosCoco: 39,
    __v: 0
  },
  {
    _id: new ObjectId('67d674570b7b3d7c3564440d'),
    id: '57204a58-de48-411a-b7d9-c9f6be8c18c4',
    vendedorId: '5dcb4b1e-d582-44e6-a8ce-0ee3d9337e67',
    data: 2025-01-24T19:50:37.300Z,
    docinhosCoco: 44,
    __v: 0
  },
  {
    _id: new ObjectId('67d6745a0b7b3d7c35644449'),
    id: '56b795fd-5881-42be-8ad7-d216997fed26',
    vendedorId: '5dcb4b1e-d582-44e6-a8ce-0ee3d9337e67',
    data: 2025-01-26T13:14:48.614Z,
    docinhosCoco: 66,
    __v: 0
  },
  {
    _id: new ObjectId('67d674640b7b3d7c35644503'),
    id: '0270f3df-3756-4d27-96be-b343e93b2835',
    vendedorId: '5dcb4b1e-d582-44e6-a8ce-0ee3d9337e67',
    data: 2025-02-01T07:55:12.690Z,
    docinhosCoco: 55,
    __v: 0
  },
  {
    _id: new ObjectId('67d674650b7b3d7c3564450b'),
    id: 'd4a894e2-5420-405c-9465-a248d0bf5f0c',
    vendedorId: '5dcb4b1e-d582-44e6-a8ce-0ee3d9337e67',
    data: 2025-02-01T13:32:45.030Z,
    docinhosCoco: 45,
    __v: 0
  },
  {
    _id: new ObjectId('67d674650b7b3d7c35644517'),
    id: 'a4347d5b-2888-4d25-bf6b-bf379b3c8743',
    vendedorId: '5dcb4b1e-d582-44e6-a8ce-0ee3d9337e67',
    data: 2025-02-01T20:03:05.742Z,
    docinhosCoco: 89,
    __v: 0
  },
  {
    _id: new ObjectId('67d674750b7b3d7c35644645'),
    id: 'fa43e992-34af-4fed-a7e3-fa37d8429d46',
    vendedorId: '5dcb4b1e-d582-44e6-a8ce-0ee3d9337e67',
    data: 2025-02-11T06:07:45.807Z,
    docinhosCoco: 53,
    __v: 0
  },
  {
    _id: new ObjectId('67d6747e0b7b3d7c356446f7'),
    id: 'b24422bd-e993-48a8-be3a-8b36474cb3a3',
    vendedorId: '5dcb4b1e-d582-44e6-a8ce-0ee3d9337e67',
    data: 2025-02-16T09:47:08.132Z,
    docinhosCoco: 67,
    __v: 0
  },
  {
    _id: new ObjectId('67d6747f0b7b3d7c35644713'),
    id: '27d45a71-86cc-41f7-89b5-aba984c1d831',
    vendedorId: '5dcb4b1e-d582-44e6-a8ce-0ee3d9337e67',
    data: 2025-02-17T06:17:10.979Z,
    docinhosCoco: 39,
    __v: 0
  },
  {
    _id: new ObjectId('67d674800b7b3d7c35644723'),
    id: 'dc2c40a6-51ee-4185-a383-c03cf866b203',
    vendedorId: '5dcb4b1e-d582-44e6-a8ce-0ee3d9337e67',
    data: 2025-02-17T18:41:16.436Z,
    docinhosCoco: 33,
    __v: 0
  },
  {
    _id: new ObjectId('67d674880b7b3d7c356447b9'),
    id: '0327adb3-6c2a-41f4-a2eb-17b1516c1f53',
    vendedorId: '5dcb4b1e-d582-44e6-a8ce-0ee3d9337e67',
    data: 2025-02-23T07:52:48.477Z,
    docinhosCoco: 45,
    __v: 0
  },
  {
    _id: new ObjectId('67d6748f0b7b3d7c3564484d'),
    id: '9acf8b1e-6dda-4a52-be99-06458ed6aefb',
    vendedorId: '5dcb4b1e-d582-44e6-a8ce-0ee3d9337e67',
    data: 2025-02-28T11:18:02.002Z,
    docinhosCoco: 33,
    __v: 0
  },
  {
    _id: new ObjectId('67d674920b7b3d7c3564487b'),
    id: 'e7f98cf7-779d-4f53-9747-557c816d9d73',
    vendedorId: '5dcb4b1e-d582-44e6-a8ce-0ee3d9337e67',
    data: 2025-03-02T11:41:36.870Z,
    docinhosCoco: 55,
    __v: 0
  },
  {
    _id: new ObjectId('67d674960b7b3d7c356448d5'),
    id: '023d3a10-6254-410e-af51-3c59dcb6ad21',
    vendedorId: '5dcb4b1e-d582-44e6-a8ce-0ee3d9337e67',
    data: 2025-03-04T23:26:15.809Z,
    docinhosCoco: 33,
    __v: 0
  },
  {
    _id: new ObjectId('67d674980b7b3d7c356448fb'),
    id: '770854ec-3abf-48c7-b843-6a44bf81604c',
    vendedorId: '5dcb4b1e-d582-44e6-a8ce-0ee3d9337e67',
    data: 2025-03-06T15:27:06.824Z,
    docinhosCoco: 40,
    __v: 0
  },
  {
    _id: new ObjectId('67d674a20b7b3d7c356449b3'),
    id: '2c94362b-70c4-42c5-9cfd-6e07bf0b660c',
    vendedorId: '5dcb4b1e-d582-44e6-a8ce-0ee3d9337e67',
    data: 2025-03-12T08:54:10.256Z,
    docinhosCoco: 43,
    __v: 0
  },
  {
    _id: new ObjectId('67d674a30b7b3d7c356449d3'),
    id: 'e4a03f59-c75b-48d6-aa79-c738e0bfa5eb',
    vendedorId: '5dcb4b1e-d582-44e6-a8ce-0ee3d9337e67',
    data: 2025-03-13T13:13:11.803Z,
    docinhosCoco: 70,
    __v: 0
  }
]
✅ Processado vendedor: Rafael Carvalho
Debug - Repository - Query params: {
  vendedorId: 'ed7ac363-d5a7-456d-a60d-7cf7be7c24e0',
  dataInicio: 2024-09-17T03:00:00.000Z,
  dataFim: 2025-03-18T02:59:59.999Z
}
Debug - Repository - MongoDB query: {
  vendedorId: 'ed7ac363-d5a7-456d-a60d-7cf7be7c24e0',
  data: { '$gte': 1726542000000, '$lte': 1742266799999 }
}
Debug - Repository - Resultado encontrado: [
  {
    _id: new ObjectId('67c9968b90c4d048db4a8f9c'),
    id: '98509bc7-6d6e-43e8-8266-2820c0a33d66',
    vendedorId: 'ed7ac363-d5a7-456d-a60d-7cf7be7c24e0',
    data: 2025-01-24T00:00:00.000Z,
    docinhosCoco: 1496,
    __v: 0
  },
  {
    _id: new ObjectId('67c996a590c4d048db4a8fd8'),
    id: '6bf4ff18-41a2-4ddc-83f1-91df753a391b',
    vendedorId: 'ed7ac363-d5a7-456d-a60d-7cf7be7c24e0',
    data: 2025-01-24T00:00:00.000Z,
    docinhosCoco: 1419,
    __v: 0
  },
  {
    _id: new ObjectId('67c996b890c4d048db4a8ffa'),
    id: 'e66ee0fb-557c-4c2c-b85e-d6518432daeb',
    vendedorId: 'ed7ac363-d5a7-456d-a60d-7cf7be7c24e0',
    data: 2025-01-11T00:00:00.000Z,
    docinhosCoco: 1975,
    __v: 0
  },
  {
    _id: new ObjectId('67c997eb90c4d048db4a906d'),
    id: '89d017bf-c340-49cc-afbc-d1cb8a8b61df',
    vendedorId: 'ed7ac363-d5a7-456d-a60d-7cf7be7c24e0',
    data: 2025-02-18T00:00:00.000Z,
    docinhosCoco: 1429,
    __v: 0
  },
  {
    _id: new ObjectId('67c9980290c4d048db4a908f'),
    id: '1dd38bca-47ef-4261-8fe1-3b50b02a7120',
    vendedorId: 'ed7ac363-d5a7-456d-a60d-7cf7be7c24e0',
    data: 2025-02-07T00:00:00.000Z,
    docinhosCoco: 1867,
    __v: 0
  },
  {
    _id: new ObjectId('67d41476c0976cc7e19a6525'),
    id: 'f576b8c2-64e1-476b-a184-dd3a952e6744',
    vendedorId: 'ed7ac363-d5a7-456d-a60d-7cf7be7c24e0',
    data: 2025-01-11T00:00:00.000Z,
    docinhosCoco: 1227,
    __v: 0
  },
  {
    _id: new ObjectId('67d673900b7b3d7c356434d3'),
    id: '76e3214c-1c0f-43c6-a7fe-04225a72c2fc',
    vendedorId: 'ed7ac363-d5a7-456d-a60d-7cf7be7c24e0',
    data: 2024-09-19T15:02:16.793Z,
    docinhosCoco: 77,
    __v: 0
  },
  {
    _id: new ObjectId('67d673930b7b3d7c35643501'),
    id: '5cfbc1f3-f108-43ab-92b2-a4c1bec46d17',
    vendedorId: 'ed7ac363-d5a7-456d-a60d-7cf7be7c24e0',
    data: 2024-09-21T05:52:16.207Z,
    docinhosCoco: 72,
    __v: 0
  },
  {
    _id: new ObjectId('67d673960b7b3d7c3564353d'),
    id: '63774dc0-b2c6-4001-9c66-247cedd71e94',
    vendedorId: 'ed7ac363-d5a7-456d-a60d-7cf7be7c24e0',
    data: 2024-09-23T02:17:36.687Z,
    docinhosCoco: 93,
    __v: 0
  },
  {
    _id: new ObjectId('67d673970b7b3d7c35643553'),
    id: '9d1c9e74-b7a9-40c4-ad84-bc6455c639fd',
    vendedorId: 'ed7ac363-d5a7-456d-a60d-7cf7be7c24e0',
    data: 2024-09-23T16:33:05.903Z,
    docinhosCoco: 74,
    __v: 0
  },
  {
    _id: new ObjectId('67d6739a0b7b3d7c35643589'),
    id: 'd2110cfc-29ff-4364-b750-0471c2069576',
    vendedorId: 'ed7ac363-d5a7-456d-a60d-7cf7be7c24e0',
    data: 2024-09-24T22:12:16.223Z,
    docinhosCoco: 33,
    __v: 0
  },
  {
    _id: new ObjectId('67d6739f0b7b3d7c356435e9'),
    id: '51f9f5c2-dd5c-49ee-a0af-a3e1e0360087',
    vendedorId: 'ed7ac363-d5a7-456d-a60d-7cf7be7c24e0',
    data: 2024-09-28T14:44:32.267Z,
    docinhosCoco: 92,
    __v: 0
  },
  {
    _id: new ObjectId('67d673a00b7b3d7c356435ff'),
    id: '6111f099-8718-4741-8ca5-09c0b12478e9',
    vendedorId: 'ed7ac363-d5a7-456d-a60d-7cf7be7c24e0',
    data: 2024-09-29T03:09:28.939Z,
    docinhosCoco: 42,
    __v: 0
  },
  {
    _id: new ObjectId('67d673a40b7b3d7c3564364b'),
    id: '797f7099-36bc-4239-941e-e33afb603296',
    vendedorId: 'ed7ac363-d5a7-456d-a60d-7cf7be7c24e0',
    data: 2024-10-02T05:34:16.629Z,
    docinhosCoco: 43,
    __v: 0
  },
  {
    _id: new ObjectId('67d673a90b7b3d7c356436b3'),
    id: 'f3f4a86b-67ee-4de0-a6ba-d7b29146a39a',
    vendedorId: 'ed7ac363-d5a7-456d-a60d-7cf7be7c24e0',
    data: 2024-10-06T05:05:29.864Z,
    docinhosCoco: 40,
    __v: 0
  },
  {
    _id: new ObjectId('67d673aa0b7b3d7c356436c5'),
    id: '79b816f9-f58a-41dc-9bc0-98584ed99180',
    vendedorId: 'ed7ac363-d5a7-456d-a60d-7cf7be7c24e0',
    data: 2024-10-06T13:57:24.881Z,
    docinhosCoco: 65,
    __v: 0
  },
  {
    _id: new ObjectId('67d673ae0b7b3d7c3564370f'),
    id: '91e36c46-4a43-4f4d-af43-26da0ef7f280',
    vendedorId: 'ed7ac363-d5a7-456d-a60d-7cf7be7c24e0',
    data: 2024-10-09T19:16:06.062Z,
    docinhosCoco: 34,
    __v: 0
  },
  {
    _id: new ObjectId('67d673b00b7b3d7c35643737'),
    id: 'e3bdd353-3ae2-47ed-ba7d-7464e297a5ba',
    vendedorId: 'ed7ac363-d5a7-456d-a60d-7cf7be7c24e0',
    data: 2024-10-10T23:10:20.370Z,
    docinhosCoco: 44,
    __v: 0
  },
  {
    _id: new ObjectId('67d673b40b7b3d7c3564378d'),
    id: '27526c89-46c9-4068-a389-d58e6cd3d5ee',
    vendedorId: 'ed7ac363-d5a7-456d-a60d-7cf7be7c24e0',
    data: 2024-10-13T17:00:08.549Z,
    docinhosCoco: 100,
    __v: 0
  },
  {
    _id: new ObjectId('67d673b50b7b3d7c356437a7'),
    id: 'd98bcc75-a0ab-419d-8238-bb0c30f61f5d',
    vendedorId: 'ed7ac363-d5a7-456d-a60d-7cf7be7c24e0',
    data: 2024-10-14T18:29:50.491Z,
    docinhosCoco: 33,
    __v: 0
  },
  {
    _id: new ObjectId('67d673bc0b7b3d7c35643827'),
    id: '09acd70d-43d0-4a46-8ccb-22e275fafb14',
    vendedorId: 'ed7ac363-d5a7-456d-a60d-7cf7be7c24e0',
    data: 2024-10-19T01:40:45.864Z,
    docinhosCoco: 69,
    __v: 0
  },
  {
    _id: new ObjectId('67d673bf0b7b3d7c35643869'),
    id: '067d1025-0b21-4782-8f05-6e15080a9e63',
    vendedorId: 'ed7ac363-d5a7-456d-a60d-7cf7be7c24e0',
    data: 2024-10-20T21:52:54.008Z,
    docinhosCoco: 96,
    __v: 0
  },
  {
    _id: new ObjectId('67d673c00b7b3d7c35643881'),
    id: 'ae95b65c-8db4-430f-86c9-00fc28a674c2',
    vendedorId: 'ed7ac363-d5a7-456d-a60d-7cf7be7c24e0',
    data: 2024-10-21T19:34:37.901Z,
    docinhosCoco: 36,
    __v: 0
  },
  {
    _id: new ObjectId('67d673c70b7b3d7c35643909'),
    id: '861cda08-139b-4265-a73e-89b9058e2970',
    vendedorId: 'ed7ac363-d5a7-456d-a60d-7cf7be7c24e0',
    data: 2024-10-26T11:31:52.791Z,
    docinhosCoco: 78,
    __v: 0
  },
  {
    _id: new ObjectId('67d673cb0b7b3d7c35643953'),
    id: 'b48ef910-d2ad-4e09-8dd9-983b1fee4205',
    vendedorId: 'ed7ac363-d5a7-456d-a60d-7cf7be7c24e0',
    data: 2024-10-28T20:35:45.954Z,
    docinhosCoco: 61,
    __v: 0
  },
  {
    _id: new ObjectId('67d673cb0b7b3d7c35643955'),
    id: 'fab8dd77-1f30-4e92-940d-cfc970a12074',
    vendedorId: 'ed7ac363-d5a7-456d-a60d-7cf7be7c24e0',
    data: 2024-10-28T21:55:37.339Z,
    docinhosCoco: 36,
    __v: 0
  },
  {
    _id: new ObjectId('67d673d30b7b3d7c356439ed'),
    id: 'e2fe7928-356a-4f54-b3a5-8a1f6b283021',
    vendedorId: 'ed7ac363-d5a7-456d-a60d-7cf7be7c24e0',
    data: 2024-11-03T06:49:47.000Z,
    docinhosCoco: 70,
    __v: 0
  },
  {
    _id: new ObjectId('67d673d50b7b3d7c35643a0f'),
    id: 'ec8e6a2c-e97d-4bf2-a391-08a85344e661',
    vendedorId: 'ed7ac363-d5a7-456d-a60d-7cf7be7c24e0',
    data: 2024-11-04T06:26:35.327Z,
    docinhosCoco: 53,
    __v: 0
  },
  {
    _id: new ObjectId('67d673d70b7b3d7c35643a3b'),
    id: 'ed6c0e5e-c844-44e3-9b3b-709922b1e768',
    vendedorId: 'ed7ac363-d5a7-456d-a60d-7cf7be7c24e0',
    data: 2024-11-05T10:15:29.227Z,
    docinhosCoco: 41,
    __v: 0
  },
  {
    _id: new ObjectId('67d673d80b7b3d7c35643a4b'),
    id: '7b9f2f7e-b87d-4c05-a27f-51b18e80d695',
    vendedorId: 'ed7ac363-d5a7-456d-a60d-7cf7be7c24e0',
    data: 2024-11-05T15:36:50.594Z,
    docinhosCoco: 40,
    __v: 0
  },
  {
    _id: new ObjectId('67d673d90b7b3d7c35643a67'),
    id: '9ad4adb0-edc1-4eb3-8884-257bcc1541ea',
    vendedorId: 'ed7ac363-d5a7-456d-a60d-7cf7be7c24e0',
    data: 2024-11-06T10:44:17.455Z,
    docinhosCoco: 76,
    __v: 0
  },
  {
    _id: new ObjectId('67d673db0b7b3d7c35643a8f'),
    id: 'f23ed97c-3baa-41f0-9c1f-134340910453',
    vendedorId: 'ed7ac363-d5a7-456d-a60d-7cf7be7c24e0',
    data: 2024-11-07T03:32:11.849Z,
    docinhosCoco: 69,
    __v: 0
  },
  {
    _id: new ObjectId('67d673dc0b7b3d7c35643a9b'),
    id: '0de789de-5773-4ddc-974d-4c54842ce9bf',
    vendedorId: 'ed7ac363-d5a7-456d-a60d-7cf7be7c24e0',
    data: 2024-11-07T12:26:18.271Z,
    docinhosCoco: 52,
    __v: 0
  },
  {
    _id: new ObjectId('67d673de0b7b3d7c35643ac1'),
    id: 'add08971-1d24-411c-9a95-8c31372807a1',
    vendedorId: 'ed7ac363-d5a7-456d-a60d-7cf7be7c24e0',
    data: 2024-11-09T00:37:57.677Z,
    docinhosCoco: 80,
    __v: 0
  },
  {
    _id: new ObjectId('67d673de0b7b3d7c35643acb'),
    id: '8877a907-10dd-4369-aeff-cb64a400528b',
    vendedorId: 'ed7ac363-d5a7-456d-a60d-7cf7be7c24e0',
    data: 2024-11-09T08:37:26.541Z,
    docinhosCoco: 100,
    __v: 0
  },
  {
    _id: new ObjectId('67d673df0b7b3d7c35643ae1'),
    id: 'c3827903-d462-4288-9420-b2eac215927c',
    vendedorId: 'ed7ac363-d5a7-456d-a60d-7cf7be7c24e0',
    data: 2024-11-10T00:36:04.466Z,
    docinhosCoco: 54,
    __v: 0
  },
  {
    _id: new ObjectId('67d673e30b7b3d7c35643b2f'),
    id: '4f30bfa6-bf6e-4354-813b-490201d4030a',
    vendedorId: 'ed7ac363-d5a7-456d-a60d-7cf7be7c24e0',
    data: 2024-11-12T08:49:58.471Z,
    docinhosCoco: 66,
    __v: 0
  },
  {
    _id: new ObjectId('67d673e50b7b3d7c35643b49'),
    id: '490d748c-e507-44aa-b06f-0a8247478cf9',
    vendedorId: 'ed7ac363-d5a7-456d-a60d-7cf7be7c24e0',
    data: 2024-11-13T04:49:35.355Z,
    docinhosCoco: 58,
    __v: 0
  },
  {
    _id: new ObjectId('67d673e70b7b3d7c35643b6b'),
    id: '978620b4-f4dd-4b72-aeb6-bae2144a5568',
    vendedorId: 'ed7ac363-d5a7-456d-a60d-7cf7be7c24e0',
    data: 2024-11-14T07:44:09.300Z,
    docinhosCoco: 40,
    __v: 0
  },
  {
    _id: new ObjectId('67d673f00b7b3d7c35643c23'),
    id: '9acd21cf-90e4-4ca0-b656-571b5709b272',
    vendedorId: 'ed7ac363-d5a7-456d-a60d-7cf7be7c24e0',
    data: 2024-11-20T07:14:44.931Z,
    docinhosCoco: 36,
    __v: 0
  },
  {
    _id: new ObjectId('67d673f10b7b3d7c35643c3d'),
    id: 'b8bddeea-ddcd-4706-beeb-d7c1a39acc85',
    vendedorId: 'ed7ac363-d5a7-456d-a60d-7cf7be7c24e0',
    data: 2024-11-21T02:59:05.144Z,
    docinhosCoco: 55,
    __v: 0
  },
  {
    _id: new ObjectId('67d673f60b7b3d7c35643ca3'),
    id: '98d66d2e-f0c1-402a-84ac-d6a0fd62acdf',
    vendedorId: 'ed7ac363-d5a7-456d-a60d-7cf7be7c24e0',
    data: 2024-11-23T19:02:17.531Z,
    docinhosCoco: 81,
    __v: 0
  },
  {
    _id: new ObjectId('67d673fa0b7b3d7c35643ceb'),
    id: '65dca7b4-2b54-4347-a00c-39d7f8176176',
    vendedorId: 'ed7ac363-d5a7-456d-a60d-7cf7be7c24e0',
    data: 2024-11-25T22:18:18.034Z,
    docinhosCoco: 54,
    __v: 0
  },
  {
    _id: new ObjectId('67d673fd0b7b3d7c35643d27'),
    id: '5328e2f6-f756-4e48-9004-4583656d888c',
    vendedorId: 'ed7ac363-d5a7-456d-a60d-7cf7be7c24e0',
    data: 2024-11-28T01:18:43.384Z,
    docinhosCoco: 36,
    __v: 0
  },
  {
    _id: new ObjectId('67d674020b7b3d7c35643d85'),
    id: '892c3765-7eb1-48b8-bb4e-7a48f669f6a9',
    vendedorId: 'ed7ac363-d5a7-456d-a60d-7cf7be7c24e0',
    data: 2024-11-30T19:16:30.640Z,
    docinhosCoco: 48,
    __v: 0
  },
  {
    _id: new ObjectId('67d674060b7b3d7c35643dd9'),
    id: '22bc0133-f7ac-4714-8b69-36bb04c8831e',
    vendedorId: 'ed7ac363-d5a7-456d-a60d-7cf7be7c24e0',
    data: 2024-12-03T09:44:58.886Z,
    docinhosCoco: 81,
    __v: 0
  },
  {
    _id: new ObjectId('67d674070b7b3d7c35643de3'),
    id: '083f9867-2c25-4b2c-ac12-013e9a9eb85e',
    vendedorId: 'ed7ac363-d5a7-456d-a60d-7cf7be7c24e0',
    data: 2024-12-03T22:54:21.202Z,
    docinhosCoco: 48,
    __v: 0
  },
  {
    _id: new ObjectId('67d674080b7b3d7c35643dfb'),
    id: 'a87f7ea5-8bf5-4781-9973-b7781af8fd99',
    vendedorId: 'ed7ac363-d5a7-456d-a60d-7cf7be7c24e0',
    data: 2024-12-04T16:38:48.272Z,
    docinhosCoco: 49,
    __v: 0
  },
  {
    _id: new ObjectId('67d6740a0b7b3d7c35643e21'),
    id: 'bc5f1d4a-37ae-4e82-855c-673935ce09ff',
    vendedorId: 'ed7ac363-d5a7-456d-a60d-7cf7be7c24e0',
    data: 2024-12-05T21:32:21.330Z,
    docinhosCoco: 44,
    __v: 0
  },
  {
    _id: new ObjectId('67d6740c0b7b3d7c35643e49'),
    id: '23e50221-56ad-4892-b963-5d201c0b601b',
    vendedorId: 'ed7ac363-d5a7-456d-a60d-7cf7be7c24e0',
    data: 2024-12-07T09:00:15.259Z,
    docinhosCoco: 102,
    __v: 0
  },
  {
    _id: new ObjectId('67d6740d0b7b3d7c35643e5f'),
    id: '1771b467-5a35-433f-bfa8-cc021d80380b',
    vendedorId: 'ed7ac363-d5a7-456d-a60d-7cf7be7c24e0',
    data: 2024-12-07T20:17:22.022Z,
    docinhosCoco: 91,
    __v: 0
  },
  {
    _id: new ObjectId('67d674110b7b3d7c35643eb1'),
    id: 'f55ddd63-2fc8-4baa-a10f-0fc6260b9f60',
    vendedorId: 'ed7ac363-d5a7-456d-a60d-7cf7be7c24e0',
    data: 2024-12-10T10:59:41.000Z,
    docinhosCoco: 49,
    __v: 0
  },
  {
    _id: new ObjectId('67d674160b7b3d7c35643f11'),
    id: '26ec603d-28ab-421b-8394-8507597224f3',
    vendedorId: 'ed7ac363-d5a7-456d-a60d-7cf7be7c24e0',
    data: 2024-12-13T15:30:14.586Z,
    docinhosCoco: 39,
    __v: 0
  },
  {
    _id: new ObjectId('67d6741b0b7b3d7c35643f7d'),
    id: '83ed8385-19c6-4500-97b2-57e21274242a',
    vendedorId: 'ed7ac363-d5a7-456d-a60d-7cf7be7c24e0',
    data: 2024-12-16T17:18:36.165Z,
    docinhosCoco: 84,
    __v: 0
  },
  {
    _id: new ObjectId('67d6741d0b7b3d7c35643fa5'),
    id: '074767ac-c012-48c5-84cc-524e66df66a7',
    vendedorId: 'ed7ac363-d5a7-456d-a60d-7cf7be7c24e0',
    data: 2024-12-17T23:18:31.455Z,
    docinhosCoco: 87,
    __v: 0
  },
  {
    _id: new ObjectId('67d674270b7b3d7c3564405f'),
    id: 'd79e0b91-65f1-4727-929a-625041de9b8e',
    vendedorId: 'ed7ac363-d5a7-456d-a60d-7cf7be7c24e0',
    data: 2024-12-24T10:55:47.016Z,
    docinhosCoco: 87,
    __v: 0
  },
  {
    _id: new ObjectId('67d6742b0b7b3d7c356440a5'),
    id: 'c24f9552-5c64-4a64-86a0-62403b114177',
    vendedorId: 'ed7ac363-d5a7-456d-a60d-7cf7be7c24e0',
    data: 2024-12-26T20:43:20.746Z,
    docinhosCoco: 74,
    __v: 0
  },
  {
    _id: new ObjectId('67d6742b0b7b3d7c356440b3'),
    id: 'ff2302af-f9b3-425d-9418-61d3c8a4a206',
    vendedorId: 'ed7ac363-d5a7-456d-a60d-7cf7be7c24e0',
    data: 2024-12-27T06:11:36.401Z,
    docinhosCoco: 92,
    __v: 0
  },
  {
    _id: new ObjectId('67d674300b7b3d7c35644117'),
    id: '4cc2fd3d-0294-4cfe-a16a-262c520b11f1',
    vendedorId: 'ed7ac363-d5a7-456d-a60d-7cf7be7c24e0',
    data: 2024-12-29T21:38:04.366Z,
    docinhosCoco: 85,
    __v: 0
  },
  {
    _id: new ObjectId('67d6743a0b7b3d7c356441d1'),
    id: 'ea00416e-5b74-4dfe-863a-7f2b174a513a',
    vendedorId: 'ed7ac363-d5a7-456d-a60d-7cf7be7c24e0',
    data: 2025-01-05T01:38:14.068Z,
    docinhosCoco: 53,
    __v: 0
  },
  {
    _id: new ObjectId('67d6743e0b7b3d7c3564421f'),
    id: 'e7ca4d7b-2f7b-4e89-b827-3749c1452704',
    vendedorId: 'ed7ac363-d5a7-456d-a60d-7cf7be7c24e0',
    data: 2025-01-07T18:20:09.205Z,
    docinhosCoco: 70,
    __v: 0
  },
  {
    _id: new ObjectId('67d6743f0b7b3d7c35644243'),
    id: '367776ee-649f-470b-89e4-a0a4e5d5dc08',
    vendedorId: 'ed7ac363-d5a7-456d-a60d-7cf7be7c24e0',
    data: 2025-01-08T21:03:27.136Z,
    docinhosCoco: 35,
    __v: 0
  },
  {
    _id: new ObjectId('67d674410b7b3d7c35644265'),
    id: 'ffee5c38-90b0-4b7d-8201-80ba9f35a72a',
    vendedorId: 'ed7ac363-d5a7-456d-a60d-7cf7be7c24e0',
    data: 2025-01-09T18:00:15.672Z,
    docinhosCoco: 78,
    __v: 0
  },
  {
    _id: new ObjectId('67d674470b7b3d7c356442d1'),
    id: '9c77cf16-d571-4154-afc8-1dd0bfdd2968',
    vendedorId: 'ed7ac363-d5a7-456d-a60d-7cf7be7c24e0',
    data: 2025-01-13T19:04:47.459Z,
    docinhosCoco: 42,
    __v: 0
  },
  {
    _id: new ObjectId('67d674480b7b3d7c356442f1'),
    id: 'ab9d3334-7f2d-477b-8d98-3ca558be1a0c',
    vendedorId: 'ed7ac363-d5a7-456d-a60d-7cf7be7c24e0',
    data: 2025-01-15T01:57:27.286Z,
    docinhosCoco: 73,
    __v: 0
  },
  {
    _id: new ObjectId('67d6744b0b7b3d7c3564431f'),
    id: '360c3a97-72b5-4672-934f-56c66dc3a10c',
    vendedorId: 'ed7ac363-d5a7-456d-a60d-7cf7be7c24e0',
    data: 2025-01-16T15:59:23.675Z,
    docinhosCoco: 52,
    __v: 0
  },
  {
    _id: new ObjectId('67d6744c0b7b3d7c35644337'),
    id: 'c939672c-49ea-42ee-9e19-c7b50b225f62',
    vendedorId: 'ed7ac363-d5a7-456d-a60d-7cf7be7c24e0',
    data: 2025-01-17T12:15:38.388Z,
    docinhosCoco: 42,
    __v: 0
  },
  {
    _id: new ObjectId('67d6744c0b7b3d7c3564433b'),
    id: '4b4e04dd-811b-4bbe-b239-a118ab21f12c',
    vendedorId: 'ed7ac363-d5a7-456d-a60d-7cf7be7c24e0',
    data: 2025-01-17T12:27:40.860Z,
    docinhosCoco: 67,
    __v: 0
  },
  {
    _id: new ObjectId('67d674530b7b3d7c356443cb'),
    id: 'f95e00a0-ac43-49b0-b82e-c03e11d83fc1',
    vendedorId: 'ed7ac363-d5a7-456d-a60d-7cf7be7c24e0',
    data: 2025-01-21T19:20:24.637Z,
    docinhosCoco: 64,
    __v: 0
  },
  {
    _id: new ObjectId('67d674540b7b3d7c356443db'),
    id: '4a140afc-2b56-47ce-8188-e71b05bfed79',
    vendedorId: 'ed7ac363-d5a7-456d-a60d-7cf7be7c24e0',
    data: 2025-01-22T06:39:14.215Z,
    docinhosCoco: 70,
    __v: 0
  },
  {
    _id: new ObjectId('67d674570b7b3d7c35644411'),
    id: 'f37b537c-c59f-452e-a7a3-b764a3445787',
    vendedorId: 'ed7ac363-d5a7-456d-a60d-7cf7be7c24e0',
    data: 2025-01-24T19:58:39.754Z,
    docinhosCoco: 56,
    __v: 0
  },
  {
    _id: new ObjectId('67d674580b7b3d7c35644425'),
    id: '89b4750f-af99-492d-87ce-46a09c84ba7c',
    vendedorId: 'ed7ac363-d5a7-456d-a60d-7cf7be7c24e0',
    data: 2025-01-25T10:07:28.374Z,
    docinhosCoco: 92,
    __v: 0
  },
  {
    _id: new ObjectId('67d674590b7b3d7c3564443f'),
    id: '765cdce6-bc81-426c-9c9a-d3ec18e9ed0a',
    vendedorId: 'ed7ac363-d5a7-456d-a60d-7cf7be7c24e0',
    data: 2025-01-26T09:18:23.998Z,
    docinhosCoco: 45,
    __v: 0
  },
  {
    _id: new ObjectId('67d6745f0b7b3d7c356444ad'),
    id: '27e45b43-f24e-44ce-8c03-b728ea5c1ced',
    vendedorId: 'ed7ac363-d5a7-456d-a60d-7cf7be7c24e0',
    data: 2025-01-29T11:06:39.267Z,
    docinhosCoco: 70,
    __v: 0
  },
  {
    _id: new ObjectId('67d6745f0b7b3d7c356444b1'),
    id: '71269b5e-aecf-4c1d-a62b-5e69cbedcf35',
    vendedorId: 'ed7ac363-d5a7-456d-a60d-7cf7be7c24e0',
    data: 2025-01-29T13:27:05.339Z,
    docinhosCoco: 32,
    __v: 0
  },
  {
    _id: new ObjectId('67d674610b7b3d7c356444d1'),
    id: 'c36eb5b5-9a1e-42dd-91c0-035e4b5e36cc',
    vendedorId: 'ed7ac363-d5a7-456d-a60d-7cf7be7c24e0',
    data: 2025-01-30T18:51:20.578Z,
    docinhosCoco: 33,
    __v: 0
  },
  {
    _id: new ObjectId('67d674660b7b3d7c35644523'),
    id: 'c7f91e7c-f262-4689-a985-add17b09d66a',
    vendedorId: 'ed7ac363-d5a7-456d-a60d-7cf7be7c24e0',
    data: 2025-02-02T10:01:31.288Z,
    docinhosCoco: 48,
    __v: 0
  },
  {
    _id: new ObjectId('67d674720b7b3d7c35644605'),
    id: '43ed68e5-1811-44da-9586-bca7085eeb2a',
    vendedorId: 'ed7ac363-d5a7-456d-a60d-7cf7be7c24e0',
    data: 2025-02-09T04:42:45.943Z,
    docinhosCoco: 65,
    __v: 0
  },
  {
    _id: new ObjectId('67d674730b7b3d7c35644629'),
    id: 'c6f9d40a-b162-4406-ad51-66dcf5d3aa59',
    vendedorId: 'ed7ac363-d5a7-456d-a60d-7cf7be7c24e0',
    data: 2025-02-10T03:39:30.361Z,
    docinhosCoco: 53,
    __v: 0
  },
  {
    _id: new ObjectId('67d674780b7b3d7c3564467b'),
    id: '58c93912-9164-47b9-a693-1e53fb595613',
    vendedorId: 'ed7ac363-d5a7-456d-a60d-7cf7be7c24e0',
    data: 2025-02-12T14:46:06.500Z,
    docinhosCoco: 47,
    __v: 0
  },
  {
    _id: new ObjectId('67d674780b7b3d7c35644681'),
    id: 'df02decd-08d2-40b6-897f-8449506cf0b9',
    vendedorId: 'ed7ac363-d5a7-456d-a60d-7cf7be7c24e0',
    data: 2025-02-13T02:26:22.246Z,
    docinhosCoco: 63,
    __v: 0
  },
  {
    _id: new ObjectId('67d674780b7b3d7c35644685'),
    id: 'bb4b337c-ede6-4d11-93ce-5a094554dc48',
    vendedorId: 'ed7ac363-d5a7-456d-a60d-7cf7be7c24e0',
    data: 2025-02-13T02:56:41.731Z,
    docinhosCoco: 46,
    __v: 0
  },
  {
    _id: new ObjectId('67d674790b7b3d7c356446a1'),
    id: '4f992ed6-53ba-4558-8eee-05b5a55745db',
    vendedorId: 'ed7ac363-d5a7-456d-a60d-7cf7be7c24e0',
    data: 2025-02-13T21:24:51.538Z,
    docinhosCoco: 71,
    __v: 0
  },
  {
    _id: new ObjectId('67d6747a0b7b3d7c356446a5'),
    id: '9e1bfcfb-6666-4d91-a5e3-f43864464072',
    vendedorId: 'ed7ac363-d5a7-456d-a60d-7cf7be7c24e0',
    data: 2025-02-13T23:54:27.809Z,
    docinhosCoco: 64,
    __v: 0
  },
  {
    _id: new ObjectId('67d6747a0b7b3d7c356446a7'),
    id: 'c62e16c2-7b5c-4454-8367-0d43e452ae73',
    vendedorId: 'ed7ac363-d5a7-456d-a60d-7cf7be7c24e0',
    data: 2025-02-13T23:58:58.956Z,
    docinhosCoco: 41,
    __v: 0
  },
  {
    _id: new ObjectId('67d674820b7b3d7c3564473f'),
    id: '2fd46d4a-93e5-4cc0-8fb1-852b6e34c39c',
    vendedorId: 'ed7ac363-d5a7-456d-a60d-7cf7be7c24e0',
    data: 2025-02-18T10:50:27.638Z,
    docinhosCoco: 63,
    __v: 0
  },
  {
    _id: new ObjectId('67d674820b7b3d7c3564474f'),
    id: '74acca53-308b-4e83-ba72-b0452e791aff',
    vendedorId: 'ed7ac363-d5a7-456d-a60d-7cf7be7c24e0',
    data: 2025-02-18T21:22:56.421Z,
    docinhosCoco: 37,
    __v: 0
  },
  {
    _id: new ObjectId('67d674840b7b3d7c35644773'),
    id: 'aebe07d4-4f0e-4361-af1a-55bc389817e8',
    vendedorId: 'ed7ac363-d5a7-456d-a60d-7cf7be7c24e0',
    data: 2025-02-20T05:05:08.009Z,
    docinhosCoco: 78,
    __v: 0
  },
  {
    _id: new ObjectId('67d674850b7b3d7c35644783'),
    id: '5e234d3d-a90a-4563-be82-82349c944084',
    vendedorId: 'ed7ac363-d5a7-456d-a60d-7cf7be7c24e0',
    data: 2025-02-20T11:32:58.331Z,
    docinhosCoco: 72,
    __v: 0
  },
  {
    _id: new ObjectId('67d674850b7b3d7c35644785'),
    id: 'f3e31162-862c-4267-8bda-09b06752e6f7',
    vendedorId: 'ed7ac363-d5a7-456d-a60d-7cf7be7c24e0',
    data: 2025-02-20T16:19:16.703Z,
    docinhosCoco: 62,
    __v: 0
  },
  {
    _id: new ObjectId('67d674870b7b3d7c356447ad'),
    id: '63b758bf-c910-4823-bb13-2c40c065fed4',
    vendedorId: 'ed7ac363-d5a7-456d-a60d-7cf7be7c24e0',
    data: 2025-02-22T18:27:06.671Z,
    docinhosCoco: 98,
    __v: 0
  },
  {
    _id: new ObjectId('67d674880b7b3d7c356447b7'),
    id: '35ab79b9-5ee8-437c-9936-0d0f686a6458',
    vendedorId: 'ed7ac363-d5a7-456d-a60d-7cf7be7c24e0',
    data: 2025-02-23T06:44:40.410Z,
    docinhosCoco: 52,
    __v: 0
  },
  {
    _id: new ObjectId('67d6748b0b7b3d7c356447ef'),
    id: '68c9b581-afa8-4985-94c8-c45d1e6bc674',
    vendedorId: 'ed7ac363-d5a7-456d-a60d-7cf7be7c24e0',
    data: 2025-02-25T12:33:24.302Z,
    docinhosCoco: 41,
    __v: 0
  },
  {
    _id: new ObjectId('67d6748b0b7b3d7c356447f1'),
    id: '3be82364-1438-473f-a369-e5532aee3f40',
    vendedorId: 'ed7ac363-d5a7-456d-a60d-7cf7be7c24e0',
    data: 2025-02-25T13:00:56.289Z,
    docinhosCoco: 37,
    __v: 0
  },
  {
    _id: new ObjectId('67d6748d0b7b3d7c3564481b'),
    id: 'ac3b3565-6f27-4eda-b244-e803ebd9b60b',
    vendedorId: 'ed7ac363-d5a7-456d-a60d-7cf7be7c24e0',
    data: 2025-02-26T22:13:42.997Z,
    docinhosCoco: 45,
    __v: 0
  },
  {
    _id: new ObjectId('67d674970b7b3d7c356448dd'),
    id: '6e6c1733-6053-4735-994b-2863938648ab',
    vendedorId: 'ed7ac363-d5a7-456d-a60d-7cf7be7c24e0',
    data: 2025-03-05T08:13:14.747Z,
    docinhosCoco: 67,
    __v: 0
  },
  {
    _id: new ObjectId('67d674990b7b3d7c35644909'),
    id: '0cf9eef0-0c2d-489a-a879-1c9cf21138cb',
    vendedorId: 'ed7ac363-d5a7-456d-a60d-7cf7be7c24e0',
    data: 2025-03-06T21:44:27.542Z,
    docinhosCoco: 63,
    __v: 0
  },
  {
    _id: new ObjectId('67d674a00b7b3d7c3564498b'),
    id: 'f9f13c41-1501-4bcb-be11-cf8e21bfc433',
    vendedorId: 'ed7ac363-d5a7-456d-a60d-7cf7be7c24e0',
    data: 2025-03-11T02:35:48.428Z,
    docinhosCoco: 49,
    __v: 0
  },
  {
    _id: new ObjectId('67d674a10b7b3d7c356449ad'),
    id: 'ebab3088-ae9a-448c-a0f6-61a36fd0ea6b',
    vendedorId: 'ed7ac363-d5a7-456d-a60d-7cf7be7c24e0',
    data: 2025-03-12T06:35:49.623Z,
    docinhosCoco: 36,
    __v: 0
  },
  {
    _id: new ObjectId('67d674a20b7b3d7c356449b7'),
    id: 'd88b52d2-42d1-4ba1-ab8f-0cad32838480',
    vendedorId: 'ed7ac363-d5a7-456d-a60d-7cf7be7c24e0',
    data: 2025-03-12T15:37:37.467Z,
    docinhosCoco: 39,
    __v: 0
  },
  ... 4 more items
]
✅ Processado vendedor: Olivia Duarte
Debug - Repository - Query params: {
  vendedorId: '9d375454-9848-46cd-a228-1233634f500f',
  dataInicio: 2024-09-17T03:00:00.000Z,
  dataFim: 2025-03-18T02:59:59.999Z
}
Debug - Repository - MongoDB query: {
  vendedorId: '9d375454-9848-46cd-a228-1233634f500f',
  data: { '$gte': 1726542000000, '$lte': 1742266799999 }
}
Debug - Repository - Resultado encontrado: [
  {
    _id: new ObjectId('67c9968390c4d048db4a8f7a'),
    id: '191f6c6e-b7a1-4ab5-9e3b-cd49e85bf50e',
    vendedorId: '9d375454-9848-46cd-a228-1233634f500f',
    data: 2025-01-07T00:00:00.000Z,
    docinhosCoco: 1519,
    __v: 0
  },
  {
    _id: new ObjectId('67c996a490c4d048db4a8fd6'),
    id: '28591447-fe10-4f4c-bead-75265708459e',
    vendedorId: '9d375454-9848-46cd-a228-1233634f500f',
    data: 2025-01-23T00:00:00.000Z,
    docinhosCoco: 1311,
    __v: 0
  },
  {
    _id: new ObjectId('67c996b990c4d048db4a9000'),
    id: '16a0f74e-b4a5-41b5-af4c-4c87411b1baa',
    vendedorId: '9d375454-9848-46cd-a228-1233634f500f',
    data: 2025-01-14T00:00:00.000Z,
    docinhosCoco: 1610,
    __v: 0
  },
  {
    _id: new ObjectId('67c997ed90c4d048db4a9079'),
    id: '8f1616a7-7b0c-46e2-9039-11a40f12a790',
    vendedorId: '9d375454-9848-46cd-a228-1233634f500f',
    data: 2025-02-24T00:00:00.000Z,
    docinhosCoco: 545,
    __v: 0
  },
  {
    _id: new ObjectId('67c9980190c4d048db4a908b'),
    id: '62315674-17ad-4b0d-b2f8-489123760de9',
    vendedorId: '9d375454-9848-46cd-a228-1233634f500f',
    data: 2025-02-05T00:00:00.000Z,
    docinhosCoco: 1654,
    __v: 0
  },
  {
    _id: new ObjectId('67d6738d0b7b3d7c3564348b'),
    id: '1f4f69dc-dcda-46d2-9f0c-27b236f9d7f7',
    vendedorId: '9d375454-9848-46cd-a228-1233634f500f',
    data: 2024-09-17T05:32:32.096Z,
    docinhosCoco: 45,
    __v: 0
  },
  {
    _id: new ObjectId('67d673900b7b3d7c356434cb'),
    id: 'e3900e2c-d95d-4ca0-935d-19575ea717bc',
    vendedorId: '9d375454-9848-46cd-a228-1233634f500f',
    data: 2024-09-19T09:25:36.272Z,
    docinhosCoco: 73,
    __v: 0
  },
  {
    _id: new ObjectId('67d673910b7b3d7c356434df'),
    id: '335bfd9f-51cd-4293-a556-4751225525c4',
    vendedorId: '9d375454-9848-46cd-a228-1233634f500f',
    data: 2024-09-20T00:07:28.158Z,
    docinhosCoco: 41,
    __v: 0
  },
  {
    _id: new ObjectId('67d673920b7b3d7c356434fd'),
    id: '7567b899-febc-4b40-9c2d-deef75e055e3',
    vendedorId: '9d375454-9848-46cd-a228-1233634f500f',
    data: 2024-09-21T04:22:01.805Z,
    docinhosCoco: 54,
    __v: 0
  },
  {
    _id: new ObjectId('67d673930b7b3d7c356434ff'),
    id: '8bab2ea4-6be7-45fe-9da6-f0355fc6dacf',
    vendedorId: '9d375454-9848-46cd-a228-1233634f500f',
    data: 2024-09-21T05:12:33.326Z,
    docinhosCoco: 66,
    __v: 0
  },
  {
    _id: new ObjectId('67d673940b7b3d7c3564351d'),
    id: '217cf857-b006-4786-946d-82adbe27cf10',
    vendedorId: '9d375454-9848-46cd-a228-1233634f500f',
    data: 2024-09-22T11:12:04.142Z,
    docinhosCoco: 65,
    __v: 0
  },
  {
    _id: new ObjectId('67d673960b7b3d7c35643539'),
    id: '96c6fbf3-1a27-4ff6-9ac1-1cb0df05cc59',
    vendedorId: '9d375454-9848-46cd-a228-1233634f500f',
    data: 2024-09-23T00:37:09.895Z,
    docinhosCoco: 53,
    __v: 0
  },
  {
    _id: new ObjectId('67d673960b7b3d7c35643541'),
    id: 'd0bbd59e-1eb0-4b29-9a07-83592c87ae35',
    vendedorId: '9d375454-9848-46cd-a228-1233634f500f',
    data: 2024-09-23T02:44:41.418Z,
    docinhosCoco: 57,
    __v: 0
  },
  {
    _id: new ObjectId('67d6739a0b7b3d7c35643595'),
    id: 'd1110e0a-43b7-4e38-8db8-81c47d226dbe',
    vendedorId: '9d375454-9848-46cd-a228-1233634f500f',
    data: 2024-09-25T11:34:43.747Z,
    docinhosCoco: 49,
    __v: 0
  },
  {
    _id: new ObjectId('67d6739b0b7b3d7c356435a5'),
    id: '40fa88f0-8e64-4803-8fb5-609a42219d9f',
    vendedorId: '9d375454-9848-46cd-a228-1233634f500f',
    data: 2024-09-25T20:06:29.340Z,
    docinhosCoco: 34,
    __v: 0
  },
  {
    _id: new ObjectId('67d6739d0b7b3d7c356435c3'),
    id: '48806c39-c5e9-40c1-a0f7-62da309df550',
    vendedorId: '9d375454-9848-46cd-a228-1233634f500f',
    data: 2024-09-27T08:09:35.581Z,
    docinhosCoco: 33,
    __v: 0
  },
  {
    _id: new ObjectId('67d6739e0b7b3d7c356435e3'),
    id: '6cf09fa8-9b1d-4302-87e9-3ba65f844c12',
    vendedorId: '9d375454-9848-46cd-a228-1233634f500f',
    data: 2024-09-28T06:59:16.542Z,
    docinhosCoco: 93,
    __v: 0
  },
  {
    _id: new ObjectId('67d673a00b7b3d7c35643603'),
    id: '126ee07a-b3bc-48c9-ad25-4b092214d90e',
    vendedorId: '9d375454-9848-46cd-a228-1233634f500f',
    data: 2024-09-29T11:18:00.867Z,
    docinhosCoco: 84,
    __v: 0
  },
  {
    _id: new ObjectId('67d673a10b7b3d7c35643611'),
    id: '761ae961-da0b-425b-9d36-b8cc1ae86787',
    vendedorId: '9d375454-9848-46cd-a228-1233634f500f',
    data: 2024-09-30T06:58:45.373Z,
    docinhosCoco: 72,
    __v: 0
  },
  {
    _id: new ObjectId('67d673af0b7b3d7c3564372d'),
    id: 'fd8c6f6f-98e8-44f8-9e7a-b55e8379dfd0',
    vendedorId: '9d375454-9848-46cd-a228-1233634f500f',
    data: 2024-10-10T11:56:06.743Z,
    docinhosCoco: 45,
    __v: 0
  },
  {
    _id: new ObjectId('67d673b10b7b3d7c35643759'),
    id: '0bd727ac-f464-48f7-ac70-c177a07553fa',
    vendedorId: '9d375454-9848-46cd-a228-1233634f500f',
    data: 2024-10-11T20:56:41.409Z,
    docinhosCoco: 78,
    __v: 0
  },
  {
    _id: new ObjectId('67d673b70b7b3d7c356437c1'),
    id: 'cd790e19-54ac-4a34-b187-811d7e5af445',
    vendedorId: '9d375454-9848-46cd-a228-1233634f500f',
    data: 2024-10-15T08:11:40.100Z,
    docinhosCoco: 36,
    __v: 0
  },
  {
    _id: new ObjectId('67d673b70b7b3d7c356437c3'),
    id: '94cee879-9582-4af9-b007-c2d15a889fb1',
    vendedorId: '9d375454-9848-46cd-a228-1233634f500f',
    data: 2024-10-15T15:36:00.632Z,
    docinhosCoco: 43,
    __v: 0
  },
  {
    _id: new ObjectId('67d673bc0b7b3d7c35643821'),
    id: 'c6a3af23-c9d1-494a-9454-a47e02916003',
    vendedorId: '9d375454-9848-46cd-a228-1233634f500f',
    data: 2024-10-18T21:08:27.214Z,
    docinhosCoco: 40,
    __v: 0
  },
  {
    _id: new ObjectId('67d673be0b7b3d7c35643859'),
    id: 'fac85fe7-5193-493e-b778-817e6528921d',
    vendedorId: '9d375454-9848-46cd-a228-1233634f500f',
    data: 2024-10-20T10:47:25.626Z,
    docinhosCoco: 41,
    __v: 0
  },
  {
    _id: new ObjectId('67d673c60b7b3d7c356438f5'),
    id: '235d4805-b1be-4ea6-b92f-730ea66a7cbd',
    vendedorId: '9d375454-9848-46cd-a228-1233634f500f',
    data: 2024-10-25T23:11:46.591Z,
    docinhosCoco: 30,
    __v: 0
  },
  {
    _id: new ObjectId('67d673ce0b7b3d7c3564398d'),
    id: '72101721-73f8-42d6-9f26-e503e34b0f15',
    vendedorId: '9d375454-9848-46cd-a228-1233634f500f',
    data: 2024-10-31T02:56:23.360Z,
    docinhosCoco: 63,
    __v: 0
  },
  {
    _id: new ObjectId('67d673d30b7b3d7c356439eb'),
    id: 'f3433867-13f8-40d1-8ba7-6f05238f42d9',
    vendedorId: '9d375454-9848-46cd-a228-1233634f500f',
    data: 2024-11-03T04:58:03.937Z,
    docinhosCoco: 102,
    __v: 0
  },
  {
    _id: new ObjectId('67d673d40b7b3d7c356439fb'),
    id: '6bee176d-57f8-4763-8ecd-d593647e830a',
    vendedorId: '9d375454-9848-46cd-a228-1233634f500f',
    data: 2024-11-03T19:17:51.579Z,
    docinhosCoco: 96,
    __v: 0
  },
  {
    _id: new ObjectId('67d673d70b7b3d7c35643a35'),
    id: '70f7fe4b-3206-40fb-82cd-d32269198adb',
    vendedorId: '9d375454-9848-46cd-a228-1233634f500f',
    data: 2024-11-05T05:17:58.612Z,
    docinhosCoco: 35,
    __v: 0
  },
  {
    _id: new ObjectId('67d673d80b7b3d7c35643a47'),
    id: '798fbabf-5d6e-4fd6-9e80-cff903558ab0',
    vendedorId: '9d375454-9848-46cd-a228-1233634f500f',
    data: 2024-11-05T14:45:59.743Z,
    docinhosCoco: 55,
    __v: 0
  },
  {
    _id: new ObjectId('67d673d80b7b3d7c35643a55'),
    id: 'b14175c4-58e8-4687-89fc-75a692f6c6a2',
    vendedorId: '9d375454-9848-46cd-a228-1233634f500f',
    data: 2024-11-05T22:09:27.590Z,
    docinhosCoco: 52,
    __v: 0
  },
  {
    _id: new ObjectId('67d673da0b7b3d7c35643a73'),
    id: '92de97c5-6936-4e6f-a6b1-e3d8ba492d2d',
    vendedorId: '9d375454-9848-46cd-a228-1233634f500f',
    data: 2024-11-06T14:23:19.552Z,
    docinhosCoco: 71,
    __v: 0
  },
  {
    _id: new ObjectId('67d673da0b7b3d7c35643a7f'),
    id: 'b80541f1-1358-4966-ae24-e93076ca24f9',
    vendedorId: '9d375454-9848-46cd-a228-1233634f500f',
    data: 2024-11-06T21:44:08.574Z,
    docinhosCoco: 59,
    __v: 0
  },
  {
    _id: new ObjectId('67d673de0b7b3d7c35643ac7'),
    id: 'afa39ae9-0ffb-4af4-92c1-15c59028981e',
    vendedorId: '9d375454-9848-46cd-a228-1233634f500f',
    data: 2024-11-09T06:14:16.675Z,
    docinhosCoco: 53,
    __v: 0
  },
  {
    _id: new ObjectId('67d673e20b7b3d7c35643b0f'),
    id: '25b9fe22-dc9f-4c95-acb7-8edd6464e997',
    vendedorId: '9d375454-9848-46cd-a228-1233634f500f',
    data: 2024-11-11T10:09:03.608Z,
    docinhosCoco: 59,
    __v: 0
  },
  {
    _id: new ObjectId('67d673e20b7b3d7c35643b11'),
    id: 'f485c5ea-f3ca-44f3-a7b5-aa5419e642ba',
    vendedorId: '9d375454-9848-46cd-a228-1233634f500f',
    data: 2024-11-11T11:22:15.920Z,
    docinhosCoco: 42,
    __v: 0
  },
  {
    _id: new ObjectId('67d673e30b7b3d7c35643b21'),
    id: 'c30ae8b7-502c-4c70-be00-1e73d93c4d60',
    vendedorId: '9d375454-9848-46cd-a228-1233634f500f',
    data: 2024-11-11T21:42:10.738Z,
    docinhosCoco: 55,
    __v: 0
  },
  {
    _id: new ObjectId('67d673e90b7b3d7c35643b93'),
    id: 'e8076e26-24d1-4cd8-b37c-7b6040245190',
    vendedorId: '9d375454-9848-46cd-a228-1233634f500f',
    data: 2024-11-15T15:19:07.203Z,
    docinhosCoco: 41,
    __v: 0
  },
  {
    _id: new ObjectId('67d673ec0b7b3d7c35643bdd'),
    id: '8a7076fa-a387-4b7d-b3e4-a2a424f36aa1',
    vendedorId: '9d375454-9848-46cd-a228-1233634f500f',
    data: 2024-11-17T16:27:48.124Z,
    docinhosCoco: 102,
    __v: 0
  },
  {
    _id: new ObjectId('67d673ed0b7b3d7c35643be1'),
    id: 'c5dcac33-ae7c-403e-9bbe-b1013aa4ffb4',
    vendedorId: '9d375454-9848-46cd-a228-1233634f500f',
    data: 2024-11-17T17:35:39.999Z,
    docinhosCoco: 67,
    __v: 0
  },
  {
    _id: new ObjectId('67d673ef0b7b3d7c35643c1b'),
    id: 'cbc3d32e-ce06-48ef-a4e3-f4f4d2d3cc84',
    vendedorId: '9d375454-9848-46cd-a228-1233634f500f',
    data: 2024-11-20T02:17:55.353Z,
    docinhosCoco: 75,
    __v: 0
  },
  {
    _id: new ObjectId('67d673f30b7b3d7c35643c5f'),
    id: 'eb3e9d4a-1e0e-4b9f-9658-cc13bf9317bc',
    vendedorId: '9d375454-9848-46cd-a228-1233634f500f',
    data: 2024-11-22T06:51:41.284Z,
    docinhosCoco: 51,
    __v: 0
  },
  {
    _id: new ObjectId('67d673f60b7b3d7c35643c9b'),
    id: '907f6b79-0ece-4d69-adf5-964a36871f35',
    vendedorId: '9d375454-9848-46cd-a228-1233634f500f',
    data: 2024-11-23T14:02:18.414Z,
    docinhosCoco: 104,
    __v: 0
  },
  {
    _id: new ObjectId('67d673f60b7b3d7c35643c9d'),
    id: 'b509e128-ee31-4cc1-881f-fdd76f4987a3',
    vendedorId: '9d375454-9848-46cd-a228-1233634f500f',
    data: 2024-11-23T14:34:14.158Z,
    docinhosCoco: 57,
    __v: 0
  },
  {
    _id: new ObjectId('67d673f90b7b3d7c35643ccd'),
    id: 'd08df75f-9ecc-4baa-b01f-3f160772d168',
    vendedorId: '9d375454-9848-46cd-a228-1233634f500f',
    data: 2024-11-25T05:08:48.069Z,
    docinhosCoco: 46,
    __v: 0
  },
  {
    _id: new ObjectId('67d673fb0b7b3d7c35643cf7'),
    id: 'c97b82bc-6458-453f-bc98-8d844524afe7',
    vendedorId: '9d375454-9848-46cd-a228-1233634f500f',
    data: 2024-11-26T10:37:50.630Z,
    docinhosCoco: 42,
    __v: 0
  },
  {
    _id: new ObjectId('67d674050b7b3d7c35643dc7'),
    id: '843b8d87-3da8-4e44-a0d0-23d4597fce87',
    vendedorId: '9d375454-9848-46cd-a228-1233634f500f',
    data: 2024-12-02T16:33:28.840Z,
    docinhosCoco: 57,
    __v: 0
  },
  {
    _id: new ObjectId('67d674070b7b3d7c35643de5'),
    id: '36f56183-d238-4200-9c2e-498705dc3c83',
    vendedorId: '9d375454-9848-46cd-a228-1233634f500f',
    data: 2024-12-04T00:10:59.792Z,
    docinhosCoco: 45,
    __v: 0
  },
  {
    _id: new ObjectId('67d674090b7b3d7c35643e19'),
    id: '245ed5e3-48d2-4c65-bddc-c776cd20b248',
    vendedorId: '9d375454-9848-46cd-a228-1233634f500f',
    data: 2024-12-05T15:22:30.557Z,
    docinhosCoco: 63,
    __v: 0
  },
  {
    _id: new ObjectId('67d6740f0b7b3d7c35643e83'),
    id: 'd8b73a6d-0234-4e65-b7d5-5f3131261ec0',
    vendedorId: '9d375454-9848-46cd-a228-1233634f500f',
    data: 2024-12-08T19:28:42.188Z,
    docinhosCoco: 50,
    __v: 0
  },
  {
    _id: new ObjectId('67d674120b7b3d7c35643ec3'),
    id: 'a839a33d-f0e6-402e-ad93-5976009d9067',
    vendedorId: '9d375454-9848-46cd-a228-1233634f500f',
    data: 2024-12-11T02:07:56.499Z,
    docinhosCoco: 37,
    __v: 0
  },
  {
    _id: new ObjectId('67d674130b7b3d7c35643edd'),
    id: '6cdf4253-43e1-4d23-a4fd-e9b5db550f2a',
    vendedorId: '9d375454-9848-46cd-a228-1233634f500f',
    data: 2024-12-12T03:48:42.248Z,
    docinhosCoco: 72,
    __v: 0
  },
  {
    _id: new ObjectId('67d674130b7b3d7c35643edf'),
    id: '19ef162f-1527-4e24-95b9-b2a1222f28b5',
    vendedorId: '9d375454-9848-46cd-a228-1233634f500f',
    data: 2024-12-12T05:32:29.577Z,
    docinhosCoco: 94,
    __v: 0
  },
  {
    _id: new ObjectId('67d674160b7b3d7c35643f0d'),
    id: 'fd1120ac-4925-459e-9b4d-e850f006a716',
    vendedorId: '9d375454-9848-46cd-a228-1233634f500f',
    data: 2024-12-13T13:20:31.477Z,
    docinhosCoco: 90,
    __v: 0
  },
  {
    _id: new ObjectId('67d674160b7b3d7c35643f0f'),
    id: 'fdb197cc-a5fa-4e16-9fca-2a87cae8767f',
    vendedorId: '9d375454-9848-46cd-a228-1233634f500f',
    data: 2024-12-13T14:50:43.097Z,
    docinhosCoco: 70,
    __v: 0
  },
  {
    _id: new ObjectId('67d6741e0b7b3d7c35643fad'),
    id: '5354fe60-7f8d-4e37-8699-b1798b110710',
    vendedorId: '9d375454-9848-46cd-a228-1233634f500f',
    data: 2024-12-18T14:46:08.269Z,
    docinhosCoco: 74,
    __v: 0
  },
  {
    _id: new ObjectId('67d674280b7b3d7c3564406b'),
    id: 'e88ad505-c189-4938-8af0-812a7f1c8b73',
    vendedorId: '9d375454-9848-46cd-a228-1233634f500f',
    data: 2024-12-24T15:50:51.942Z,
    docinhosCoco: 85,
    __v: 0
  },
  {
    _id: new ObjectId('67d674280b7b3d7c35644079'),
    id: 'b1a5dea4-2614-401d-bd8d-d766b4d8631d',
    vendedorId: '9d375454-9848-46cd-a228-1233634f500f',
    data: 2024-12-25T01:55:04.260Z,
    docinhosCoco: 61,
    __v: 0
  },
  {
    _id: new ObjectId('67d6742c0b7b3d7c356440b9'),
    id: 'dae968cc-8eb8-4dbd-b7ee-523020909708',
    vendedorId: '9d375454-9848-46cd-a228-1233634f500f',
    data: 2024-12-27T13:54:50.669Z,
    docinhosCoco: 80,
    __v: 0
  },
  {
    _id: new ObjectId('67d6742d0b7b3d7c356440db'),
    id: '98e7d219-3ecb-41eb-b384-3f950185ca28',
    vendedorId: '9d375454-9848-46cd-a228-1233634f500f',
    data: 2024-12-28T12:19:28.199Z,
    docinhosCoco: 56,
    __v: 0
  },
  {
    _id: new ObjectId('67d674300b7b3d7c35644111'),
    id: 'b2fe40a1-c70d-4036-adc3-e3d14588b4df',
    vendedorId: '9d375454-9848-46cd-a228-1233634f500f',
    data: 2024-12-29T17:19:02.765Z,
    docinhosCoco: 117,
    __v: 0
  },
  {
    _id: new ObjectId('67d674350b7b3d7c35644173'),
    id: 'f6b78870-a0eb-4120-9dde-eb1483d3d31e',
    vendedorId: '9d375454-9848-46cd-a228-1233634f500f',
    data: 2025-01-01T12:38:47.439Z,
    docinhosCoco: 44,
    __v: 0
  },
  {
    _id: new ObjectId('67d674390b7b3d7c356441cb'),
    id: '50da41dc-e67f-4f89-835b-1ae9ae6ac59f',
    vendedorId: '9d375454-9848-46cd-a228-1233634f500f',
    data: 2025-01-04T18:52:38.283Z,
    docinhosCoco: 53,
    __v: 0
  },
  {
    _id: new ObjectId('67d6743f0b7b3d7c35644235'),
    id: '9c2b5b4f-95d7-4bdc-8665-e7048f08880b',
    vendedorId: '9d375454-9848-46cd-a228-1233634f500f',
    data: 2025-01-08T12:49:04.383Z,
    docinhosCoco: 34,
    __v: 0
  },
  {
    _id: new ObjectId('67d674440b7b3d7c35644297'),
    id: '583f9b40-4721-437b-90cd-661fe794b0d1',
    vendedorId: '9d375454-9848-46cd-a228-1233634f500f',
    data: 2025-01-11T14:52:28.084Z,
    docinhosCoco: 101,
    __v: 0
  },
  {
    _id: new ObjectId('67d674470b7b3d7c356442e1'),
    id: '0cfdc21b-ed4a-4d4b-ace1-8e42e08568ef',
    vendedorId: '9d375454-9848-46cd-a228-1233634f500f',
    data: 2025-01-14T07:14:28.648Z,
    docinhosCoco: 61,
    __v: 0
  },
  {
    _id: new ObjectId('67d6744b0b7b3d7c35644325'),
    id: 'fd60da3b-6f3c-4c4e-8688-af94349fc176',
    vendedorId: '9d375454-9848-46cd-a228-1233634f500f',
    data: 2025-01-16T19:11:35.141Z,
    docinhosCoco: 80,
    __v: 0
  },
  {
    _id: new ObjectId('67d6744c0b7b3d7c35644339'),
    id: 'afd29a69-20af-4829-9c60-81cf835507bb',
    vendedorId: '9d375454-9848-46cd-a228-1233634f500f',
    data: 2025-01-17T12:15:49.654Z,
    docinhosCoco: 66,
    __v: 0
  },
  {
    _id: new ObjectId('67d674550b7b3d7c356443eb'),
    id: '294f4eb8-461b-4c14-b0d7-db551f25d86e',
    vendedorId: '9d375454-9848-46cd-a228-1233634f500f',
    data: 2025-01-23T02:50:48.055Z,
    docinhosCoco: 70,
    __v: 0
  },
  {
    _id: new ObjectId('67d674570b7b3d7c35644413'),
    id: 'a3b9e282-6f0f-4be5-93dc-00e75fb0ad1c',
    vendedorId: '9d375454-9848-46cd-a228-1233634f500f',
    data: 2025-01-24T20:35:56.736Z,
    docinhosCoco: 66,
    __v: 0
  },
  {
    _id: new ObjectId('67d674580b7b3d7c35644429'),
    id: 'b822e72c-c1ed-45e3-8d34-1a0813fb396d',
    vendedorId: '9d375454-9848-46cd-a228-1233634f500f',
    data: 2025-01-25T11:05:29.106Z,
    docinhosCoco: 49,
    __v: 0
  },
  {
    _id: new ObjectId('67d6745b0b7b3d7c35644459'),
    id: 'cd81b6ca-b10d-429b-986d-a2103f421a18',
    vendedorId: '9d375454-9848-46cd-a228-1233634f500f',
    data: 2025-01-26T20:39:15.555Z,
    docinhosCoco: 71,
    __v: 0
  },
  {
    _id: new ObjectId('67d6745e0b7b3d7c35644499'),
    id: 'c8d75db6-3d8e-4016-b5fc-450ee84fd41e',
    vendedorId: '9d375454-9848-46cd-a228-1233634f500f',
    data: 2025-01-28T19:46:59.140Z,
    docinhosCoco: 37,
    __v: 0
  },
  {
    _id: new ObjectId('67d674640b7b3d7c35644507'),
    id: '24cc2f5e-2880-45f1-8a89-bc8a62a49bb6',
    vendedorId: '9d375454-9848-46cd-a228-1233634f500f',
    data: 2025-02-01T09:50:54.650Z,
    docinhosCoco: 80,
    __v: 0
  },
  {
    _id: new ObjectId('67d674660b7b3d7c3564451b'),
    id: '1e2ddc59-1109-4aad-b769-1acfd0d39076',
    vendedorId: '9d375454-9848-46cd-a228-1233634f500f',
    data: 2025-02-01T22:05:24.418Z,
    docinhosCoco: 81,
    __v: 0
  },
  {
    _id: new ObjectId('67d674660b7b3d7c3564452b'),
    id: '9ff3660d-0421-48ed-b5d6-3924fc05261a',
    vendedorId: '9d375454-9848-46cd-a228-1233634f500f',
    data: 2025-02-02T12:06:44.393Z,
    docinhosCoco: 71,
    __v: 0
  },
  {
    _id: new ObjectId('67d6746d0b7b3d7c356445b1'),
    id: 'b5ea63f6-73a6-4fd5-8035-86e2cc50596a',
    vendedorId: '9d375454-9848-46cd-a228-1233634f500f',
    data: 2025-02-06T14:38:03.939Z,
    docinhosCoco: 43,
    __v: 0
  },
  {
    _id: new ObjectId('67d6746f0b7b3d7c356445cd'),
    id: 'f90e685f-b1f0-4247-a94c-b1e7d3b3a667',
    vendedorId: '9d375454-9848-46cd-a228-1233634f500f',
    data: 2025-02-07T09:17:03.522Z,
    docinhosCoco: 66,
    __v: 0
  },
  {
    _id: new ObjectId('67d674740b7b3d7c3564463d'),
    id: '683a8e35-4c64-4202-b3c6-35983ab5ee54',
    vendedorId: '9d375454-9848-46cd-a228-1233634f500f',
    data: 2025-02-10T20:51:17.999Z,
    docinhosCoco: 57,
    __v: 0
  },
  {
    _id: new ObjectId('67d674790b7b3d7c3564468f'),
    id: 'ed91adec-44e8-4c1c-8ab4-7915b78cdcf4',
    vendedorId: '9d375454-9848-46cd-a228-1233634f500f',
    data: 2025-02-13T10:33:42.758Z,
    docinhosCoco: 50,
    __v: 0
  },
  {
    _id: new ObjectId('67d6747c0b7b3d7c356446db'),
    id: '9d495f70-04e3-466e-a80b-9e882e396799',
    vendedorId: '9d375454-9848-46cd-a228-1233634f500f',
    data: 2025-02-15T09:32:49.850Z,
    docinhosCoco: 85,
    __v: 0
  },
  {
    _id: new ObjectId('67d6747e0b7b3d7c356446ff'),
    id: 'bec75ceb-4a4b-4d35-8d63-7381c6ab4643',
    vendedorId: '9d375454-9848-46cd-a228-1233634f500f',
    data: 2025-02-16T14:35:09.933Z,
    docinhosCoco: 89,
    __v: 0
  },
  {
    _id: new ObjectId('67d6747f0b7b3d7c3564470d'),
    id: '71cf8354-8bfd-4464-8eef-94bbe6f1847f',
    vendedorId: '9d375454-9848-46cd-a228-1233634f500f',
    data: 2025-02-17T00:39:20.013Z,
    docinhosCoco: 45,
    __v: 0
  },
  {
    _id: new ObjectId('67d674850b7b3d7c35644779'),
    id: '90f4dd3a-bb14-4caf-877e-9ce7c5900a7d',
    vendedorId: '9d375454-9848-46cd-a228-1233634f500f',
    data: 2025-02-20T08:16:46.658Z,
    docinhosCoco: 75,
    __v: 0
  },
  {
    _id: new ObjectId('67d674890b7b3d7c356447c9'),
    id: '118f72a9-8ae6-4408-9fcc-8a0d8cf62167',
    vendedorId: '9d375454-9848-46cd-a228-1233634f500f',
    data: 2025-02-23T17:53:53.627Z,
    docinhosCoco: 40,
    __v: 0
  },
  {
    _id: new ObjectId('67d674890b7b3d7c356447d7'),
    id: 'c621dc38-7a84-40de-821e-19475126d847',
    vendedorId: '9d375454-9848-46cd-a228-1233634f500f',
    data: 2025-02-24T13:09:02.279Z,
    docinhosCoco: 67,
    __v: 0
  },
  {
    _id: new ObjectId('67d6748a0b7b3d7c356447e1'),
    id: '8fa5fc90-9f91-454f-88d9-fccd2b26a9c3',
    vendedorId: '9d375454-9848-46cd-a228-1233634f500f',
    data: 2025-02-24T18:50:46.934Z,
    docinhosCoco: 36,
    __v: 0
  },
  {
    _id: new ObjectId('67d6748a0b7b3d7c356447ed'),
    id: 'b33bac7d-ae3e-4199-8c2b-1bfd9c0c1d2f',
    vendedorId: '9d375454-9848-46cd-a228-1233634f500f',
    data: 2025-02-25T11:37:32.018Z,
    docinhosCoco: 43,
    __v: 0
  },
  {
    _id: new ObjectId('67d6748b0b7b3d7c356447ff'),
    id: 'c69e4799-dfbc-4d2d-a05f-8b1cfa0146b6',
    vendedorId: '9d375454-9848-46cd-a228-1233634f500f',
    data: 2025-02-26T01:55:29.491Z,
    docinhosCoco: 41,
    __v: 0
  },
  {
    _id: new ObjectId('67d6748e0b7b3d7c35644833'),
    id: 'b365aa4e-11fa-4d65-b3f1-c6e72c393512',
    vendedorId: '9d375454-9848-46cd-a228-1233634f500f',
    data: 2025-02-27T19:30:10.165Z,
    docinhosCoco: 78,
    __v: 0
  },
  {
    _id: new ObjectId('67d674900b7b3d7c3564485d'),
    id: 'b8e91f1d-376e-470e-a9d0-4dbb7d4d5bd9',
    vendedorId: '9d375454-9848-46cd-a228-1233634f500f',
    data: 2025-03-01T01:23:54.582Z,
    docinhosCoco: 75,
    __v: 0
  },
  {
    _id: new ObjectId('67d674900b7b3d7c35644863'),
    id: 'c9b38ee6-2c65-4cc3-8ba1-e5aed3a88280',
    vendedorId: '9d375454-9848-46cd-a228-1233634f500f',
    data: 2025-03-01T13:30:25.770Z,
    docinhosCoco: 59,
    __v: 0
  },
  {
    _id: new ObjectId('67d674940b7b3d7c356448a9'),
    id: '02ad614a-6a25-40d5-b2f8-b89c5cda6cd4',
    vendedorId: '9d375454-9848-46cd-a228-1233634f500f',
    data: 2025-03-03T16:18:43.537Z,
    docinhosCoco: 56,
    __v: 0
  },
  {
    _id: new ObjectId('67d674950b7b3d7c356448bd'),
    id: '8a8159b0-0593-4f0f-98d1-ed913b865a48',
    vendedorId: '9d375454-9848-46cd-a228-1233634f500f',
    data: 2025-03-04T03:16:18.554Z,
    docinhosCoco: 75,
    __v: 0
  },
  {
    _id: new ObjectId('67d674950b7b3d7c356448c3'),
    id: 'f9daa76e-e298-4a07-a045-bb2bc9407fb7',
    vendedorId: '9d375454-9848-46cd-a228-1233634f500f',
    data: 2025-03-04T06:47:52.564Z,
    docinhosCoco: 55,
    __v: 0
  },
  {
    _id: new ObjectId('67d6749b0b7b3d7c35644933'),
    id: '45a30c39-f481-4903-894b-7587126f20d6',
    vendedorId: '9d375454-9848-46cd-a228-1233634f500f',
    data: 2025-03-08T10:46:03.503Z,
    docinhosCoco: 83,
    __v: 0
  },
  {
    _id: new ObjectId('67d6749d0b7b3d7c35644959'),
    id: 'ed0db179-763e-49a7-91e8-b8d0e0f6fee1',
    vendedorId: '9d375454-9848-46cd-a228-1233634f500f',
    data: 2025-03-09T20:00:05.310Z,
    docinhosCoco: 75,
    __v: 0
  },
  {
    _id: new ObjectId('67d674a00b7b3d7c35644999'),
    id: 'e75d2d5e-3fc3-425a-ada4-bff82e59aee9',
    vendedorId: '9d375454-9848-46cd-a228-1233634f500f',
    data: 2025-03-11T13:56:52.774Z,
    docinhosCoco: 70,
    __v: 0
  },
  {
    _id: new ObjectId('67d674a60b7b3d7c35644a13'),
    id: '47847262-7e88-42aa-91c3-f3957b3bad8a',
    vendedorId: '9d375454-9848-46cd-a228-1233634f500f',
    data: 2025-03-15T10:23:55.854Z,
    docinhosCoco: 63,
    __v: 0
  }
]
✅ Processado vendedor: Gustavo Morais
Debug - Repository - Query params: {
  vendedorId: 'bd9c35ab-330d-44da-b935-c2d1733551da',
  dataInicio: 2024-09-17T03:00:00.000Z,
  dataFim: 2025-03-18T02:59:59.999Z
}
Debug - Repository - MongoDB query: {
  vendedorId: 'bd9c35ab-330d-44da-b935-c2d1733551da',
  data: { '$gte': 1726542000000, '$lte': 1742266799999 }
}
Debug - Repository - Resultado encontrado: [
  {
    _id: new ObjectId('67c9968990c4d048db4a8f92'),
    id: '708b7db5-cd60-4b8c-9815-8cacdc5db2fd',
    vendedorId: 'bd9c35ab-330d-44da-b935-c2d1733551da',
    data: 2025-01-19T00:00:00.000Z,
    docinhosCoco: 776,
    __v: 0
  },
  {
    _id: new ObjectId('67c996a190c4d048db4a8fca'),
    id: 'e35b8384-3786-4eb7-aa06-2942572a1127',
    vendedorId: 'bd9c35ab-330d-44da-b935-c2d1733551da',
    data: 2025-01-17T00:00:00.000Z,
    docinhosCoco: 1629,
    __v: 0
  },
  {
    _id: new ObjectId('67c996ba90c4d048db4a9004'),
    id: '79ce2e72-d7d0-41b8-84bf-7f9b915555b1',
    vendedorId: 'bd9c35ab-330d-44da-b935-c2d1733551da',
    data: 2025-01-16T00:00:00.000Z,
    docinhosCoco: 983,
    __v: 0
  },
  {
    _id: new ObjectId('67c997e490c4d048db4a9051'),
    id: '0520e338-a0d7-435c-ba66-f63418c10f8a',
    vendedorId: 'bd9c35ab-330d-44da-b935-c2d1733551da',
    data: 2025-02-04T00:00:00.000Z,
    docinhosCoco: 1612,
    __v: 0
  },
  {
    _id: new ObjectId('67c9980790c4d048db4a90a5'),
    id: 'b7a413b8-0e90-41c5-9f97-fe07e4f12f94',
    vendedorId: 'bd9c35ab-330d-44da-b935-c2d1733551da',
    data: 2025-02-17T00:00:00.000Z,
    docinhosCoco: 735,
    __v: 0
  },
  {
    _id: new ObjectId('67d6738e0b7b3d7c356434a3'),
    id: 'a6195c83-898c-492e-b24a-25f700cc56a5',
    vendedorId: 'bd9c35ab-330d-44da-b935-c2d1733551da',
    data: 2024-09-18T01:24:06.169Z,
    docinhosCoco: 48,
    __v: 0
  },
  {
    _id: new ObjectId('67d673970b7b3d7c3564354d'),
    id: '6151573b-bd46-4faf-81e2-6ecabc749121',
    vendedorId: 'bd9c35ab-330d-44da-b935-c2d1733551da',
    data: 2024-09-23T11:06:22.206Z,
    docinhosCoco: 68,
    __v: 0
  },
  {
    _id: new ObjectId('67d673970b7b3d7c3564355b'),
    id: '580f46ad-18af-4aba-8154-6f8740835cef',
    vendedorId: 'bd9c35ab-330d-44da-b935-c2d1733551da',
    data: 2024-09-23T18:23:00.244Z,
    docinhosCoco: 37,
    __v: 0
  },
  {
    _id: new ObjectId('67d673980b7b3d7c35643563'),
    id: 'b4ec8200-8be1-4a0d-a3ff-ff9147ecee26',
    vendedorId: 'bd9c35ab-330d-44da-b935-c2d1733551da',
    data: 2024-09-24T02:34:17.763Z,
    docinhosCoco: 52,
    __v: 0
  },
  {
    _id: new ObjectId('67d673980b7b3d7c3564356d'),
    id: 'fdbac547-6d7e-40d3-8627-f9701c2b6d72',
    vendedorId: 'bd9c35ab-330d-44da-b935-c2d1733551da',
    data: 2024-09-24T08:14:04.816Z,
    docinhosCoco: 34,
    __v: 0
  },
  {
    _id: new ObjectId('67d6739e0b7b3d7c356435df'),
    id: '90d1d99c-cb92-4aad-a182-64d5b60b6ae3',
    vendedorId: 'bd9c35ab-330d-44da-b935-c2d1733551da',
    data: 2024-09-28T04:35:20.414Z,
    docinhosCoco: 42,
    __v: 0
  },
  {
    _id: new ObjectId('67d673a90b7b3d7c356436b7'),
    id: 'b701c4a5-2461-4b44-a5bb-76c66ddaa9d2',
    vendedorId: 'bd9c35ab-330d-44da-b935-c2d1733551da',
    data: 2024-10-06T06:01:37.713Z,
    docinhosCoco: 62,
    __v: 0
  },
  {
    _id: new ObjectId('67d673aa0b7b3d7c356436d3'),
    id: 'e1228f90-5a73-4084-afa4-5ee36c8f85df',
    vendedorId: 'bd9c35ab-330d-44da-b935-c2d1733551da',
    data: 2024-10-06T21:52:32.955Z,
    docinhosCoco: 94,
    __v: 0
  },
  {
    _id: new ObjectId('67d673ad0b7b3d7c35643703'),
    id: '26c3ee27-5f70-452b-9353-753b3cc7e1f2',
    vendedorId: 'bd9c35ab-330d-44da-b935-c2d1733551da',
    data: 2024-10-09T02:30:26.575Z,
    docinhosCoco: 66,
    __v: 0
  },
  {
    _id: new ObjectId('67d673b30b7b3d7c35643779'),
    id: '2888080a-9c69-4697-8097-6e6ea2afae5f',
    vendedorId: 'bd9c35ab-330d-44da-b935-c2d1733551da',
    data: 2024-10-13T00:31:46.059Z,
    docinhosCoco: 57,
    __v: 0
  },
  {
    _id: new ObjectId('67d673b70b7b3d7c356437cd'),
    id: '4074467f-0b55-42f1-8921-d7ef5554ecc8',
    vendedorId: 'bd9c35ab-330d-44da-b935-c2d1733551da',
    data: 2024-10-15T23:38:18.160Z,
    docinhosCoco: 43,
    __v: 0
  },
  {
    _id: new ObjectId('67d673b80b7b3d7c356437dd'),
    id: 'bd5490af-2db5-4c0c-a416-2b8903d25eb8',
    vendedorId: 'bd9c35ab-330d-44da-b935-c2d1733551da',
    data: 2024-10-16T17:29:35.149Z,
    docinhosCoco: 76,
    __v: 0
  },
  {
    _id: new ObjectId('67d673b90b7b3d7c356437ef'),
    id: '016cbb69-ec87-43d0-9824-fbc075d5d242',
    vendedorId: 'bd9c35ab-330d-44da-b935-c2d1733551da',
    data: 2024-10-17T07:26:08.822Z,
    docinhosCoco: 58,
    __v: 0
  },
  {
    _id: new ObjectId('67d673bb0b7b3d7c3564380d'),
    id: '208b5ad7-d308-4c20-84a9-32846769684c',
    vendedorId: 'bd9c35ab-330d-44da-b935-c2d1733551da',
    data: 2024-10-18T00:06:20.651Z,
    docinhosCoco: 41,
    __v: 0
  },
  {
    _id: new ObjectId('67d673bb0b7b3d7c35643819'),
    id: '9582404c-13df-4b5c-872e-b2845a923519',
    vendedorId: 'bd9c35ab-330d-44da-b935-c2d1733551da',
    data: 2024-10-18T13:23:00.893Z,
    docinhosCoco: 53,
    __v: 0
  },
  {
    _id: new ObjectId('67d673bc0b7b3d7c3564382d'),
    id: '0e51de62-8f47-4eec-adac-db5c374d1f9f',
    vendedorId: 'bd9c35ab-330d-44da-b935-c2d1733551da',
    data: 2024-10-19T03:40:47.480Z,
    docinhosCoco: 66,
    __v: 0
  },
  {
    _id: new ObjectId('67d673bf0b7b3d7c35643865'),
    id: 'bbb6342a-1517-4d00-a64b-e40b92d10196',
    vendedorId: 'bd9c35ab-330d-44da-b935-c2d1733551da',
    data: 2024-10-20T15:59:16.778Z,
    docinhosCoco: 88,
    __v: 0
  },
  {
    _id: new ObjectId('67d673c20b7b3d7c3564389d'),
    id: 'f0237450-5b6b-45b3-9f6f-a6ecd48a2d85',
    vendedorId: 'bd9c35ab-330d-44da-b935-c2d1733551da',
    data: 2024-10-22T12:41:18.387Z,
    docinhosCoco: 66,
    __v: 0
  },
  {
    _id: new ObjectId('67d673c50b7b3d7c356438dd'),
    id: 'ef936efc-6ea4-447d-ac9b-f7c194b2a4f6',
    vendedorId: 'bd9c35ab-330d-44da-b935-c2d1733551da',
    data: 2024-10-24T19:41:48.715Z,
    docinhosCoco: 46,
    __v: 0
  },
  {
    _id: new ObjectId('67d673c90b7b3d7c3564392f'),
    id: '0cb545ed-ac00-4cab-acc6-296da3792c70',
    vendedorId: 'bd9c35ab-330d-44da-b935-c2d1733551da',
    data: 2024-10-27T06:31:55.646Z,
    docinhosCoco: 55,
    __v: 0
  },
  {
    _id: new ObjectId('67d673cc0b7b3d7c35643969'),
    id: 'c23795f3-972e-4e22-a1d6-668a9bd46651',
    vendedorId: 'bd9c35ab-330d-44da-b935-c2d1733551da',
    data: 2024-10-29T15:55:02.378Z,
    docinhosCoco: 46,
    __v: 0
  },
  {
    _id: new ObjectId('67d673ce0b7b3d7c35643993'),
    id: 'b40d55f3-d64a-4b21-ab55-4a9a01b4c370',
    vendedorId: 'bd9c35ab-330d-44da-b935-c2d1733551da',
    data: 2024-10-31T07:53:05.973Z,
    docinhosCoco: 42,
    __v: 0
  },
  {
    _id: new ObjectId('67d673ce0b7b3d7c35643995'),
    id: 'e9905ab5-c7b6-4eb9-b020-540d50961977',
    vendedorId: 'bd9c35ab-330d-44da-b935-c2d1733551da',
    data: 2024-10-31T12:11:16.937Z,
    docinhosCoco: 64,
    __v: 0
  },
  {
    _id: new ObjectId('67d673d60b7b3d7c35643a21'),
    id: '44b28b89-494c-4daa-89c9-9855b864bda0',
    vendedorId: 'bd9c35ab-330d-44da-b935-c2d1733551da',
    data: 2024-11-04T20:14:47.964Z,
    docinhosCoco: 63,
    __v: 0
  },
  {
    _id: new ObjectId('67d673d70b7b3d7c35643a33'),
    id: 'ce6e90c7-bff5-4082-8130-6e4d26e0aec9',
    vendedorId: 'bd9c35ab-330d-44da-b935-c2d1733551da',
    data: 2024-11-05T05:15:05.972Z,
    docinhosCoco: 59,
    __v: 0
  },
  {
    _id: new ObjectId('67d673d70b7b3d7c35643a41'),
    id: '877d3d40-357f-4ff0-b10b-dc865560fd45',
    vendedorId: 'bd9c35ab-330d-44da-b935-c2d1733551da',
    data: 2024-11-05T11:32:57.405Z,
    docinhosCoco: 48,
    __v: 0
  },
  {
    _id: new ObjectId('67d673d80b7b3d7c35643a4d'),
    id: '11a7ebb6-a3cd-46ae-bdb3-56b1f21b423c',
    vendedorId: 'bd9c35ab-330d-44da-b935-c2d1733551da',
    data: 2024-11-05T17:23:07.571Z,
    docinhosCoco: 66,
    __v: 0
  },
  {
    _id: new ObjectId('67d673d90b7b3d7c35643a63'),
    id: '2d4834e3-88ed-4003-828f-7181b0a09e45',
    vendedorId: 'bd9c35ab-330d-44da-b935-c2d1733551da',
    data: 2024-11-06T09:34:19.065Z,
    docinhosCoco: 34,
    __v: 0
  },
  {
    _id: new ObjectId('67d673da0b7b3d7c35643a6f'),
    id: '450b9554-5e41-4769-99a0-b4c0531948af',
    vendedorId: 'bd9c35ab-330d-44da-b935-c2d1733551da',
    data: 2024-11-06T13:45:00.097Z,
    docinhosCoco: 74,
    __v: 0
  },
  {
    _id: new ObjectId('67d673db0b7b3d7c35643a85'),
    id: 'd00872db-3710-45f7-ae5d-f5f2c6bec540',
    vendedorId: 'bd9c35ab-330d-44da-b935-c2d1733551da',
    data: 2024-11-06T23:37:28.535Z,
    docinhosCoco: 45,
    __v: 0
  },
  {
    _id: new ObjectId('67d673db0b7b3d7c35643a91'),
    id: '74469393-5f32-4b0f-b10a-1aa58031c7da',
    vendedorId: 'bd9c35ab-330d-44da-b935-c2d1733551da',
    data: 2024-11-07T03:43:03.631Z,
    docinhosCoco: 64,
    __v: 0
  },
  {
    _id: new ObjectId('67d673e40b7b3d7c35643b45'),
    id: '1e0f408e-4230-43d0-9613-e33994f27c9e',
    vendedorId: 'bd9c35ab-330d-44da-b935-c2d1733551da',
    data: 2024-11-13T04:24:02.479Z,
    docinhosCoco: 58,
    __v: 0
  },
  {
    _id: new ObjectId('67d673e50b7b3d7c35643b57'),
    id: '583e4983-c8f0-443c-ac2a-d73c1b971cc6',
    vendedorId: 'bd9c35ab-330d-44da-b935-c2d1733551da',
    data: 2024-11-13T16:00:12.738Z,
    docinhosCoco: 39,
    __v: 0
  },
  {
    _id: new ObjectId('67d673e60b7b3d7c35643b67'),
    id: '82e7126b-d181-47d9-a63c-7aa55e267a32',
    vendedorId: 'bd9c35ab-330d-44da-b935-c2d1733551da',
    data: 2024-11-14T06:42:32.061Z,
    docinhosCoco: 73,
    __v: 0
  },
  {
    _id: new ObjectId('67d673e70b7b3d7c35643b6f'),
    id: '99f91c7e-5ba0-4d4c-b043-a5ce2a6d115a',
    vendedorId: 'bd9c35ab-330d-44da-b935-c2d1733551da',
    data: 2024-11-14T09:13:39.403Z,
    docinhosCoco: 42,
    __v: 0
  },
  {
    _id: new ObjectId('67d673e90b7b3d7c35643ba1'),
    id: 'f7cd5d16-5175-49ad-aadc-bd63db981b0f',
    vendedorId: 'bd9c35ab-330d-44da-b935-c2d1733551da',
    data: 2024-11-15T23:25:23.193Z,
    docinhosCoco: 73,
    __v: 0
  },
  {
    _id: new ObjectId('67d673f30b7b3d7c35643c57'),
    id: '34ec3e4d-fa4b-464b-a57c-75ed37402ba7',
    vendedorId: 'bd9c35ab-330d-44da-b935-c2d1733551da',
    data: 2024-11-22T01:46:45.180Z,
    docinhosCoco: 57,
    __v: 0
  },
  {
    _id: new ObjectId('67d673f40b7b3d7c35643c7b'),
    id: 'c237373a-4836-4da6-98fe-1574566f769f',
    vendedorId: 'bd9c35ab-330d-44da-b935-c2d1733551da',
    data: 2024-11-22T19:44:03.435Z,
    docinhosCoco: 34,
    __v: 0
  },
  {
    _id: new ObjectId('67d673f50b7b3d7c35643c8d'),
    id: '21b6b484-27ba-4e27-98d0-6bdd4c1656f5',
    vendedorId: 'bd9c35ab-330d-44da-b935-c2d1733551da',
    data: 2024-11-23T06:56:55.524Z,
    docinhosCoco: 48,
    __v: 0
  },
  {
    _id: new ObjectId('67d673f60b7b3d7c35643c9f'),
    id: '678844d8-c405-4b8a-a878-cfbd136ef564',
    vendedorId: 'bd9c35ab-330d-44da-b935-c2d1733551da',
    data: 2024-11-23T17:01:46.066Z,
    docinhosCoco: 58,
    __v: 0
  },
  {
    _id: new ObjectId('67d673f80b7b3d7c35643cc3'),
    id: '4337b4d8-bfb9-4b32-8c93-5ad0e41c915d',
    vendedorId: 'bd9c35ab-330d-44da-b935-c2d1733551da',
    data: 2024-11-24T21:30:53.000Z,
    docinhosCoco: 62,
    __v: 0
  },
  {
    _id: new ObjectId('67d673f90b7b3d7c35643cd5'),
    id: '9d39d7ef-c1e7-4003-b739-5e2ebb991895',
    vendedorId: 'bd9c35ab-330d-44da-b935-c2d1733551da',
    data: 2024-11-25T11:43:20.188Z,
    docinhosCoco: 37,
    __v: 0
  },
  {
    _id: new ObjectId('67d673fd0b7b3d7c35643d1f'),
    id: 'c7aa6139-1ceb-49fc-8a29-10f6ab69f0fe',
    vendedorId: 'bd9c35ab-330d-44da-b935-c2d1733551da',
    data: 2024-11-27T19:52:09.710Z,
    docinhosCoco: 44,
    __v: 0
  },
  {
    _id: new ObjectId('67d673fd0b7b3d7c35643d2d'),
    id: '065cad81-ea07-4fd5-bf9a-7c5ff780d6e3',
    vendedorId: 'bd9c35ab-330d-44da-b935-c2d1733551da',
    data: 2024-11-28T05:34:13.419Z,
    docinhosCoco: 66,
    __v: 0
  },
  {
    _id: new ObjectId('67d673fe0b7b3d7c35643d37'),
    id: 'dc7f795f-61dc-412d-b0c6-5f140a9bc6d1',
    vendedorId: 'bd9c35ab-330d-44da-b935-c2d1733551da',
    data: 2024-11-28T11:37:36.951Z,
    docinhosCoco: 48,
    __v: 0
  },
  {
    _id: new ObjectId('67d674000b7b3d7c35643d63'),
    id: 'e2c9692a-84c5-414b-ad48-236a65aac6c2',
    vendedorId: 'bd9c35ab-330d-44da-b935-c2d1733551da',
    data: 2024-11-30T02:36:29.359Z,
    docinhosCoco: 49,
    __v: 0
  },
  {
    _id: new ObjectId('67d674030b7b3d7c35643d93'),
    id: '41687e64-7c58-4b0c-946c-40057717fdbc',
    vendedorId: 'bd9c35ab-330d-44da-b935-c2d1733551da',
    data: 2024-12-01T02:38:06.190Z,
    docinhosCoco: 91,
    __v: 0
  },
  {
    _id: new ObjectId('67d6740d0b7b3d7c35643e61'),
    id: 'f48204ca-0c65-446a-ae11-881ff8b66a07',
    vendedorId: 'bd9c35ab-330d-44da-b935-c2d1733551da',
    data: 2024-12-07T20:49:38.298Z,
    docinhosCoco: 117,
    __v: 0
  },
  {
    _id: new ObjectId('67d674110b7b3d7c35643eb7'),
    id: 'fa3f55cd-e839-44c1-8c7c-6d45f8e35364',
    vendedorId: 'bd9c35ab-330d-44da-b935-c2d1733551da',
    data: 2024-12-10T19:30:19.712Z,
    docinhosCoco: 75,
    __v: 0
  },
  {
    _id: new ObjectId('67d674140b7b3d7c35643ef3'),
    id: '53fa4913-2a31-4bb0-89a8-6ee05f6b77d7',
    vendedorId: 'bd9c35ab-330d-44da-b935-c2d1733551da',
    data: 2024-12-12T23:25:10.427Z,
    docinhosCoco: 43,
    __v: 0
  },
  {
    _id: new ObjectId('67d674150b7b3d7c35643ef9'),
    id: '13d4b9c5-f6c9-4720-ba9d-e6eae64127b0',
    vendedorId: 'bd9c35ab-330d-44da-b935-c2d1733551da',
    data: 2024-12-13T01:51:33.900Z,
    docinhosCoco: 43,
    __v: 0
  },
  {
    _id: new ObjectId('67d674170b7b3d7c35643f2d'),
    id: '764731fc-ce6f-4ac6-b71b-0e05e3bbbd3c',
    vendedorId: 'bd9c35ab-330d-44da-b935-c2d1733551da',
    data: 2024-12-14T10:09:43.766Z,
    docinhosCoco: 47,
    __v: 0
  },
  {
    _id: new ObjectId('67d6741b0b7b3d7c35643f6b'),
    id: 'afe60eec-ce42-4cb1-9ab0-5d831362a03f',
    vendedorId: 'bd9c35ab-330d-44da-b935-c2d1733551da',
    data: 2024-12-16T08:33:35.492Z,
    docinhosCoco: 40,
    __v: 0
  },
  {
    _id: new ObjectId('67d674250b7b3d7c35644039'),
    id: 'e5213fd9-20b6-4058-b4f7-24e54aa13fd6',
    vendedorId: 'bd9c35ab-330d-44da-b935-c2d1733551da',
    data: 2024-12-23T13:31:01.631Z,
    docinhosCoco: 42,
    __v: 0
  },
  {
    _id: new ObjectId('67d674250b7b3d7c35644041'),
    id: '60af8a97-440f-44ba-bb43-e6f568c74da5',
    vendedorId: 'bd9c35ab-330d-44da-b935-c2d1733551da',
    data: 2024-12-23T16:39:31.654Z,
    docinhosCoco: 84,
    __v: 0
  },
  {
    _id: new ObjectId('67d674260b7b3d7c3564404b'),
    id: '60926001-275f-42fc-bb7b-9c9b808233b9',
    vendedorId: 'bd9c35ab-330d-44da-b935-c2d1733551da',
    data: 2024-12-23T21:24:33.238Z,
    docinhosCoco: 39,
    __v: 0
  },
  {
    _id: new ObjectId('67d6742c0b7b3d7c356440bd'),
    id: 'd7ffea13-016c-4346-bbb9-19a35ef48f2a',
    vendedorId: 'bd9c35ab-330d-44da-b935-c2d1733551da',
    data: 2024-12-27T17:37:27.232Z,
    docinhosCoco: 54,
    __v: 0
  },
  {
    _id: new ObjectId('67d6742f0b7b3d7c356440f7'),
    id: '66abb6cf-2af5-4fcd-9991-b8c8b4e677e5',
    vendedorId: 'bd9c35ab-330d-44da-b935-c2d1733551da',
    data: 2024-12-29T07:21:08.771Z,
    docinhosCoco: 56,
    __v: 0
  },
  {
    _id: new ObjectId('67d674310b7b3d7c3564412f'),
    id: '185917cb-6ec3-40e4-9a26-8e16b03dfea4',
    vendedorId: 'bd9c35ab-330d-44da-b935-c2d1733551da',
    data: 2024-12-30T13:16:54.252Z,
    docinhosCoco: 62,
    __v: 0
  },
  {
    _id: new ObjectId('67d674350b7b3d7c3564416b'),
    id: '312e0e1c-f6b2-4515-ac52-2f45b9c4c4f6',
    vendedorId: 'bd9c35ab-330d-44da-b935-c2d1733551da',
    data: 2025-01-01T08:23:45.992Z,
    docinhosCoco: 45,
    __v: 0
  },
  {
    _id: new ObjectId('67d674360b7b3d7c35644187'),
    id: 'ee20e86d-4d3b-4e3c-9664-3d595b2ceec5',
    vendedorId: 'bd9c35ab-330d-44da-b935-c2d1733551da',
    data: 2025-01-02T10:30:40.810Z,
    docinhosCoco: 67,
    __v: 0
  },
  {
    _id: new ObjectId('67d674380b7b3d7c356441ab'),
    id: '7b60a38c-c420-4e79-9c0c-ab7308276e5b',
    vendedorId: 'bd9c35ab-330d-44da-b935-c2d1733551da',
    data: 2025-01-03T07:16:41.705Z,
    docinhosCoco: 35,
    __v: 0
  },
  {
    _id: new ObjectId('67d674390b7b3d7c356441cd'),
    id: '3ad5e953-b685-457b-b073-4bbf1ed06dc7',
    vendedorId: 'bd9c35ab-330d-44da-b935-c2d1733551da',
    data: 2025-01-04T20:08:11.449Z,
    docinhosCoco: 78,
    __v: 0
  },
  {
    _id: new ObjectId('67d6743b0b7b3d7c356441eb'),
    id: '78697c20-ab5c-4052-9612-9cf597001a2b',
    vendedorId: 'bd9c35ab-330d-44da-b935-c2d1733551da',
    data: 2025-01-05T14:50:41.045Z,
    docinhosCoco: 88,
    __v: 0
  },
  {
    _id: new ObjectId('67d6743c0b7b3d7c356441f5'),
    id: '5595f4dd-e712-489e-a647-81bca2b2286a',
    vendedorId: 'bd9c35ab-330d-44da-b935-c2d1733551da',
    data: 2025-01-06T06:23:16.860Z,
    docinhosCoco: 45,
    __v: 0
  },
  {
    _id: new ObjectId('67d6743c0b7b3d7c35644201'),
    id: 'e1c3aec5-1d96-4ea4-bc94-f8acb81eb620',
    vendedorId: 'bd9c35ab-330d-44da-b935-c2d1733551da',
    data: 2025-01-06T19:43:18.340Z,
    docinhosCoco: 65,
    __v: 0
  },
  {
    _id: new ObjectId('67d6743f0b7b3d7c35644239'),
    id: '87764ef0-5a91-4e16-9eba-d2c8910ee4af',
    vendedorId: 'bd9c35ab-330d-44da-b935-c2d1733551da',
    data: 2025-01-08T13:52:01.309Z,
    docinhosCoco: 62,
    __v: 0
  },
  {
    _id: new ObjectId('67d6744a0b7b3d7c3564430b'),
    id: '74162ba1-c881-4d0d-8d36-587cfccde7bf',
    vendedorId: 'bd9c35ab-330d-44da-b935-c2d1733551da',
    data: 2025-01-15T22:17:44.922Z,
    docinhosCoco: 39,
    __v: 0
  },
  {
    _id: new ObjectId('67d674500b7b3d7c35644393'),
    id: '0d737bd6-ca07-40ff-a9dc-59514656fc6e',
    vendedorId: 'bd9c35ab-330d-44da-b935-c2d1733551da',
    data: 2025-01-20T04:56:02.945Z,
    docinhosCoco: 42,
    __v: 0
  },
  {
    _id: new ObjectId('67d674510b7b3d7c3564439f'),
    id: '2c67ebbe-308c-4cba-a8c4-f4c4d2a2fd95',
    vendedorId: 'bd9c35ab-330d-44da-b935-c2d1733551da',
    data: 2025-01-20T12:54:25.424Z,
    docinhosCoco: 70,
    __v: 0
  },
  {
    _id: new ObjectId('67d674520b7b3d7c356443b3'),
    id: '562a8bfb-5d25-4493-a6cf-b4f036ff1a53',
    vendedorId: 'bd9c35ab-330d-44da-b935-c2d1733551da',
    data: 2025-01-21T03:24:46.803Z,
    docinhosCoco: 51,
    __v: 0
  },
  {
    _id: new ObjectId('67d674540b7b3d7c356443d3'),
    id: 'ae753f82-ddb0-45bb-be29-2ddbb9e3dee4',
    vendedorId: 'bd9c35ab-330d-44da-b935-c2d1733551da',
    data: 2025-01-21T23:58:14.331Z,
    docinhosCoco: 56,
    __v: 0
  },
  {
    _id: new ObjectId('67d674560b7b3d7c356443f7'),
    id: '87fc45bd-46b0-4f85-9727-cb1379c68ce5',
    vendedorId: 'bd9c35ab-330d-44da-b935-c2d1733551da',
    data: 2025-01-23T22:09:59.184Z,
    docinhosCoco: 74,
    __v: 0
  },
  {
    _id: new ObjectId('67d6745a0b7b3d7c3564444b'),
    id: 'c8c51369-fa03-42b1-9e43-ced393731ed5',
    vendedorId: 'bd9c35ab-330d-44da-b935-c2d1733551da',
    data: 2025-01-26T13:19:11.447Z,
    docinhosCoco: 59,
    __v: 0
  },
  {
    _id: new ObjectId('67d6745c0b7b3d7c35644473'),
    id: '55581121-bedc-43a9-90ab-a7b281461e6c',
    vendedorId: 'bd9c35ab-330d-44da-b935-c2d1733551da',
    data: 2025-01-27T13:47:39.535Z,
    docinhosCoco: 53,
    __v: 0
  },
  {
    _id: new ObjectId('67d6746a0b7b3d7c3564456f'),
    id: '38295bbf-7a31-4584-9138-b02b5098ab58',
    vendedorId: 'bd9c35ab-330d-44da-b935-c2d1733551da',
    data: 2025-02-04T22:35:09.207Z,
    docinhosCoco: 32,
    __v: 0
  },
  {
    _id: new ObjectId('67d674710b7b3d7c356445f3'),
    id: '843011b4-4437-4be3-b719-891495d12843',
    vendedorId: 'bd9c35ab-330d-44da-b935-c2d1733551da',
    data: 2025-02-08T16:28:31.038Z,
    docinhosCoco: 83,
    __v: 0
  },
  {
    _id: new ObjectId('67d674730b7b3d7c35644625'),
    id: 'fb514b15-fe58-4fd6-8a73-92eedc366b45',
    vendedorId: 'bd9c35ab-330d-44da-b935-c2d1733551da',
    data: 2025-02-10T02:34:11.830Z,
    docinhosCoco: 85,
    __v: 0
  },
  {
    _id: new ObjectId('67d674780b7b3d7c3564467d'),
    id: '5fd91b4e-36d3-42a9-ba96-a23e4cb6ab96',
    vendedorId: 'bd9c35ab-330d-44da-b935-c2d1733551da',
    data: 2025-02-12T23:37:11.604Z,
    docinhosCoco: 46,
    __v: 0
  },
  {
    _id: new ObjectId('67d6747b0b7b3d7c356446c7'),
    id: 'f6a54fa9-f143-4d13-8c12-bb82e013c5bd',
    vendedorId: 'bd9c35ab-330d-44da-b935-c2d1733551da',
    data: 2025-02-15T01:00:05.795Z,
    docinhosCoco: 54,
    __v: 0
  },
  {
    _id: new ObjectId('67d674810b7b3d7c3564473b'),
    id: '8ac6c346-2eaa-46ee-b217-5e02535e5051',
    vendedorId: 'bd9c35ab-330d-44da-b935-c2d1733551da',
    data: 2025-02-18T08:16:51.152Z,
    docinhosCoco: 32,
    __v: 0
  },
  {
    _id: new ObjectId('67d674830b7b3d7c35644759'),
    id: 'b98c6903-6b2d-4bc8-a5d1-084d54ec4e24',
    vendedorId: 'bd9c35ab-330d-44da-b935-c2d1733551da',
    data: 2025-02-19T06:48:10.618Z,
    docinhosCoco: 34,
    __v: 0
  },
  {
    _id: new ObjectId('67d674830b7b3d7c3564475f'),
    id: 'e2c12676-4fe8-4510-a1a9-290cf16b03fe',
    vendedorId: 'bd9c35ab-330d-44da-b935-c2d1733551da',
    data: 2025-02-19T13:21:04.358Z,
    docinhosCoco: 51,
    __v: 0
  },
  {
    _id: new ObjectId('67d674840b7b3d7c35644771'),
    id: 'fec3eec6-527b-42fb-bdd8-bddf9c675a26',
    vendedorId: 'bd9c35ab-330d-44da-b935-c2d1733551da',
    data: 2025-02-20T02:45:30.013Z,
    docinhosCoco: 46,
    __v: 0
  },
  {
    _id: new ObjectId('67d6748a0b7b3d7c356447e7'),
    id: 'f237e98f-349f-4f87-85f1-c7adc90b7a2a',
    vendedorId: 'bd9c35ab-330d-44da-b935-c2d1733551da',
    data: 2025-02-25T05:24:37.568Z,
    docinhosCoco: 55,
    __v: 0
  },
  {
    _id: new ObjectId('67d6748b0b7b3d7c356447f9'),
    id: '84ebfea0-63aa-4036-8a2d-ded11116f324',
    vendedorId: 'bd9c35ab-330d-44da-b935-c2d1733551da',
    data: 2025-02-25T17:44:58.762Z,
    docinhosCoco: 73,
    __v: 0
  },
  {
    _id: new ObjectId('67d6748c0b7b3d7c35644811'),
    id: 'b456203c-ae12-4c57-94e8-3f096a1ced7f',
    vendedorId: 'bd9c35ab-330d-44da-b935-c2d1733551da',
    data: 2025-02-26T15:29:39.607Z,
    docinhosCoco: 34,
    __v: 0
  },
  {
    _id: new ObjectId('67d6748d0b7b3d7c3564481d'),
    id: '1a0bfdff-ecab-430c-a1c3-c785b806fe79',
    vendedorId: 'bd9c35ab-330d-44da-b935-c2d1733551da',
    data: 2025-02-27T01:10:26.491Z,
    docinhosCoco: 80,
    __v: 0
  },
  {
    _id: new ObjectId('67d674910b7b3d7c35644869'),
    id: '1abfecc8-9adc-4dcb-833b-df380017e598',
    vendedorId: 'bd9c35ab-330d-44da-b935-c2d1733551da',
    data: 2025-03-01T19:21:09.873Z,
    docinhosCoco: 52,
    __v: 0
  },
  {
    _id: new ObjectId('67d674990b7b3d7c35644903'),
    id: 'b4ffda43-2d7a-4844-a43b-4d0e1befad45',
    vendedorId: 'bd9c35ab-330d-44da-b935-c2d1733551da',
    data: 2025-03-06T20:45:50.486Z,
    docinhosCoco: 59,
    __v: 0
  },
  {
    _id: new ObjectId('67d674990b7b3d7c35644905'),
    id: 'a720d5e5-6cbd-4a1b-8514-f839c0b4c62c',
    vendedorId: 'bd9c35ab-330d-44da-b935-c2d1733551da',
    data: 2025-03-06T20:46:22.573Z,
    docinhosCoco: 43,
    __v: 0
  },
  {
    _id: new ObjectId('67d674990b7b3d7c35644911'),
    id: 'e4f625ce-2d65-4ee9-8793-59b8750b60e3',
    vendedorId: 'bd9c35ab-330d-44da-b935-c2d1733551da',
    data: 2025-03-07T02:38:31.460Z,
    docinhosCoco: 31,
    __v: 0
  },
  {
    _id: new ObjectId('67d6749d0b7b3d7c35644957'),
    id: 'e3b4a1c6-a9c8-491f-a462-7a0cb2e2298a',
    vendedorId: 'bd9c35ab-330d-44da-b935-c2d1733551da',
    data: 2025-03-09T17:05:47.075Z,
    docinhosCoco: 48,
    __v: 0
  },
  {
    _id: new ObjectId('67d6749d0b7b3d7c35644961'),
    id: 'fdf7f033-825b-4694-a426-0f5224d20c75',
    vendedorId: 'bd9c35ab-330d-44da-b935-c2d1733551da',
    data: 2025-03-09T21:47:15.988Z,
    docinhosCoco: 53,
    __v: 0
  },
  {
    _id: new ObjectId('67d674a00b7b3d7c3564499b'),
    id: '5ca72172-f657-4c00-9920-fafc0223dfe7',
    vendedorId: 'bd9c35ab-330d-44da-b935-c2d1733551da',
    data: 2025-03-11T16:20:16.128Z,
    docinhosCoco: 48,
    __v: 0
  },
  ... 2 more items
]
✅ Processado vendedor: Gustavo Morais
Debug - Repository - Query params: {
  vendedorId: '5f5d4743-3ef8-4310-a907-0a16b4c846e2',
  dataInicio: 2024-09-17T03:00:00.000Z,
  dataFim: 2025-03-18T02:59:59.999Z
}
Debug - Repository - MongoDB query: {
  vendedorId: '5f5d4743-3ef8-4310-a907-0a16b4c846e2',
  data: { '$gte': 1726542000000, '$lte': 1742266799999 }
}
Debug - Repository - Resultado encontrado: [
  {
    _id: new ObjectId('67c9968890c4d048db4a8f8c'),
    id: '44fe5ea2-c882-4c45-b2cd-d0b88d8acac4',
    vendedorId: '5f5d4743-3ef8-4310-a907-0a16b4c846e2',
    data: 2025-01-16T00:00:00.000Z,
    docinhosCoco: 1604,
    __v: 0
  },
  {
    _id: new ObjectId('67c9969c90c4d048db4a8fb6'),
    id: 'a57f7065-0228-4d11-91e9-ae081c861f2c',
    vendedorId: '5f5d4743-3ef8-4310-a907-0a16b4c846e2',
    data: 2025-01-07T00:00:00.000Z,
    docinhosCoco: 882,
    __v: 0
  },
  {
    _id: new ObjectId('67c996b890c4d048db4a8ffc'),
    id: 'bdc1723f-e006-44cd-b227-34a6ed1959a0',
    vendedorId: '5f5d4743-3ef8-4310-a907-0a16b4c846e2',
    data: 2025-01-12T00:00:00.000Z,
    docinhosCoco: 631,
    __v: 0
  },
  {
    _id: new ObjectId('67c997eb90c4d048db4a906f'),
    id: '2cd02747-1d42-42bd-96cd-fe574b098613',
    vendedorId: '5f5d4743-3ef8-4310-a907-0a16b4c846e2',
    data: 2025-02-19T00:00:00.000Z,
    docinhosCoco: 1948,
    __v: 0
  },
  {
    _id: new ObjectId('67c9980890c4d048db4a90ab'),
    id: '04f4c4de-80a2-4019-89e6-834d52d96b80',
    vendedorId: '5f5d4743-3ef8-4310-a907-0a16b4c846e2',
    data: 2025-02-20T00:00:00.000Z,
    docinhosCoco: 965,
    __v: 0
  },
  {
    _id: new ObjectId('67d6738d0b7b3d7c35643495'),
    id: 'ef68deac-2773-4d35-b887-cfb4d04358ed',
    vendedorId: '5f5d4743-3ef8-4310-a907-0a16b4c846e2',
    data: 2024-09-17T12:38:08.733Z,
    docinhosCoco: 62,
    __v: 0
  },
  {
    _id: new ObjectId('67d673930b7b3d7c3564350b'),
    id: 'e033e02f-3ec1-45da-b9ff-6aad8968ba21',
    vendedorId: '5f5d4743-3ef8-4310-a907-0a16b4c846e2',
    data: 2024-09-21T22:15:24.243Z,
    docinhosCoco: 58,
    __v: 0
  },
  {
    _id: new ObjectId('67d673960b7b3d7c35643545'),
    id: '91ba67be-a007-4a3e-81c6-f6edf81b290a',
    vendedorId: '5f5d4743-3ef8-4310-a907-0a16b4c846e2',
    data: 2024-09-23T04:23:02.503Z,
    docinhosCoco: 62,
    __v: 0
  },
  {
    _id: new ObjectId('67d673980b7b3d7c35643571'),
    id: '746b0406-47ab-4a15-b320-58734dc6946c',
    vendedorId: '5f5d4743-3ef8-4310-a907-0a16b4c846e2',
    data: 2024-09-24T10:27:31.310Z,
    docinhosCoco: 37,
    __v: 0
  },
  {
    _id: new ObjectId('67d6739b0b7b3d7c356435a9'),
    id: '7ccdea2b-7c96-4e11-b996-f1baa89f09d4',
    vendedorId: '5f5d4743-3ef8-4310-a907-0a16b4c846e2',
    data: 2024-09-25T21:27:23.149Z,
    docinhosCoco: 71,
    __v: 0
  },
  {
    _id: new ObjectId('67d673a20b7b3d7c35643635'),
    id: '0d0f6db6-e2ec-44a2-aeff-89b44bfb7972',
    vendedorId: '5f5d4743-3ef8-4310-a907-0a16b4c846e2',
    data: 2024-10-01T20:45:33.964Z,
    docinhosCoco: 31,
    __v: 0
  },
  {
    _id: new ObjectId('67d673b10b7b3d7c3564374d'),
    id: '5d676044-e67c-4007-8e70-a1788ce4ff18',
    vendedorId: '5f5d4743-3ef8-4310-a907-0a16b4c846e2',
    data: 2024-10-11T14:47:49.631Z,
    docinhosCoco: 51,
    __v: 0
  },
  {
    _id: new ObjectId('67d673b10b7b3d7c35643751'),
    id: '6f9c870d-9863-479b-a8d2-780327b791ac',
    vendedorId: '5f5d4743-3ef8-4310-a907-0a16b4c846e2',
    data: 2024-10-11T17:12:51.883Z,
    docinhosCoco: 61,
    __v: 0
  },
  {
    _id: new ObjectId('67d673b40b7b3d7c35643795'),
    id: '20b40501-fdfb-40ae-be38-06b3f916460f',
    vendedorId: '5f5d4743-3ef8-4310-a907-0a16b4c846e2',
    data: 2024-10-14T05:10:10.939Z,
    docinhosCoco: 63,
    __v: 0
  },
  {
    _id: new ObjectId('67d673b80b7b3d7c356437d9'),
    id: 'd9d08e39-1208-4c59-a504-dd0220faed9b',
    vendedorId: '5f5d4743-3ef8-4310-a907-0a16b4c846e2',
    data: 2024-10-16T15:18:12.265Z,
    docinhosCoco: 79,
    __v: 0
  },
  {
    _id: new ObjectId('67d673b90b7b3d7c356437ed'),
    id: 'c1ff0a38-e7e5-4880-8f47-6c8bebc30b1b',
    vendedorId: '5f5d4743-3ef8-4310-a907-0a16b4c846e2',
    data: 2024-10-17T06:49:31.846Z,
    docinhosCoco: 67,
    __v: 0
  },
  {
    _id: new ObjectId('67d673ba0b7b3d7c3564380b'),
    id: '7416029a-e675-433b-9d70-996b5d70f250',
    vendedorId: '5f5d4743-3ef8-4310-a907-0a16b4c846e2',
    data: 2024-10-17T23:24:26.007Z,
    docinhosCoco: 36,
    __v: 0
  },
  {
    _id: new ObjectId('67d673c20b7b3d7c356438a1'),
    id: '388ea34d-83d9-4283-9457-7cb33035c413',
    vendedorId: '5f5d4743-3ef8-4310-a907-0a16b4c846e2',
    data: 2024-10-22T16:33:21.387Z,
    docinhosCoco: 39,
    __v: 0
  },
  {
    _id: new ObjectId('67d673c40b7b3d7c356438cd'),
    id: '59b55cf2-8f43-4861-a325-8131a15f65e0',
    vendedorId: '5f5d4743-3ef8-4310-a907-0a16b4c846e2',
    data: 2024-10-24T04:57:34.451Z,
    docinhosCoco: 54,
    __v: 0
  },
  {
    _id: new ObjectId('67d673c90b7b3d7c35643927'),
    id: 'd9a35179-3990-471a-8612-f6442efe81b4',
    vendedorId: '5f5d4743-3ef8-4310-a907-0a16b4c846e2',
    data: 2024-10-26T22:41:49.668Z,
    docinhosCoco: 59,
    __v: 0
  },
  {
    _id: new ObjectId('67d673d20b7b3d7c356439d5'),
    id: '25261142-3e60-4940-8940-69538e30f935',
    vendedorId: '5f5d4743-3ef8-4310-a907-0a16b4c846e2',
    data: 2024-11-02T15:07:53.721Z,
    docinhosCoco: 100,
    __v: 0
  },
  {
    _id: new ObjectId('67d673d20b7b3d7c356439e1'),
    id: '4ab93a0c-0348-4acf-93fa-5943718c7cb8',
    vendedorId: '5f5d4743-3ef8-4310-a907-0a16b4c846e2',
    data: 2024-11-03T01:19:45.707Z,
    docinhosCoco: 59,
    __v: 0
  },
  {
    _id: new ObjectId('67d673d30b7b3d7c356439e5'),
    id: 'fc2584a3-3238-4aaf-a01b-a7903d14d4b1',
    vendedorId: '5f5d4743-3ef8-4310-a907-0a16b4c846e2',
    data: 2024-11-03T03:05:28.804Z,
    docinhosCoco: 72,
    __v: 0
  },
  {
    _id: new ObjectId('67d673d30b7b3d7c356439f5'),
    id: '11cb9547-3cec-4a8a-b797-615af658fc10',
    vendedorId: '5f5d4743-3ef8-4310-a907-0a16b4c846e2',
    data: 2024-11-03T17:05:51.319Z,
    docinhosCoco: 80,
    __v: 0
  },
  {
    _id: new ObjectId('67d673d40b7b3d7c35643a0b'),
    id: '52ccd293-e237-4ae3-87a1-0d79218ce788',
    vendedorId: '5f5d4743-3ef8-4310-a907-0a16b4c846e2',
    data: 2024-11-04T04:52:21.208Z,
    docinhosCoco: 64,
    __v: 0
  },
  {
    _id: new ObjectId('67d673d70b7b3d7c35643a43'),
    id: '9e0c8473-7a8e-46fb-8c1e-3027892f4653',
    vendedorId: '5f5d4743-3ef8-4310-a907-0a16b4c846e2',
    data: 2024-11-05T12:20:26.023Z,
    docinhosCoco: 32,
    __v: 0
  },
  {
    _id: new ObjectId('67d673e00b7b3d7c35643aeb'),
    id: '9adef5e5-1c42-4ba8-8921-909777934c19',
    vendedorId: '5f5d4743-3ef8-4310-a907-0a16b4c846e2',
    data: 2024-11-10T05:47:34.780Z,
    docinhosCoco: 39,
    __v: 0
  },
  {
    _id: new ObjectId('67d673e20b7b3d7c35643b19'),
    id: '7d31fb4c-376c-491c-96ff-b03dee9d664e',
    vendedorId: '5f5d4743-3ef8-4310-a907-0a16b4c846e2',
    data: 2024-11-11T17:46:50.859Z,
    docinhosCoco: 80,
    __v: 0
  },
  {
    _id: new ObjectId('67d673e70b7b3d7c35643b71'),
    id: '6d7217f3-3c67-419b-b711-b804e4b0f430',
    vendedorId: '5f5d4743-3ef8-4310-a907-0a16b4c846e2',
    data: 2024-11-14T12:38:05.992Z,
    docinhosCoco: 79,
    __v: 0
  },
  {
    _id: new ObjectId('67d673ea0b7b3d7c35643baf'),
    id: 'c41e829c-c89c-4661-9e11-9ed517ad3343',
    vendedorId: '5f5d4743-3ef8-4310-a907-0a16b4c846e2',
    data: 2024-11-16T11:23:08.275Z,
    docinhosCoco: 74,
    __v: 0
  },
  {
    _id: new ObjectId('67d673ec0b7b3d7c35643bcf'),
    id: '1ca7e42a-7766-438c-8257-84301a68e3c7',
    vendedorId: '5f5d4743-3ef8-4310-a907-0a16b4c846e2',
    data: 2024-11-17T06:19:15.430Z,
    docinhosCoco: 74,
    __v: 0
  },
  {
    _id: new ObjectId('67d673ec0b7b3d7c35643bdb'),
    id: '54b9623d-fad2-475b-bccf-477d570a17c9',
    vendedorId: '5f5d4743-3ef8-4310-a907-0a16b4c846e2',
    data: 2024-11-17T15:46:36.705Z,
    docinhosCoco: 101,
    __v: 0
  },
  {
    _id: new ObjectId('67d673ef0b7b3d7c35643c09'),
    id: 'd100253e-fdc4-4f90-941b-c4900bb8c115',
    vendedorId: '5f5d4743-3ef8-4310-a907-0a16b4c846e2',
    data: 2024-11-19T08:54:25.519Z,
    docinhosCoco: 69,
    __v: 0
  },
  {
    _id: new ObjectId('67d673f30b7b3d7c35643c63'),
    id: '7f7d43ae-e0b6-44b6-8956-83f8328eff75',
    vendedorId: '5f5d4743-3ef8-4310-a907-0a16b4c846e2',
    data: 2024-11-22T08:52:43.950Z,
    docinhosCoco: 65,
    __v: 0
  },
  {
    _id: new ObjectId('67d673f60b7b3d7c35643c95'),
    id: '8836f062-31c2-4ff2-aa86-d1a804f5f440',
    vendedorId: '5f5d4743-3ef8-4310-a907-0a16b4c846e2',
    data: 2024-11-23T12:00:33.522Z,
    docinhosCoco: 100,
    __v: 0
  },
  {
    _id: new ObjectId('67d673f70b7b3d7c35643cad'),
    id: '55d16a23-f393-41c6-95ea-465e48f7711b',
    vendedorId: '5f5d4743-3ef8-4310-a907-0a16b4c846e2',
    data: 2024-11-23T22:11:52.047Z,
    docinhosCoco: 88,
    __v: 0
  },
  {
    _id: new ObjectId('67d674000b7b3d7c35643d65'),
    id: 'f4f87ab4-d704-457b-8125-1924826a29f5',
    vendedorId: '5f5d4743-3ef8-4310-a907-0a16b4c846e2',
    data: 2024-11-30T04:29:44.987Z,
    docinhosCoco: 71,
    __v: 0
  },
  {
    _id: new ObjectId('67d674010b7b3d7c35643d79'),
    id: 'afa044aa-1d81-424e-b28b-0efa9d5d2628',
    vendedorId: '5f5d4743-3ef8-4310-a907-0a16b4c846e2',
    data: 2024-11-30T10:48:29.651Z,
    docinhosCoco: 44,
    __v: 0
  },
  {
    _id: new ObjectId('67d674030b7b3d7c35643da3'),
    id: 'b0400866-82df-4f28-ac77-7b82eef5dd06',
    vendedorId: '5f5d4743-3ef8-4310-a907-0a16b4c846e2',
    data: 2024-12-01T12:32:54.880Z,
    docinhosCoco: 63,
    __v: 0
  },
  {
    _id: new ObjectId('67d674080b7b3d7c35643e07'),
    id: 'c73d2719-9c97-4c11-a273-785c6c147e23',
    vendedorId: '5f5d4743-3ef8-4310-a907-0a16b4c846e2',
    data: 2024-12-05T08:35:59.039Z,
    docinhosCoco: 51,
    __v: 0
  },
  {
    _id: new ObjectId('67d674160b7b3d7c35643f1b'),
    id: '8c82c69c-f272-4ba7-b3b6-0ef4c2fd30b9',
    vendedorId: '5f5d4743-3ef8-4310-a907-0a16b4c846e2',
    data: 2024-12-14T00:24:26.636Z,
    docinhosCoco: 69,
    __v: 0
  },
  {
    _id: new ObjectId('67d674180b7b3d7c35643f33'),
    id: '8cee43a8-375e-405c-9d08-3d1a46e0c748',
    vendedorId: '5f5d4743-3ef8-4310-a907-0a16b4c846e2',
    data: 2024-12-14T14:53:53.975Z,
    docinhosCoco: 113,
    __v: 0
  },
  {
    _id: new ObjectId('67d6741c0b7b3d7c35643f81'),
    id: 'e13b1180-5d7b-473f-ad9e-9ef7b67ffdfb',
    vendedorId: '5f5d4743-3ef8-4310-a907-0a16b4c846e2',
    data: 2024-12-16T21:25:04.241Z,
    docinhosCoco: 48,
    __v: 0
  },
  {
    _id: new ObjectId('67d674220b7b3d7c35644001'),
    id: '238c30c4-30a1-4645-8b27-748510e0f002',
    vendedorId: '5f5d4743-3ef8-4310-a907-0a16b4c846e2',
    data: 2024-12-21T08:02:33.030Z,
    docinhosCoco: 78,
    __v: 0
  },
  {
    _id: new ObjectId('67d674260b7b3d7c35644051'),
    id: '4901087d-19e2-428a-aa27-131391ec53f2',
    vendedorId: '5f5d4743-3ef8-4310-a907-0a16b4c846e2',
    data: 2024-12-24T01:26:11.790Z,
    docinhosCoco: 54,
    __v: 0
  },
  {
    _id: new ObjectId('67d674320b7b3d7c3564413f'),
    id: 'b699ba79-abac-4110-9f7b-c24ce1e23855',
    vendedorId: '5f5d4743-3ef8-4310-a907-0a16b4c846e2',
    data: 2024-12-30T23:16:16.566Z,
    docinhosCoco: 73,
    __v: 0
  },
  {
    _id: new ObjectId('67d674370b7b3d7c3564419d'),
    id: '5280a61c-8477-4638-9d4f-dca74a7dad35',
    vendedorId: '5f5d4743-3ef8-4310-a907-0a16b4c846e2',
    data: 2025-01-03T00:35:21.159Z,
    docinhosCoco: 64,
    __v: 0
  },
  {
    _id: new ObjectId('67d674410b7b3d7c35644263'),
    id: '1064ca9e-717a-420c-a373-afbccad2c165',
    vendedorId: '5f5d4743-3ef8-4310-a907-0a16b4c846e2',
    data: 2025-01-09T17:46:19.669Z,
    docinhosCoco: 53,
    __v: 0
  },
  {
    _id: new ObjectId('67d674460b7b3d7c356442c7'),
    id: '55174675-c472-4629-8651-fe3fb444a7a2',
    vendedorId: '5f5d4743-3ef8-4310-a907-0a16b4c846e2',
    data: 2025-01-13T05:59:04.906Z,
    docinhosCoco: 43,
    __v: 0
  },
  {
    _id: new ObjectId('67d674480b7b3d7c356442ef'),
    id: '446614d8-05ca-4f5c-9e28-5dc634ac52f4',
    vendedorId: '5f5d4743-3ef8-4310-a907-0a16b4c846e2',
    data: 2025-01-15T01:57:09.733Z,
    docinhosCoco: 40,
    __v: 0
  },
  {
    _id: new ObjectId('67d674480b7b3d7c356442f3'),
    id: '4466f035-b101-48be-bc87-98a0e75313b4',
    vendedorId: '5f5d4743-3ef8-4310-a907-0a16b4c846e2',
    data: 2025-01-15T02:00:00.900Z,
    docinhosCoco: 63,
    __v: 0
  },
  {
    _id: new ObjectId('67d6744c0b7b3d7c35644343'),
    id: '815c1e91-e517-46aa-8e3a-20557e5483e4',
    vendedorId: '5f5d4743-3ef8-4310-a907-0a16b4c846e2',
    data: 2025-01-17T20:10:18.777Z,
    docinhosCoco: 35,
    __v: 0
  },
  {
    _id: new ObjectId('67d6744d0b7b3d7c35644353'),
    id: '88ced7aa-fc83-425e-8c2b-2fb343022c2f',
    vendedorId: '5f5d4743-3ef8-4310-a907-0a16b4c846e2',
    data: 2025-01-18T06:14:31.060Z,
    docinhosCoco: 55,
    __v: 0
  },
  {
    _id: new ObjectId('67d6744e0b7b3d7c35644369'),
    id: '44991e5c-3bfd-4937-ad8e-72b1c4b68630',
    vendedorId: '5f5d4743-3ef8-4310-a907-0a16b4c846e2',
    data: 2025-01-18T23:13:45.375Z,
    docinhosCoco: 48,
    __v: 0
  },
  {
    _id: new ObjectId('67d6745b0b7b3d7c3564445f'),
    id: 'feb82e84-c85f-411c-9f85-007b4da6b897',
    vendedorId: '5f5d4743-3ef8-4310-a907-0a16b4c846e2',
    data: 2025-01-27T02:17:53.680Z,
    docinhosCoco: 80,
    __v: 0
  },
  {
    _id: new ObjectId('67d674620b7b3d7c356444e3'),
    id: 'fc537cec-5c79-44d2-a7b1-4a7d8240708b',
    vendedorId: '5f5d4743-3ef8-4310-a907-0a16b4c846e2',
    data: 2025-01-31T09:34:27.117Z,
    docinhosCoco: 31,
    __v: 0
  },
  {
    _id: new ObjectId('67d674620b7b3d7c356444e7'),
    id: '55f5a19a-61a7-42d9-afbd-cd264c1759e1',
    vendedorId: '5f5d4743-3ef8-4310-a907-0a16b4c846e2',
    data: 2025-01-31T12:50:42.722Z,
    docinhosCoco: 49,
    __v: 0
  },
  {
    _id: new ObjectId('67d674620b7b3d7c356444e9'),
    id: 'fc3d9857-82bc-4a9f-b282-bc8d784f23e6',
    vendedorId: '5f5d4743-3ef8-4310-a907-0a16b4c846e2',
    data: 2025-01-31T14:42:47.244Z,
    docinhosCoco: 42,
    __v: 0
  },
  {
    _id: new ObjectId('67d674660b7b3d7c35644529'),
    id: '24ef543b-996b-4138-84f4-bb88968a9510',
    vendedorId: '5f5d4743-3ef8-4310-a907-0a16b4c846e2',
    data: 2025-02-02T11:59:23.770Z,
    docinhosCoco: 98,
    __v: 0
  },
  {
    _id: new ObjectId('67d674690b7b3d7c35644563'),
    id: '534de439-c6be-48f7-95c3-812ee49cb1a8',
    vendedorId: '5f5d4743-3ef8-4310-a907-0a16b4c846e2',
    data: 2025-02-04T14:10:35.610Z,
    docinhosCoco: 37,
    __v: 0
  },
  {
    _id: new ObjectId('67d6746a0b7b3d7c3564456b'),
    id: 'e21ccf4e-eac8-4fe3-bb81-ab9837cc0ce5',
    vendedorId: '5f5d4743-3ef8-4310-a907-0a16b4c846e2',
    data: 2025-02-04T20:52:10.581Z,
    docinhosCoco: 36,
    __v: 0
  },
  {
    _id: new ObjectId('67d6746e0b7b3d7c356445b9'),
    id: 'd41a5f65-084b-4efe-b4ef-dd6cd4b81c0c',
    vendedorId: '5f5d4743-3ef8-4310-a907-0a16b4c846e2',
    data: 2025-02-06T20:41:13.748Z,
    docinhosCoco: 71,
    __v: 0
  },
  {
    _id: new ObjectId('67d6746e0b7b3d7c356445c5'),
    id: '0db0cfe8-aa1e-4627-ab0b-0f984ea059ef',
    vendedorId: '5f5d4743-3ef8-4310-a907-0a16b4c846e2',
    data: 2025-02-07T03:02:43.887Z,
    docinhosCoco: 75,
    __v: 0
  },
  {
    _id: new ObjectId('67d674720b7b3d7c35644609'),
    id: '835dc527-f978-495f-9245-9e33142c24c4',
    vendedorId: '5f5d4743-3ef8-4310-a907-0a16b4c846e2',
    data: 2025-02-09T08:26:38.436Z,
    docinhosCoco: 72,
    __v: 0
  },
  {
    _id: new ObjectId('67d674740b7b3d7c3564463b'),
    id: '18b5cce8-6934-4ec2-b8a2-69ea55a1ec48',
    vendedorId: '5f5d4743-3ef8-4310-a907-0a16b4c846e2',
    data: 2025-02-10T20:40:46.885Z,
    docinhosCoco: 48,
    __v: 0
  },
  {
    _id: new ObjectId('67d674750b7b3d7c3564464b'),
    id: '672a7fd5-90c8-4cee-98ee-b5d76280fab2',
    vendedorId: '5f5d4743-3ef8-4310-a907-0a16b4c846e2',
    data: 2025-02-11T10:33:13.048Z,
    docinhosCoco: 67,
    __v: 0
  },
  {
    _id: new ObjectId('67d674760b7b3d7c3564465d'),
    id: 'bc576b17-eb60-449a-a858-43458bdc40b8',
    vendedorId: '5f5d4743-3ef8-4310-a907-0a16b4c846e2',
    data: 2025-02-12T02:42:35.750Z,
    docinhosCoco: 71,
    __v: 0
  },
  {
    _id: new ObjectId('67d6747c0b7b3d7c356446d7'),
    id: 'a99daf64-9115-4487-b9cc-cffa808e7a76',
    vendedorId: '5f5d4743-3ef8-4310-a907-0a16b4c846e2',
    data: 2025-02-15T09:29:56.685Z,
    docinhosCoco: 40,
    __v: 0
  },
  {
    _id: new ObjectId('67d6747d0b7b3d7c356446ef'),
    id: 'da7b75a3-8d6c-4d5c-9fb5-05320998a9a3',
    vendedorId: '5f5d4743-3ef8-4310-a907-0a16b4c846e2',
    data: 2025-02-16T01:53:35.183Z,
    docinhosCoco: 40,
    __v: 0
  },
  {
    _id: new ObjectId('67d674820b7b3d7c35644745'),
    id: '4594b90d-1166-4c3c-89a3-67d2c4fadf46',
    vendedorId: '5f5d4743-3ef8-4310-a907-0a16b4c846e2',
    data: 2025-02-18T15:42:14.529Z,
    docinhosCoco: 73,
    __v: 0
  },
  {
    _id: new ObjectId('67d674830b7b3d7c3564475b'),
    id: '103b0118-290f-4b2c-8e23-766fd0058df8',
    vendedorId: '5f5d4743-3ef8-4310-a907-0a16b4c846e2',
    data: 2025-02-19T07:14:54.385Z,
    docinhosCoco: 68,
    __v: 0
  },
  {
    _id: new ObjectId('67d674860b7b3d7c35644795'),
    id: '259be8d1-0eb3-4746-b2fe-306cb6f9220b',
    vendedorId: '5f5d4743-3ef8-4310-a907-0a16b4c846e2',
    data: 2025-02-21T02:47:59.426Z,
    docinhosCoco: 57,
    __v: 0
  },
  {
    _id: new ObjectId('67d6748c0b7b3d7c3564480b'),
    id: '224d95dd-926c-4c69-8bed-928d3196df1b',
    vendedorId: '5f5d4743-3ef8-4310-a907-0a16b4c846e2',
    data: 2025-02-26T08:41:32.457Z,
    docinhosCoco: 44,
    __v: 0
  },
  {
    _id: new ObjectId('67d6748e0b7b3d7c3564482b'),
    id: '1e415715-569e-4101-a01f-17fc5adf3cb1',
    vendedorId: '5f5d4743-3ef8-4310-a907-0a16b4c846e2',
    data: 2025-02-27T15:43:28.981Z,
    docinhosCoco: 46,
    __v: 0
  },
  {
    _id: new ObjectId('67d674930b7b3d7c3564489d'),
    id: 'a8825cd8-4c16-4b5d-a9a3-ff75bc1cf420',
    vendedorId: '5f5d4743-3ef8-4310-a907-0a16b4c846e2',
    data: 2025-03-03T05:30:58.844Z,
    docinhosCoco: 72,
    __v: 0
  },
  {
    _id: new ObjectId('67d674940b7b3d7c356448a1'),
    id: '6e57825e-e6f8-4198-b6fc-6e0779f4dd8c',
    vendedorId: '5f5d4743-3ef8-4310-a907-0a16b4c846e2',
    data: 2025-03-03T07:16:13.062Z,
    docinhosCoco: 72,
    __v: 0
  },
  {
    _id: new ObjectId('67d6749a0b7b3d7c35644921'),
    id: 'f0dd31a4-6ec4-4507-9121-913595a2e9c1',
    vendedorId: '5f5d4743-3ef8-4310-a907-0a16b4c846e2',
    data: 2025-03-07T18:31:13.846Z,
    docinhosCoco: 31,
    __v: 0
  },
  {
    _id: new ObjectId('67d6749b0b7b3d7c3564492b'),
    id: '7a3a5325-37c2-4e88-837e-878b2e534ed7',
    vendedorId: '5f5d4743-3ef8-4310-a907-0a16b4c846e2',
    data: 2025-03-08T05:33:17.510Z,
    docinhosCoco: 61,
    __v: 0
  },
  {
    _id: new ObjectId('67d674a00b7b3d7c35644991'),
    id: 'd5d0af46-4b9a-4717-b9e3-ce0019f1ec34',
    vendedorId: '5f5d4743-3ef8-4310-a907-0a16b4c846e2',
    data: 2025-03-11T07:05:16.898Z,
    docinhosCoco: 60,
    __v: 0
  },
  {
    _id: new ObjectId('67d674a30b7b3d7c356449cf'),
    id: '39bb91b9-e09c-4d59-9e20-d4c839d30ce6',
    vendedorId: '5f5d4743-3ef8-4310-a907-0a16b4c846e2',
    data: 2025-03-13T10:09:18.163Z,
    docinhosCoco: 63,
    __v: 0
  }
]
✅ Processado vendedor: Karina Barbosa
Debug - Repository - Query params: {
  vendedorId: '44196fa5-7585-4b1e-af3c-f4bad3563734',
  dataInicio: 2024-09-17T03:00:00.000Z,
  dataFim: 2025-03-18T02:59:59.999Z
}
Debug - Repository - MongoDB query: {
  vendedorId: '44196fa5-7585-4b1e-af3c-f4bad3563734',
  data: { '$gte': 1726542000000, '$lte': 1742266799999 }
}
Debug - Repository - Resultado encontrado: [
  {
    _id: new ObjectId('67c9968b90c4d048db4a8f98'),
    id: 'c1e837ab-c622-4349-ad35-d6f97c61298b',
    vendedorId: '44196fa5-7585-4b1e-af3c-f4bad3563734',
    data: 2025-01-22T00:00:00.000Z,
    docinhosCoco: 1727,
    __v: 0
  },
  {
    _id: new ObjectId('67c9969e90c4d048db4a8fbc'),
    id: '0ca3e27a-7b7d-421d-8eb1-52f89dfe498b',
    vendedorId: '44196fa5-7585-4b1e-af3c-f4bad3563734',
    data: 2025-01-10T00:00:00.000Z,
    docinhosCoco: 982,
    __v: 0
  },
  {
    _id: new ObjectId('67c996b690c4d048db4a8ff2'),
    id: 'd9f3039b-0e98-4bd9-a17d-7bfc2f100b03',
    vendedorId: '44196fa5-7585-4b1e-af3c-f4bad3563734',
    data: 2025-01-07T00:00:00.000Z,
    docinhosCoco: 1819,
    __v: 0
  },
  {
    _id: new ObjectId('67c997e690c4d048db4a9059'),
    id: '82bd5f3c-5d6c-4be8-a9fb-ab27e1c070f9',
    vendedorId: '44196fa5-7585-4b1e-af3c-f4bad3563734',
    data: 2025-02-08T00:00:00.000Z,
    docinhosCoco: 1436,
    __v: 0
  },
  {
    _id: new ObjectId('67c9980690c4d048db4a909f'),
    id: '55c2afb7-7026-4e08-b550-ca82dd8a37ee',
    vendedorId: '44196fa5-7585-4b1e-af3c-f4bad3563734',
    data: 2025-02-14T00:00:00.000Z,
    docinhosCoco: 1221,
    __v: 0
  },
  {
    _id: new ObjectId('67d6738e0b7b3d7c356434a7'),
    id: '2c0b1612-4cee-4f9f-afd9-f5184b3eb92a',
    vendedorId: '44196fa5-7585-4b1e-af3c-f4bad3563734',
    data: 2024-09-18T06:18:10.162Z,
    docinhosCoco: 31,
    __v: 0
  },
  {
    _id: new ObjectId('67d673910b7b3d7c356434d9'),
    id: 'b0408ad5-2fa6-4dad-a46a-315f33cac3ab',
    vendedorId: '44196fa5-7585-4b1e-af3c-f4bad3563734',
    data: 2024-09-19T18:20:22.040Z,
    docinhosCoco: 39,
    __v: 0
  },
  {
    _id: new ObjectId('67d673920b7b3d7c356434ed'),
    id: 'd4f8a5af-cff9-494e-8acf-904fbe3019cf',
    vendedorId: '44196fa5-7585-4b1e-af3c-f4bad3563734',
    data: 2024-09-20T15:19:24.346Z,
    docinhosCoco: 33,
    __v: 0
  },
  {
    _id: new ObjectId('67d673960b7b3d7c3564353b'),
    id: 'f2df3cc1-e3d1-4b97-84bd-cb8a853c8862',
    vendedorId: '44196fa5-7585-4b1e-af3c-f4bad3563734',
    data: 2024-09-23T01:14:25.939Z,
    docinhosCoco: 65,
    __v: 0
  },
  {
    _id: new ObjectId('67d673960b7b3d7c3564353f'),
    id: 'b213ad3c-01e8-4cc9-85c8-9526d4005b80',
    vendedorId: '44196fa5-7585-4b1e-af3c-f4bad3563734',
    data: 2024-09-23T02:44:04.659Z,
    docinhosCoco: 89,
    __v: 0
  },
  {
    _id: new ObjectId('67d673960b7b3d7c35643547'),
    id: '3e1f4e09-1b69-4a27-a47f-5a96e232735b',
    vendedorId: '44196fa5-7585-4b1e-af3c-f4bad3563734',
    data: 2024-09-23T07:54:15.068Z,
    docinhosCoco: 70,
    __v: 0
  },
  {
    _id: new ObjectId('67d673990b7b3d7c35643575'),
    id: 'a0e4d40c-3a7d-4549-a580-72ed0dd346e9',
    vendedorId: '44196fa5-7585-4b1e-af3c-f4bad3563734',
    data: 2024-09-24T12:10:28.270Z,
    docinhosCoco: 77,
    __v: 0
  },
  {
    _id: new ObjectId('67d6739c0b7b3d7c356435b7'),
    id: 'f8cdcc09-d6b2-4682-8ec3-eb2cfc95d22c',
    vendedorId: '44196fa5-7585-4b1e-af3c-f4bad3563734',
    data: 2024-09-26T16:51:40.612Z,
    docinhosCoco: 73,
    __v: 0
  },
  {
    _id: new ObjectId('67d6739d0b7b3d7c356435cd'),
    id: 'b99983ff-1882-4f12-b681-381025fbd05b',
    vendedorId: '44196fa5-7585-4b1e-af3c-f4bad3563734',
    data: 2024-09-27T14:05:12.665Z,
    docinhosCoco: 36,
    __v: 0
  },
  {
    _id: new ObjectId('67d6739d0b7b3d7c356435d3'),
    id: '3451b3ba-a04e-485c-99d0-9a0d308ce9e3',
    vendedorId: '44196fa5-7585-4b1e-af3c-f4bad3563734',
    data: 2024-09-27T18:59:17.701Z,
    docinhosCoco: 75,
    __v: 0
  },
  {
    _id: new ObjectId('67d6739e0b7b3d7c356435d9'),
    id: '233bac5a-709a-4539-ab87-10c7d81ed914',
    vendedorId: '44196fa5-7585-4b1e-af3c-f4bad3563734',
    data: 2024-09-28T01:39:38.591Z,
    docinhosCoco: 60,
    __v: 0
  },
  {
    _id: new ObjectId('67d6739f0b7b3d7c356435ed'),
    id: '9dd47e96-2c25-4939-b88b-3b19788ddc5e',
    vendedorId: '44196fa5-7585-4b1e-af3c-f4bad3563734',
    data: 2024-09-28T16:10:22.596Z,
    docinhosCoco: 54,
    __v: 0
  },
  {
    _id: new ObjectId('67d673a00b7b3d7c356435fd'),
    id: 'f424b4b8-2b7b-4cde-89e6-de67cf1a3268',
    vendedorId: '44196fa5-7585-4b1e-af3c-f4bad3563734',
    data: 2024-09-29T02:24:34.179Z,
    docinhosCoco: 87,
    __v: 0
  },
  {
    _id: new ObjectId('67d673a10b7b3d7c35643619'),
    id: 'b81837fe-9fba-48b6-bed6-1544eb41b953',
    vendedorId: '44196fa5-7585-4b1e-af3c-f4bad3563734',
    data: 2024-09-30T19:56:19.889Z,
    docinhosCoco: 43,
    __v: 0
  },
  {
    _id: new ObjectId('67d673a30b7b3d7c3564363f'),
    id: 'aa7f4579-4758-4b80-8d36-b0c600e5eb79',
    vendedorId: '44196fa5-7585-4b1e-af3c-f4bad3563734',
    data: 2024-10-02T01:50:14.215Z,
    docinhosCoco: 56,
    __v: 0
  },
  {
    _id: new ObjectId('67d673a40b7b3d7c35643657'),
    id: 'f62998c7-0dc4-435e-962c-23f445ebc506',
    vendedorId: '44196fa5-7585-4b1e-af3c-f4bad3563734',
    data: 2024-10-02T21:17:57.666Z,
    docinhosCoco: 54,
    __v: 0
  },
  {
    _id: new ObjectId('67d673a60b7b3d7c35643681'),
    id: '25db7df5-e6f0-4c61-bed9-57057dd211cb',
    vendedorId: '44196fa5-7585-4b1e-af3c-f4bad3563734',
    data: 2024-10-04T17:22:57.935Z,
    docinhosCoco: 65,
    __v: 0
  },
  {
    _id: new ObjectId('67d673ab0b7b3d7c356436d7'),
    id: '8937ad6f-3c45-4e71-af6b-a4bccc72677b',
    vendedorId: '44196fa5-7585-4b1e-af3c-f4bad3563734',
    data: 2024-10-07T01:31:36.716Z,
    docinhosCoco: 88,
    __v: 0
  },
  {
    _id: new ObjectId('67d673ad0b7b3d7c35643709'),
    id: 'c4e9bbd1-b154-4044-afff-cdd894f93da0',
    vendedorId: '44196fa5-7585-4b1e-af3c-f4bad3563734',
    data: 2024-10-09T08:39:38.174Z,
    docinhosCoco: 44,
    __v: 0
  },
  {
    _id: new ObjectId('67d673ae0b7b3d7c3564371d'),
    id: 'bbad13e5-ad3b-44d4-a462-434b97a77daa',
    vendedorId: '44196fa5-7585-4b1e-af3c-f4bad3563734',
    data: 2024-10-10T04:52:35.381Z,
    docinhosCoco: 56,
    __v: 0
  },
  {
    _id: new ObjectId('67d673b00b7b3d7c35643747'),
    id: '2a95cc1b-d814-4453-926d-3e49da957961',
    vendedorId: '44196fa5-7585-4b1e-af3c-f4bad3563734',
    data: 2024-10-11T09:01:29.272Z,
    docinhosCoco: 58,
    __v: 0
  },
  {
    _id: new ObjectId('67d673b20b7b3d7c35643767'),
    id: '389a4a49-87aa-41ed-8a09-82e2ed1b5218',
    vendedorId: '44196fa5-7585-4b1e-af3c-f4bad3563734',
    data: 2024-10-12T05:30:35.736Z,
    docinhosCoco: 85,
    __v: 0
  },
  {
    _id: new ObjectId('67d673b40b7b3d7c3564378f'),
    id: 'c2fcf931-e188-4730-b4f6-b6367fc4031f',
    vendedorId: '44196fa5-7585-4b1e-af3c-f4bad3563734',
    data: 2024-10-13T21:32:30.659Z,
    docinhosCoco: 72,
    __v: 0
  },
  {
    _id: new ObjectId('67d673b50b7b3d7c35643799'),
    id: '56b262ee-449b-4a77-be11-e1ff36119007',
    vendedorId: '44196fa5-7585-4b1e-af3c-f4bad3563734',
    data: 2024-10-14T05:47:00.127Z,
    docinhosCoco: 37,
    __v: 0
  },
  {
    _id: new ObjectId('67d673b60b7b3d7c356437bb'),
    id: '2190ac5e-2c79-4664-8cb5-c9c8e150f84d',
    vendedorId: '44196fa5-7585-4b1e-af3c-f4bad3563734',
    data: 2024-10-15T07:45:10.218Z,
    docinhosCoco: 59,
    __v: 0
  },
  {
    _id: new ObjectId('67d673b70b7b3d7c356437c9'),
    id: '6837f8db-164f-40b1-b33e-2077d3466e78',
    vendedorId: '44196fa5-7585-4b1e-af3c-f4bad3563734',
    data: 2024-10-15T20:03:08.550Z,
    docinhosCoco: 57,
    __v: 0
  },
  {
    _id: new ObjectId('67d673ba0b7b3d7c35643803'),
    id: 'da0261a4-9007-4a9e-98e6-f4c665bd3e18',
    vendedorId: '44196fa5-7585-4b1e-af3c-f4bad3563734',
    data: 2024-10-17T20:31:36.392Z,
    docinhosCoco: 40,
    __v: 0
  },
  {
    _id: new ObjectId('67d673be0b7b3d7c35643855'),
    id: '78c4a09a-3cf3-433a-ab3f-16700822e5f6',
    vendedorId: '44196fa5-7585-4b1e-af3c-f4bad3563734',
    data: 2024-10-19T23:53:51.003Z,
    docinhosCoco: 104,
    __v: 0
  },
  {
    _id: new ObjectId('67d673c00b7b3d7c3564387b'),
    id: '05230e48-8316-48bd-ae73-75091f7399a4',
    vendedorId: '44196fa5-7585-4b1e-af3c-f4bad3563734',
    data: 2024-10-21T11:55:35.128Z,
    docinhosCoco: 30,
    __v: 0
  },
  {
    _id: new ObjectId('67d673c10b7b3d7c35643893'),
    id: '15205dfa-43cd-4270-914e-93478a850d0e',
    vendedorId: '44196fa5-7585-4b1e-af3c-f4bad3563734',
    data: 2024-10-22T09:19:25.607Z,
    docinhosCoco: 52,
    __v: 0
  },
  {
    _id: new ObjectId('67d673c30b7b3d7c356438ab'),
    id: 'd38b021b-0051-4940-af4a-d32d98649aeb',
    vendedorId: '44196fa5-7585-4b1e-af3c-f4bad3563734',
    data: 2024-10-23T00:46:05.202Z,
    docinhosCoco: 63,
    __v: 0
  },
  {
    _id: new ObjectId('67d673c60b7b3d7c356438e9'),
    id: 'a12d5a8b-ce11-47c1-be32-ae270a024744',
    vendedorId: '44196fa5-7585-4b1e-af3c-f4bad3563734',
    data: 2024-10-25T13:21:54.525Z,
    docinhosCoco: 67,
    __v: 0
  },
  {
    _id: new ObjectId('67d673c60b7b3d7c356438f1'),
    id: '174cc8d9-dbf7-4e78-a04c-51af619a9253',
    vendedorId: '44196fa5-7585-4b1e-af3c-f4bad3563734',
    data: 2024-10-25T20:13:15.882Z,
    docinhosCoco: 67,
    __v: 0
  },
  {
    _id: new ObjectId('67d673c70b7b3d7c356438ff'),
    id: '051d4e6f-b384-481c-9020-3e11fe771ab7',
    vendedorId: '44196fa5-7585-4b1e-af3c-f4bad3563734',
    data: 2024-10-26T07:23:31.779Z,
    docinhosCoco: 91,
    __v: 0
  },
  {
    _id: new ObjectId('67d673c80b7b3d7c35643919'),
    id: '3084e08d-f91f-41d5-9f5a-bf94f070f4b7',
    vendedorId: '44196fa5-7585-4b1e-af3c-f4bad3563734',
    data: 2024-10-26T15:39:52.743Z,
    docinhosCoco: 62,
    __v: 0
  },
  {
    _id: new ObjectId('67d673ca0b7b3d7c35643945'),
    id: '2af85504-5845-4722-bbbe-ef87b3336b53',
    vendedorId: '44196fa5-7585-4b1e-af3c-f4bad3563734',
    data: 2024-10-28T04:54:54.571Z,
    docinhosCoco: 65,
    __v: 0
  },
  {
    _id: new ObjectId('67d673cb0b7b3d7c35643959'),
    id: 'aefc4bc8-8063-4292-9042-c7734b874bd2',
    vendedorId: '44196fa5-7585-4b1e-af3c-f4bad3563734',
    data: 2024-10-29T01:52:22.916Z,
    docinhosCoco: 39,
    __v: 0
  },
  {
    _id: new ObjectId('67d673d00b7b3d7c356439ab'),
    id: 'c368777a-8334-40de-9aef-2420168e60a8',
    vendedorId: '44196fa5-7585-4b1e-af3c-f4bad3563734',
    data: 2024-10-31T21:40:12.644Z,
    docinhosCoco: 32,
    __v: 0
  },
  {
    _id: new ObjectId('67d673d00b7b3d7c356439ad'),
    id: '238e188d-a9ba-4aa8-8a36-619e1b405563',
    vendedorId: '44196fa5-7585-4b1e-af3c-f4bad3563734',
    data: 2024-10-31T22:54:13.621Z,
    docinhosCoco: 49,
    __v: 0
  },
  {
    _id: new ObjectId('67d673d70b7b3d7c35643a3d'),
    id: 'd3d4ca28-97db-45d6-ab66-0446f5d55a34',
    vendedorId: '44196fa5-7585-4b1e-af3c-f4bad3563734',
    data: 2024-11-05T10:20:08.501Z,
    docinhosCoco: 55,
    __v: 0
  },
  {
    _id: new ObjectId('67d673dd0b7b3d7c35643ab7'),
    id: '7463961a-864f-4636-8c65-671a57d71ed8',
    vendedorId: '44196fa5-7585-4b1e-af3c-f4bad3563734',
    data: 2024-11-08T14:41:55.608Z,
    docinhosCoco: 70,
    __v: 0
  },
  {
    _id: new ObjectId('67d673f40b7b3d7c35643c73'),
    id: '81799b10-c1a1-4714-9519-a8313e099c2d',
    vendedorId: '44196fa5-7585-4b1e-af3c-f4bad3563734',
    data: 2024-11-22T18:23:59.658Z,
    docinhosCoco: 48,
    __v: 0
  },
  {
    _id: new ObjectId('67d673f50b7b3d7c35643c7f'),
    id: 'f44c76aa-3a65-41d3-be58-a4a0c2258d18',
    vendedorId: '44196fa5-7585-4b1e-af3c-f4bad3563734',
    data: 2024-11-22T21:46:44.747Z,
    docinhosCoco: 44,
    __v: 0
  },
  {
    _id: new ObjectId('67d673f70b7b3d7c35643ca7'),
    id: '15814747-d7d3-4590-8b0f-eac74e3dd633',
    vendedorId: '44196fa5-7585-4b1e-af3c-f4bad3563734',
    data: 2024-11-23T21:05:37.977Z,
    docinhosCoco: 68,
    __v: 0
  },
  {
    _id: new ObjectId('67d673fa0b7b3d7c35643ce9'),
    id: '97c86712-577e-43a9-9b8b-9b0f65877d7a',
    vendedorId: '44196fa5-7585-4b1e-af3c-f4bad3563734',
    data: 2024-11-25T21:45:34.926Z,
    docinhosCoco: 31,
    __v: 0
  },
  {
    _id: new ObjectId('67d673fa0b7b3d7c35643ced'),
    id: 'c980a7b1-382e-49eb-93f1-93721a5349cc',
    vendedorId: '44196fa5-7585-4b1e-af3c-f4bad3563734',
    data: 2024-11-26T01:53:10.384Z,
    docinhosCoco: 61,
    __v: 0
  },
  {
    _id: new ObjectId('67d674000b7b3d7c35643d57'),
    id: '74a5c021-3a0e-48b2-bbc1-854f8fd55f4c',
    vendedorId: '44196fa5-7585-4b1e-af3c-f4bad3563734',
    data: 2024-11-29T15:46:42.533Z,
    docinhosCoco: 36,
    __v: 0
  },
  {
    _id: new ObjectId('67d674010b7b3d7c35643d71'),
    id: '9493ccce-9e3d-4860-8aa7-f1ca16f4a94b',
    vendedorId: '44196fa5-7585-4b1e-af3c-f4bad3563734',
    data: 2024-11-30T08:14:35.666Z,
    docinhosCoco: 48,
    __v: 0
  },
  {
    _id: new ObjectId('67d674030b7b3d7c35643d97'),
    id: '3388056d-d81d-477d-8d8c-84d6f6dde7f1',
    vendedorId: '44196fa5-7585-4b1e-af3c-f4bad3563734',
    data: 2024-12-01T05:18:18.310Z,
    docinhosCoco: 75,
    __v: 0
  },
  {
    _id: new ObjectId('67d674050b7b3d7c35643dc9'),
    id: 'fa1468b9-928b-4c00-ab9f-054ba5a74b87',
    vendedorId: '44196fa5-7585-4b1e-af3c-f4bad3563734',
    data: 2024-12-02T18:27:02.761Z,
    docinhosCoco: 56,
    __v: 0
  },
  {
    _id: new ObjectId('67d674080b7b3d7c35643df5'),
    id: '68d4b175-5809-4224-b574-b557f88b295f',
    vendedorId: '44196fa5-7585-4b1e-af3c-f4bad3563734',
    data: 2024-12-04T14:06:28.057Z,
    docinhosCoco: 90,
    __v: 0
  },
  {
    _id: new ObjectId('67d674080b7b3d7c35643dff'),
    id: '6f6f4407-ea89-411a-bb73-5a9a975b4759',
    vendedorId: '44196fa5-7585-4b1e-af3c-f4bad3563734',
    data: 2024-12-05T00:12:25.250Z,
    docinhosCoco: 67,
    __v: 0
  },
  {
    _id: new ObjectId('67d6740c0b7b3d7c35643e47'),
    id: '3bc46fc2-9f9f-46da-a218-4a70c743f9e3',
    vendedorId: '44196fa5-7585-4b1e-af3c-f4bad3563734',
    data: 2024-12-07T08:10:38.513Z,
    docinhosCoco: 53,
    __v: 0
  },
  {
    _id: new ObjectId('67d6740d0b7b3d7c35643e5b'),
    id: '43d2eb15-d758-4627-8fe0-c0cf40dfa51c',
    vendedorId: '44196fa5-7585-4b1e-af3c-f4bad3563734',
    data: 2024-12-07T18:41:07.685Z,
    docinhosCoco: 105,
    __v: 0
  },
  {
    _id: new ObjectId('67d6740e0b7b3d7c35643e71'),
    id: '09be6cbe-ce46-4754-b63b-87c9ef70e0bf',
    vendedorId: '44196fa5-7585-4b1e-af3c-f4bad3563734',
    data: 2024-12-08T09:33:53.417Z,
    docinhosCoco: 65,
    __v: 0
  },
  {
    _id: new ObjectId('67d674100b7b3d7c35643e9d'),
    id: '33011340-e45d-483a-91ba-438b7e52ba37',
    vendedorId: '44196fa5-7585-4b1e-af3c-f4bad3563734',
    data: 2024-12-09T14:31:35.364Z,
    docinhosCoco: 64,
    __v: 0
  },
  {
    _id: new ObjectId('67d674120b7b3d7c35643ecb'),
    id: '7e51c5d2-e0c6-4948-9a7b-d0ca5df464bc',
    vendedorId: '44196fa5-7585-4b1e-af3c-f4bad3563734',
    data: 2024-12-11T12:59:46.519Z,
    docinhosCoco: 88,
    __v: 0
  },
  {
    _id: new ObjectId('67d674130b7b3d7c35643ecf'),
    id: '398b86b8-ba02-460a-b1af-79359200d58d',
    vendedorId: '44196fa5-7585-4b1e-af3c-f4bad3563734',
    data: 2024-12-11T13:19:24.828Z,
    docinhosCoco: 36,
    __v: 0
  },
  {
    _id: new ObjectId('67d674140b7b3d7c35643eef'),
    id: 'e8d955b1-6c6c-4143-9ae3-06e3a2be1607',
    vendedorId: '44196fa5-7585-4b1e-af3c-f4bad3563734',
    data: 2024-12-12T20:55:28.261Z,
    docinhosCoco: 64,
    __v: 0
  },
  {
    _id: new ObjectId('67d674150b7b3d7c35643ef7'),
    id: '29e6298c-5218-41e8-b2e3-0d1a606b5c7a',
    vendedorId: '44196fa5-7585-4b1e-af3c-f4bad3563734',
    data: 2024-12-13T01:39:48.991Z,
    docinhosCoco: 63,
    __v: 0
  },
  {
    _id: new ObjectId('67d674160b7b3d7c35643f19'),
    id: '93a1c4bf-2f99-460a-8745-b6088b592567',
    vendedorId: '44196fa5-7585-4b1e-af3c-f4bad3563734',
    data: 2024-12-13T23:00:59.222Z,
    docinhosCoco: 82,
    __v: 0
  },
  {
    _id: new ObjectId('67d674190b7b3d7c35643f45'),
    id: 'c72c9e22-9750-4f95-b79a-300474931a21',
    vendedorId: '44196fa5-7585-4b1e-af3c-f4bad3563734',
    data: 2024-12-15T08:33:20.513Z,
    docinhosCoco: 56,
    __v: 0
  },
  {
    _id: new ObjectId('67d6741d0b7b3d7c35643f9f'),
    id: '8646b7c8-a7a0-47c7-8440-859d1e7f33c9',
    vendedorId: '44196fa5-7585-4b1e-af3c-f4bad3563734',
    data: 2024-12-17T17:56:43.144Z,
    docinhosCoco: 91,
    __v: 0
  },
  {
    _id: new ObjectId('67d674210b7b3d7c35643fe1'),
    id: '163df88d-7a2b-4a46-b202-d7889c80e384',
    vendedorId: '44196fa5-7585-4b1e-af3c-f4bad3563734',
    data: 2024-12-20T10:07:16.364Z,
    docinhosCoco: 40,
    __v: 0
  },
  {
    _id: new ObjectId('67d674220b7b3d7c35643ff7'),
    id: 'ea80dfd7-9f11-4df4-8bc4-ef8a1209e793',
    vendedorId: '44196fa5-7585-4b1e-af3c-f4bad3563734',
    data: 2024-12-21T03:09:36.369Z,
    docinhosCoco: 85,
    __v: 0
  },
  {
    _id: new ObjectId('67d674230b7b3d7c35644015'),
    id: 'e5448c18-828d-4605-b537-6d923403a02f',
    vendedorId: '44196fa5-7585-4b1e-af3c-f4bad3563734',
    data: 2024-12-21T20:36:58.375Z,
    docinhosCoco: 108,
    __v: 0
  },
  {
    _id: new ObjectId('67d674240b7b3d7c35644025'),
    id: '5181c841-d709-4b0f-862e-6f9d638f63bc',
    vendedorId: '44196fa5-7585-4b1e-af3c-f4bad3563734',
    data: 2024-12-23T00:41:44.823Z,
    docinhosCoco: 65,
    __v: 0
  },
  {
    _id: new ObjectId('67d674250b7b3d7c3564403b'),
    id: '4a2907e1-8685-44f1-b1f3-15845d537fcb',
    vendedorId: '44196fa5-7585-4b1e-af3c-f4bad3563734',
    data: 2024-12-23T15:48:13.494Z,
    docinhosCoco: 48,
    __v: 0
  },
  {
    _id: new ObjectId('67d674260b7b3d7c35644047'),
    id: '32605064-5bd3-4c77-9d6c-ecfe783f8fb2',
    vendedorId: '44196fa5-7585-4b1e-af3c-f4bad3563734',
    data: 2024-12-23T19:48:01.107Z,
    docinhosCoco: 76,
    __v: 0
  },
  {
    _id: new ObjectId('67d674270b7b3d7c3564405d'),
    id: '3806a0fd-eff9-4bf4-9096-a878c6177461',
    vendedorId: '44196fa5-7585-4b1e-af3c-f4bad3563734',
    data: 2024-12-24T10:46:34.449Z,
    docinhosCoco: 43,
    __v: 0
  },
  {
    _id: new ObjectId('67d674270b7b3d7c35644067'),
    id: 'c46a33cb-85e4-4040-b68c-08c400c0a2af',
    vendedorId: '44196fa5-7585-4b1e-af3c-f4bad3563734',
    data: 2024-12-24T14:27:43.147Z,
    docinhosCoco: 72,
    __v: 0
  },
  {
    _id: new ObjectId('67d674340b7b3d7c35644169'),
    id: '0a18adb0-9e2f-4795-a0ec-a2586e5d75ea',
    vendedorId: '44196fa5-7585-4b1e-af3c-f4bad3563734',
    data: 2025-01-01T08:11:05.443Z,
    docinhosCoco: 38,
    __v: 0
  },
  {
    _id: new ObjectId('67d674370b7b3d7c356441a1'),
    id: '561fc35e-c437-409f-8f8a-d15cec432171',
    vendedorId: '44196fa5-7585-4b1e-af3c-f4bad3563734',
    data: 2025-01-03T02:38:02.602Z,
    docinhosCoco: 43,
    __v: 0
  },
  {
    _id: new ObjectId('67d674390b7b3d7c356441bb'),
    id: '98500d20-3c33-4d52-87d0-48432bd96da9',
    vendedorId: '44196fa5-7585-4b1e-af3c-f4bad3563734',
    data: 2025-01-03T18:42:15.740Z,
    docinhosCoco: 53,
    __v: 0
  },
  {
    _id: new ObjectId('67d6743b0b7b3d7c356441f1'),
    id: '00a2aa0b-4edb-4d21-9c41-f470dda9cbba',
    vendedorId: '44196fa5-7585-4b1e-af3c-f4bad3563734',
    data: 2025-01-06T00:18:59.483Z,
    docinhosCoco: 75,
    __v: 0
  },
  {
    _id: new ObjectId('67d6743c0b7b3d7c356441f7'),
    id: '0e01c33e-da9d-4f84-b844-b18215ccd182',
    vendedorId: '44196fa5-7585-4b1e-af3c-f4bad3563734',
    data: 2025-01-06T06:36:11.821Z,
    docinhosCoco: 73,
    __v: 0
  },
  {
    _id: new ObjectId('67d674440b7b3d7c3564429f'),
    id: '2262d978-89b2-4da1-a5c6-2151cce323aa',
    vendedorId: '44196fa5-7585-4b1e-af3c-f4bad3563734',
    data: 2025-01-11T17:36:22.704Z,
    docinhosCoco: 54,
    __v: 0
  },
  {
    _id: new ObjectId('67d674450b7b3d7c356442ad'),
    id: '6c8025e0-3b54-4d68-924b-699ff233ac81',
    vendedorId: '44196fa5-7585-4b1e-af3c-f4bad3563734',
    data: 2025-01-12T14:57:14.699Z,
    docinhosCoco: 70,
    __v: 0
  },
  {
    _id: new ObjectId('67d674460b7b3d7c356442cd'),
    id: '07d6e788-591e-4f29-a68e-a4f32afd80a9',
    vendedorId: '44196fa5-7585-4b1e-af3c-f4bad3563734',
    data: 2025-01-13T12:41:01.559Z,
    docinhosCoco: 58,
    __v: 0
  },
  {
    _id: new ObjectId('67d6744c0b7b3d7c35644331'),
    id: '7e3fac06-a846-482e-b9ca-db0c6423b18f',
    vendedorId: '44196fa5-7585-4b1e-af3c-f4bad3563734',
    data: 2025-01-17T03:38:00.083Z,
    docinhosCoco: 43,
    __v: 0
  },
  {
    _id: new ObjectId('67d6744d0b7b3d7c3564434b'),
    id: '2bcc8b63-787f-4a90-85ff-b039cf78385e',
    vendedorId: '44196fa5-7585-4b1e-af3c-f4bad3563734',
    data: 2025-01-18T00:55:00.994Z,
    docinhosCoco: 75,
    __v: 0
  },
  {
    _id: new ObjectId('67d6744e0b7b3d7c3564435d'),
    id: 'd61258fc-70f6-404d-828d-c2b72808bfcb',
    vendedorId: '44196fa5-7585-4b1e-af3c-f4bad3563734',
    data: 2025-01-18T11:48:58.307Z,
    docinhosCoco: 79,
    __v: 0
  },
  {
    _id: new ObjectId('67d6744f0b7b3d7c3564437d'),
    id: '47e43e7e-a5f6-4244-accf-d08c6e659608',
    vendedorId: '44196fa5-7585-4b1e-af3c-f4bad3563734',
    data: 2025-01-19T12:08:59.697Z,
    docinhosCoco: 57,
    __v: 0
  },
  {
    _id: new ObjectId('67d674510b7b3d7c35644395'),
    id: '20758e1c-8d83-492b-9725-cb6af7da8b15',
    vendedorId: '44196fa5-7585-4b1e-af3c-f4bad3563734',
    data: 2025-01-20T07:28:21.025Z,
    docinhosCoco: 70,
    __v: 0
  },
  {
    _id: new ObjectId('67d674520b7b3d7c356443ab'),
    id: '73425e79-0a5b-43fe-8fd3-c10e910d99f1',
    vendedorId: '44196fa5-7585-4b1e-af3c-f4bad3563734',
    data: 2025-01-20T19:06:36.027Z,
    docinhosCoco: 49,
    __v: 0
  },
  {
    _id: new ObjectId('67d674570b7b3d7c35644419'),
    id: 'ee8f66cb-09e3-48a8-a08c-005b3a0dfc44',
    vendedorId: '44196fa5-7585-4b1e-af3c-f4bad3563734',
    data: 2025-01-25T03:39:40.451Z,
    docinhosCoco: 55,
    __v: 0
  },
  {
    _id: new ObjectId('67d674590b7b3d7c3564443b'),
    id: 'bf2c20ad-5112-46b2-8516-19b187bb92ac',
    vendedorId: '44196fa5-7585-4b1e-af3c-f4bad3563734',
    data: 2025-01-26T06:23:22.154Z,
    docinhosCoco: 59,
    __v: 0
  },
  {
    _id: new ObjectId('67d6745a0b7b3d7c35644457'),
    id: '55449b90-db20-418b-9e11-4c0b11255bcf',
    vendedorId: '44196fa5-7585-4b1e-af3c-f4bad3563734',
    data: 2025-01-26T20:13:44.720Z,
    docinhosCoco: 40,
    __v: 0
  },
  {
    _id: new ObjectId('67d6745d0b7b3d7c3564448d'),
    id: 'ee8c3c06-8fa3-4c69-a228-3f6ebaf3cfd2',
    vendedorId: '44196fa5-7585-4b1e-af3c-f4bad3563734',
    data: 2025-01-28T04:57:43.732Z,
    docinhosCoco: 43,
    __v: 0
  },
  {
    _id: new ObjectId('67d6745d0b7b3d7c3564448f'),
    id: 'bb23d201-5350-4d88-85d0-3f589887abbb',
    vendedorId: '44196fa5-7585-4b1e-af3c-f4bad3563734',
    data: 2025-01-28T07:52:24.397Z,
    docinhosCoco: 70,
    __v: 0
  },
  {
    _id: new ObjectId('67d674610b7b3d7c356444dd'),
    id: '62e836da-f6e0-4eda-a117-4605e3956261',
    vendedorId: '44196fa5-7585-4b1e-af3c-f4bad3563734',
    data: 2025-01-31T04:46:25.375Z,
    docinhosCoco: 80,
    __v: 0
  },
  {
    _id: new ObjectId('67d674630b7b3d7c356444f9'),
    id: 'f096cd6d-5b24-4c49-b6ae-a12cbc2f088d',
    vendedorId: '44196fa5-7585-4b1e-af3c-f4bad3563734',
    data: 2025-02-01T01:09:46.304Z,
    docinhosCoco: 40,
    __v: 0
  },
  {
    _id: new ObjectId('67d674640b7b3d7c35644509'),
    id: '61efcad2-929c-4fa2-bf80-0960596c8563',
    vendedorId: '44196fa5-7585-4b1e-af3c-f4bad3563734',
    data: 2025-02-01T11:18:06.366Z,
    docinhosCoco: 89,
    __v: 0
  },
  {
    _id: new ObjectId('67d674670b7b3d7c3564453f'),
    id: '4a12239d-5f70-4141-b321-b253ea7a2320',
    vendedorId: '44196fa5-7585-4b1e-af3c-f4bad3563734',
    data: 2025-02-03T00:41:14.680Z,
    docinhosCoco: 71,
    __v: 0
  },
  {
    _id: new ObjectId('67d6746b0b7b3d7c35644581'),
    id: '6352ee7a-fb49-4256-9a9c-c4bd7c17b8fa',
    vendedorId: '44196fa5-7585-4b1e-af3c-f4bad3563734',
    data: 2025-02-05T06:43:25.322Z,
    docinhosCoco: 38,
    __v: 0
  },
  ... 17 more items
]
✅ Processado vendedor: Carlos Monteiro
Debug - Repository - Query params: {
  vendedorId: 'f9e0ffc2-ca86-4f55-9d09-eb5e10b85ce3',
  dataInicio: 2024-09-17T03:00:00.000Z,
  dataFim: 2025-03-18T02:59:59.999Z
}
Debug - Repository - MongoDB query: {
  vendedorId: 'f9e0ffc2-ca86-4f55-9d09-eb5e10b85ce3',
  data: { '$gte': 1726542000000, '$lte': 1742266799999 }
}
Debug - Repository - Resultado encontrado: [
  {
    _id: new ObjectId('67c9967f90c4d048db4a8f70'),
    id: '4ecd0644-1fe5-4e17-8347-222f4ba49225',
    vendedorId: 'f9e0ffc2-ca86-4f55-9d09-eb5e10b85ce3',
    data: 2025-01-02T00:00:00.000Z,
    docinhosCoco: 1889,
    __v: 0
  },
  {
    _id: new ObjectId('67c9969c90c4d048db4a8fb4'),
    id: '20e222af-b3d3-4d3b-9185-3e2c82d74715',
    vendedorId: 'f9e0ffc2-ca86-4f55-9d09-eb5e10b85ce3',
    data: 2025-01-06T00:00:00.000Z,
    docinhosCoco: 627,
    __v: 0
  },
  {
    _id: new ObjectId('67c996b490c4d048db4a8fea'),
    id: 'bad01b68-286d-47ba-9988-878204f48766',
    vendedorId: 'f9e0ffc2-ca86-4f55-9d09-eb5e10b85ce3',
    data: 2025-01-03T00:00:00.000Z,
    docinhosCoco: 1761,
    __v: 0
  },
  {
    _id: new ObjectId('67c997ed90c4d048db4a9077'),
    id: 'b494003e-9b0e-43ae-be7f-14977754bb1c',
    vendedorId: 'f9e0ffc2-ca86-4f55-9d09-eb5e10b85ce3',
    data: 2025-02-23T00:00:00.000Z,
    docinhosCoco: 1395,
    __v: 0
  },
  {
    _id: new ObjectId('67c9980a90c4d048db4a90b1'),
    id: '68856039-2754-4952-8c58-951a4f869f40',
    vendedorId: 'f9e0ffc2-ca86-4f55-9d09-eb5e10b85ce3',
    data: 2025-02-22T00:00:00.000Z,
    docinhosCoco: 1559,
    __v: 0
  },
  {
    _id: new ObjectId('67d6738e0b7b3d7c356434af'),
    id: 'b540ba5b-fc9c-429f-95b4-0a8e58f9af4a',
    vendedorId: 'f9e0ffc2-ca86-4f55-9d09-eb5e10b85ce3',
    data: 2024-09-18T09:32:04.509Z,
    docinhosCoco: 51,
    __v: 0
  },
  {
    _id: new ObjectId('67d673910b7b3d7c356434e5'),
    id: 'eb59546a-b2e5-4352-8daa-cf96e142febc',
    vendedorId: 'f9e0ffc2-ca86-4f55-9d09-eb5e10b85ce3',
    data: 2024-09-20T08:56:03.271Z,
    docinhosCoco: 77,
    __v: 0
  },
  {
    _id: new ObjectId('67d673910b7b3d7c356434e7'),
    id: '5408067b-041a-4c0f-acc9-4f9313fa6bb5',
    vendedorId: 'f9e0ffc2-ca86-4f55-9d09-eb5e10b85ce3',
    data: 2024-09-20T10:50:36.685Z,
    docinhosCoco: 33,
    __v: 0
  },
  {
    _id: new ObjectId('67d673940b7b3d7c35643517'),
    id: 'befbf650-2a6a-4e28-9cd9-c9689624cba8',
    vendedorId: 'f9e0ffc2-ca86-4f55-9d09-eb5e10b85ce3',
    data: 2024-09-22T07:56:06.419Z,
    docinhosCoco: 92,
    __v: 0
  },
  {
    _id: new ObjectId('67d6739f0b7b3d7c356435f5'),
    id: '7faf34cd-0c7c-4ddd-846c-8ec85a913729',
    vendedorId: 'f9e0ffc2-ca86-4f55-9d09-eb5e10b85ce3',
    data: 2024-09-28T22:00:28.377Z,
    docinhosCoco: 93,
    __v: 0
  },
  {
    _id: new ObjectId('67d673a50b7b3d7c3564366b'),
    id: 'b04e2f97-7315-425e-8c40-f29d21bdd8ec',
    vendedorId: 'f9e0ffc2-ca86-4f55-9d09-eb5e10b85ce3',
    data: 2024-10-03T09:32:03.440Z,
    docinhosCoco: 32,
    __v: 0
  },
  {
    _id: new ObjectId('67d673a70b7b3d7c3564368d'),
    id: '0b72e919-2ef5-44ff-b850-403df50f4887',
    vendedorId: 'f9e0ffc2-ca86-4f55-9d09-eb5e10b85ce3',
    data: 2024-10-05T01:26:06.564Z,
    docinhosCoco: 39,
    __v: 0
  },
  {
    _id: new ObjectId('67d673a80b7b3d7c3564369f'),
    id: '1e8ec422-2984-4e0a-8112-b0a84075c66d',
    vendedorId: 'f9e0ffc2-ca86-4f55-9d09-eb5e10b85ce3',
    data: 2024-10-05T18:56:32.219Z,
    docinhosCoco: 66,
    __v: 0
  },
  {
    _id: new ObjectId('67d673b80b7b3d7c356437df'),
    id: 'd5ffc8f9-8df7-49aa-92ab-3fc6a8a4b9d8',
    vendedorId: 'f9e0ffc2-ca86-4f55-9d09-eb5e10b85ce3',
    data: 2024-10-16T18:50:57.655Z,
    docinhosCoco: 69,
    __v: 0
  },
  {
    _id: new ObjectId('67d673bb0b7b3d7c35643813'),
    id: '91b5cd73-f5c3-4a49-b036-fd01aa6a4a4c',
    vendedorId: 'f9e0ffc2-ca86-4f55-9d09-eb5e10b85ce3',
    data: 2024-10-18T06:11:57.544Z,
    docinhosCoco: 51,
    __v: 0
  },
  {
    _id: new ObjectId('67d673bf0b7b3d7c35643867'),
    id: 'dbca7143-d8d8-4396-8f11-0a87d29a00d6',
    vendedorId: 'f9e0ffc2-ca86-4f55-9d09-eb5e10b85ce3',
    data: 2024-10-20T17:58:05.880Z,
    docinhosCoco: 48,
    __v: 0
  },
  {
    _id: new ObjectId('67d673c40b7b3d7c356438c7'),
    id: '8de43c0a-32a1-4392-8097-c29d1e80dd77',
    vendedorId: 'f9e0ffc2-ca86-4f55-9d09-eb5e10b85ce3',
    data: 2024-10-24T01:49:48.403Z,
    docinhosCoco: 76,
    __v: 0
  },
  {
    _id: new ObjectId('67d673c50b7b3d7c356438d7'),
    id: '28c1c22c-ee02-467c-bc6d-63bd7096b967',
    vendedorId: 'f9e0ffc2-ca86-4f55-9d09-eb5e10b85ce3',
    data: 2024-10-24T13:30:34.505Z,
    docinhosCoco: 38,
    __v: 0
  },
  {
    _id: new ObjectId('67d673c50b7b3d7c356438e1'),
    id: '38da7aeb-f48c-43c7-b22e-3b2c2404ab7f',
    vendedorId: 'f9e0ffc2-ca86-4f55-9d09-eb5e10b85ce3',
    data: 2024-10-25T00:01:53.962Z,
    docinhosCoco: 73,
    __v: 0
  },
  {
    _id: new ObjectId('67d673c70b7b3d7c35643903'),
    id: '9bf702d2-7d4a-4126-bbf9-44dab3503518',
    vendedorId: 'f9e0ffc2-ca86-4f55-9d09-eb5e10b85ce3',
    data: 2024-10-26T09:27:17.688Z,
    docinhosCoco: 93,
    __v: 0
  },
  {
    _id: new ObjectId('67d673c90b7b3d7c35643923'),
    id: '650ec09e-7a17-46e8-9b80-91fe91d5f85e',
    vendedorId: 'f9e0ffc2-ca86-4f55-9d09-eb5e10b85ce3',
    data: 2024-10-26T20:41:40.789Z,
    docinhosCoco: 78,
    __v: 0
  },
  {
    _id: new ObjectId('67d673cd0b7b3d7c3564396f'),
    id: '5979a2e3-3403-4a4d-942b-563b1c642f78',
    vendedorId: 'f9e0ffc2-ca86-4f55-9d09-eb5e10b85ce3',
    data: 2024-10-30T00:02:13.860Z,
    docinhosCoco: 61,
    __v: 0
  },
  {
    _id: new ObjectId('67d673cf0b7b3d7c356439a9'),
    id: '7c3caf2d-c72c-47bd-9bd0-c3a6546e2556',
    vendedorId: 'f9e0ffc2-ca86-4f55-9d09-eb5e10b85ce3',
    data: 2024-10-31T21:24:51.397Z,
    docinhosCoco: 44,
    __v: 0
  },
  {
    _id: new ObjectId('67d673e60b7b3d7c35643b5b'),
    id: '03df5cee-c3d0-4324-a68a-37fea69eb7ac',
    vendedorId: 'f9e0ffc2-ca86-4f55-9d09-eb5e10b85ce3',
    data: 2024-11-13T18:44:20.239Z,
    docinhosCoco: 64,
    __v: 0
  },
  {
    _id: new ObjectId('67d673eb0b7b3d7c35643bc5'),
    id: 'b454356e-0afc-40da-880e-5179887cd1a2',
    vendedorId: 'f9e0ffc2-ca86-4f55-9d09-eb5e10b85ce3',
    data: 2024-11-17T01:16:18.659Z,
    docinhosCoco: 80,
    __v: 0
  },
  {
    _id: new ObjectId('67d673ef0b7b3d7c35643c15'),
    id: '85e01625-499f-4c68-889f-b158dd4392c4',
    vendedorId: 'f9e0ffc2-ca86-4f55-9d09-eb5e10b85ce3',
    data: 2024-11-19T21:26:56.203Z,
    docinhosCoco: 78,
    __v: 0
  },
  {
    _id: new ObjectId('67d673f30b7b3d7c35643c67'),
    id: '5be496eb-ed69-4c94-a049-85660e687662',
    vendedorId: 'f9e0ffc2-ca86-4f55-9d09-eb5e10b85ce3',
    data: 2024-11-22T11:47:14.283Z,
    docinhosCoco: 75,
    __v: 0
  },
  {
    _id: new ObjectId('67d673f40b7b3d7c35643c6b'),
    id: 'a5d04d77-36f6-4f01-acab-88742df27f05',
    vendedorId: 'f9e0ffc2-ca86-4f55-9d09-eb5e10b85ce3',
    data: 2024-11-22T13:54:02.206Z,
    docinhosCoco: 46,
    __v: 0
  },
  {
    _id: new ObjectId('67d673f70b7b3d7c35643cb7'),
    id: '0d869459-909b-43fa-ad3c-0c7709f85e7b',
    vendedorId: 'f9e0ffc2-ca86-4f55-9d09-eb5e10b85ce3',
    data: 2024-11-24T06:02:23.065Z,
    docinhosCoco: 74,
    __v: 0
  },
  {
    _id: new ObjectId('67d673fb0b7b3d7c35643d03'),
    id: '1b250662-9e50-4ea8-bdcc-82ef2d10d5dc',
    vendedorId: 'f9e0ffc2-ca86-4f55-9d09-eb5e10b85ce3',
    data: 2024-11-26T23:29:12.448Z,
    docinhosCoco: 53,
    __v: 0
  },
  {
    _id: new ObjectId('67d674000b7b3d7c35643d61'),
    id: 'af952f77-68c5-4cc0-b275-c9dd66798d58',
    vendedorId: 'f9e0ffc2-ca86-4f55-9d09-eb5e10b85ce3',
    data: 2024-11-30T00:42:51.953Z,
    docinhosCoco: 78,
    __v: 0
  },
  {
    _id: new ObjectId('67d674040b7b3d7c35643dab'),
    id: '4eaaf53c-40c5-49aa-a404-91c28026ce04',
    vendedorId: 'f9e0ffc2-ca86-4f55-9d09-eb5e10b85ce3',
    data: 2024-12-01T17:24:34.556Z,
    docinhosCoco: 50,
    __v: 0
  },
  {
    _id: new ObjectId('67d674050b7b3d7c35643dc1'),
    id: 'f9e2e382-7e07-4709-bef9-2bb07e4e96bd',
    vendedorId: 'f9e0ffc2-ca86-4f55-9d09-eb5e10b85ce3',
    data: 2024-12-02T10:32:23.749Z,
    docinhosCoco: 54,
    __v: 0
  },
  {
    _id: new ObjectId('67d674090b7b3d7c35643e13'),
    id: 'c3183ddc-a079-4641-babc-81dc0db1aaa1',
    vendedorId: 'f9e0ffc2-ca86-4f55-9d09-eb5e10b85ce3',
    data: 2024-12-05T12:44:27.843Z,
    docinhosCoco: 94,
    __v: 0
  },
  {
    _id: new ObjectId('67d6740b0b7b3d7c35643e2f'),
    id: '9369e560-98c7-4a52-8300-73eb608892d5',
    vendedorId: 'f9e0ffc2-ca86-4f55-9d09-eb5e10b85ce3',
    data: 2024-12-06T14:19:23.831Z,
    docinhosCoco: 42,
    __v: 0
  },
  {
    _id: new ObjectId('67d674100b7b3d7c35643e99'),
    id: 'b0dfad5e-79ce-4752-9f7b-1ba648f84c73',
    vendedorId: 'f9e0ffc2-ca86-4f55-9d09-eb5e10b85ce3',
    data: 2024-12-09T07:51:34.726Z,
    docinhosCoco: 48,
    __v: 0
  },
  {
    _id: new ObjectId('67d674140b7b3d7c35643ee9'),
    id: '2db3e85c-3a2c-47df-af1c-5773f0e3b130',
    vendedorId: 'f9e0ffc2-ca86-4f55-9d09-eb5e10b85ce3',
    data: 2024-12-12T11:42:10.862Z,
    docinhosCoco: 69,
    __v: 0
  },
  {
    _id: new ObjectId('67d6741a0b7b3d7c35643f5b'),
    id: '3270aed8-2e6d-4c2a-8b6f-0379e5531d4c',
    vendedorId: 'f9e0ffc2-ca86-4f55-9d09-eb5e10b85ce3',
    data: 2024-12-15T20:51:05.332Z,
    docinhosCoco: 75,
    __v: 0
  },
  {
    _id: new ObjectId('67d6741e0b7b3d7c35643fb7'),
    id: '5dcdc434-fde6-4417-acb9-2381f0fca6f9',
    vendedorId: 'f9e0ffc2-ca86-4f55-9d09-eb5e10b85ce3',
    data: 2024-12-18T18:47:44.667Z,
    docinhosCoco: 69,
    __v: 0
  },
  {
    _id: new ObjectId('67d674200b7b3d7c35643fdd'),
    id: '78ae95f8-f7ef-42a9-b90f-175ad6eba72f',
    vendedorId: 'f9e0ffc2-ca86-4f55-9d09-eb5e10b85ce3',
    data: 2024-12-20T09:22:34.860Z,
    docinhosCoco: 62,
    __v: 0
  },
  {
    _id: new ObjectId('67d674250b7b3d7c3564402f'),
    id: '9a4c9c6e-f0a5-407e-943a-eb2de7f4da96',
    vendedorId: 'f9e0ffc2-ca86-4f55-9d09-eb5e10b85ce3',
    data: 2024-12-23T09:11:27.613Z,
    docinhosCoco: 57,
    __v: 0
  },
  {
    _id: new ObjectId('67d6742f0b7b3d7c356440f5'),
    id: 'd7ced9f5-90c1-41ea-ae62-c2ede6fe5bd9',
    vendedorId: 'f9e0ffc2-ca86-4f55-9d09-eb5e10b85ce3',
    data: 2024-12-29T03:58:49.065Z,
    docinhosCoco: 90,
    __v: 0
  },
  {
    _id: new ObjectId('67d674300b7b3d7c3564410b'),
    id: 'a7c870d2-9923-43af-93ec-5445f29a44a4',
    vendedorId: 'f9e0ffc2-ca86-4f55-9d09-eb5e10b85ce3',
    data: 2024-12-29T15:07:31.073Z,
    docinhosCoco: 72,
    __v: 0
  },
  {
    _id: new ObjectId('67d674350b7b3d7c3564416f'),
    id: 'd263a8a7-465b-4d35-bf1d-116ffcdd7355',
    vendedorId: 'f9e0ffc2-ca86-4f55-9d09-eb5e10b85ce3',
    data: 2025-01-01T10:20:20.861Z,
    docinhosCoco: 32,
    __v: 0
  },
  {
    _id: new ObjectId('67d674390b7b3d7c356441c3'),
    id: '5637857e-5593-42fe-90e3-5e72f395b11f',
    vendedorId: 'f9e0ffc2-ca86-4f55-9d09-eb5e10b85ce3',
    data: 2025-01-04T01:54:34.209Z,
    docinhosCoco: 57,
    __v: 0
  },
  {
    _id: new ObjectId('67d674390b7b3d7c356441c5'),
    id: '9b8c189d-89f5-4531-88df-b87214ed7e4c',
    vendedorId: 'f9e0ffc2-ca86-4f55-9d09-eb5e10b85ce3',
    data: 2025-01-04T03:46:13.859Z,
    docinhosCoco: 74,
    __v: 0
  },
  {
    _id: new ObjectId('67d674430b7b3d7c3564428d'),
    id: '55c01ddb-cf36-411f-9757-b7822a1b005c',
    vendedorId: 'f9e0ffc2-ca86-4f55-9d09-eb5e10b85ce3',
    data: 2025-01-11T02:42:37.943Z,
    docinhosCoco: 70,
    __v: 0
  },
  {
    _id: new ObjectId('67d6744c0b7b3d7c3564433d'),
    id: 'e3edb6bb-674a-451b-a753-766a75dc4d8c',
    vendedorId: 'f9e0ffc2-ca86-4f55-9d09-eb5e10b85ce3',
    data: 2025-01-17T15:40:08.702Z,
    docinhosCoco: 54,
    __v: 0
  },
  {
    _id: new ObjectId('67d6744f0b7b3d7c35644375'),
    id: '51e4d4c7-e39e-4cae-8a78-ae1973799687',
    vendedorId: 'f9e0ffc2-ca86-4f55-9d09-eb5e10b85ce3',
    data: 2025-01-19T04:54:24.055Z,
    docinhosCoco: 71,
    __v: 0
  },
  {
    _id: new ObjectId('67d674540b7b3d7c356443d1'),
    id: 'c0d701dc-cd73-4421-946c-73dadb660f14',
    vendedorId: 'f9e0ffc2-ca86-4f55-9d09-eb5e10b85ce3',
    data: 2025-01-21T23:38:49.464Z,
    docinhosCoco: 71,
    __v: 0
  },
  {
    _id: new ObjectId('67d674580b7b3d7c3564441d'),
    id: '089df5a2-fde4-4dab-b596-0cf8661581ab',
    vendedorId: 'f9e0ffc2-ca86-4f55-9d09-eb5e10b85ce3',
    data: 2025-01-25T05:01:25.964Z,
    docinhosCoco: 87,
    __v: 0
  },
  {
    _id: new ObjectId('67d6745a0b7b3d7c35644455'),
    id: '3875d2c8-d7d7-45c0-ab39-712a179ebcbc',
    vendedorId: 'f9e0ffc2-ca86-4f55-9d09-eb5e10b85ce3',
    data: 2025-01-26T19:21:48.351Z,
    docinhosCoco: 49,
    __v: 0
  },
  {
    _id: new ObjectId('67d6745b0b7b3d7c3564445b'),
    id: 'c5ad0c85-6c13-4987-9350-1f5ee529c5b3',
    vendedorId: 'f9e0ffc2-ca86-4f55-9d09-eb5e10b85ce3',
    data: 2025-01-26T22:36:43.291Z,
    docinhosCoco: 100,
    __v: 0
  },
  {
    _id: new ObjectId('67d6745d0b7b3d7c35644481'),
    id: '3e8ba2a7-56da-49e8-bb35-695beefa5e3c',
    vendedorId: 'f9e0ffc2-ca86-4f55-9d09-eb5e10b85ce3',
    data: 2025-01-28T01:10:56.760Z,
    docinhosCoco: 56,
    __v: 0
  },
  {
    _id: new ObjectId('67d6745f0b7b3d7c356444ab'),
    id: '4d9e9dc7-dab3-4c55-9496-33a6c5b35dc1',
    vendedorId: 'f9e0ffc2-ca86-4f55-9d09-eb5e10b85ce3',
    data: 2025-01-29T10:39:42.903Z,
    docinhosCoco: 71,
    __v: 0
  },
  {
    _id: new ObjectId('67d674740b7b3d7c35644639'),
    id: '9090af70-6e7c-4677-9b63-5717738209c4',
    vendedorId: 'f9e0ffc2-ca86-4f55-9d09-eb5e10b85ce3',
    data: 2025-02-10T19:53:25.499Z,
    docinhosCoco: 43,
    __v: 0
  },
  {
    _id: new ObjectId('67d674760b7b3d7c35644657'),
    id: '8f452cf8-0a95-4154-8c91-76d65b390166',
    vendedorId: 'f9e0ffc2-ca86-4f55-9d09-eb5e10b85ce3',
    data: 2025-02-11T21:58:20.108Z,
    docinhosCoco: 57,
    __v: 0
  },
  {
    _id: new ObjectId('67d674760b7b3d7c3564465f'),
    id: '05409cf6-a274-4d51-800b-83bdc5a346aa',
    vendedorId: 'f9e0ffc2-ca86-4f55-9d09-eb5e10b85ce3',
    data: 2025-02-12T03:36:09.375Z,
    docinhosCoco: 56,
    __v: 0
  },
  {
    _id: new ObjectId('67d6747e0b7b3d7c356446f9'),
    id: '16b19243-e876-4b88-b9f9-fbad4d4cfa54',
    vendedorId: 'f9e0ffc2-ca86-4f55-9d09-eb5e10b85ce3',
    data: 2025-02-16T10:58:57.390Z,
    docinhosCoco: 70,
    __v: 0
  },
  {
    _id: new ObjectId('67d674830b7b3d7c35644753'),
    id: 'c32dc686-6165-426a-8465-305f0bd5bbaa',
    vendedorId: 'f9e0ffc2-ca86-4f55-9d09-eb5e10b85ce3',
    data: 2025-02-19T00:25:47.491Z,
    docinhosCoco: 37,
    __v: 0
  },
  {
    _id: new ObjectId('67d674840b7b3d7c3564476d'),
    id: 'de7bcb0a-5815-47eb-895d-f2687d894fe3',
    vendedorId: 'f9e0ffc2-ca86-4f55-9d09-eb5e10b85ce3',
    data: 2025-02-19T20:40:02.210Z,
    docinhosCoco: 38,
    __v: 0
  },
  {
    _id: new ObjectId('67d6748a0b7b3d7c356447df'),
    id: 'b2487e0e-cf0e-4a8c-9410-a1d3eaede6a4',
    vendedorId: 'f9e0ffc2-ca86-4f55-9d09-eb5e10b85ce3',
    data: 2025-02-24T18:10:59.684Z,
    docinhosCoco: 50,
    __v: 0
  },
  {
    _id: new ObjectId('67d6748d0b7b3d7c35644829'),
    id: '8b4b971e-ab81-4c60-ba83-d9ec410522b9',
    vendedorId: 'f9e0ffc2-ca86-4f55-9d09-eb5e10b85ce3',
    data: 2025-02-27T15:22:54.825Z,
    docinhosCoco: 60,
    __v: 0
  },
  {
    _id: new ObjectId('67d674920b7b3d7c3564487d'),
    id: '51807d78-b0fd-43d6-b106-69a2fd92d453',
    vendedorId: 'f9e0ffc2-ca86-4f55-9d09-eb5e10b85ce3',
    data: 2025-03-02T15:06:16.367Z,
    docinhosCoco: 79,
    __v: 0
  },
  {
    _id: new ObjectId('67d674920b7b3d7c35644883'),
    id: '3569159a-6a1e-4d58-8375-f98c2e643b22',
    vendedorId: 'f9e0ffc2-ca86-4f55-9d09-eb5e10b85ce3',
    data: 2025-03-02T17:05:26.868Z,
    docinhosCoco: 65,
    __v: 0
  },
  {
    _id: new ObjectId('67d674960b7b3d7c356448d7'),
    id: '137766e6-b897-4e70-92d7-3ca117b26fe7',
    vendedorId: 'f9e0ffc2-ca86-4f55-9d09-eb5e10b85ce3',
    data: 2025-03-05T00:37:06.448Z,
    docinhosCoco: 54,
    __v: 0
  },
  {
    _id: new ObjectId('67d674960b7b3d7c356448d9'),
    id: '3cc204ec-48db-4dbb-81c3-2f25b5670aa1',
    vendedorId: 'f9e0ffc2-ca86-4f55-9d09-eb5e10b85ce3',
    data: 2025-03-05T01:23:00.547Z,
    docinhosCoco: 74,
    __v: 0
  },
  {
    _id: new ObjectId('67d674990b7b3d7c35644901'),
    id: '77496545-946c-48ac-be13-5309e2d5e743',
    vendedorId: 'f9e0ffc2-ca86-4f55-9d09-eb5e10b85ce3',
    data: 2025-03-06T17:19:05.652Z,
    docinhosCoco: 40,
    __v: 0
  }
]
✅ Processado vendedor: Paulo Cardoso
Debug - Repository - Query params: {
  vendedorId: 'ddca64b9-47bc-4e18-ac30-66d85606cf14',
  dataInicio: 2024-09-17T03:00:00.000Z,
  dataFim: 2025-03-18T02:59:59.999Z
}
Debug - Repository - MongoDB query: {
  vendedorId: 'ddca64b9-47bc-4e18-ac30-66d85606cf14',
  data: { '$gte': 1726542000000, '$lte': 1742266799999 }
}
Debug - Repository - Resultado encontrado: [
  {
    _id: new ObjectId('67c9968d90c4d048db4a8fa2'),
    id: 'f2cc7fbf-6f13-45ed-9430-aaad84911a32',
    vendedorId: 'ddca64b9-47bc-4e18-ac30-66d85606cf14',
    data: 2025-01-27T00:00:00.000Z,
    docinhosCoco: 1162,
    __v: 0
  },
  {
    _id: new ObjectId('67c996a390c4d048db4a8fd0'),
    id: 'ce182b00-0787-4f3a-9b51-f8b55a037ac0',
    vendedorId: 'ddca64b9-47bc-4e18-ac30-66d85606cf14',
    data: 2025-01-20T00:00:00.000Z,
    docinhosCoco: 759,
    __v: 0
  },
  {
    _id: new ObjectId('67c996b590c4d048db4a8ff0'),
    id: '528b2bb8-1814-42e1-b0fa-9bff017b1e79',
    vendedorId: 'ddca64b9-47bc-4e18-ac30-66d85606cf14',
    data: 2025-01-06T00:00:00.000Z,
    docinhosCoco: 1470,
    __v: 0
  },
  {
    _id: new ObjectId('67c997e890c4d048db4a9061'),
    id: 'b22c3c94-2d4b-461a-926e-009de6acae23',
    vendedorId: 'ddca64b9-47bc-4e18-ac30-66d85606cf14',
    data: 2025-02-12T00:00:00.000Z,
    docinhosCoco: 955,
    __v: 0
  },
  {
    _id: new ObjectId('67c9980590c4d048db4a909d'),
    id: '67f71b9e-d80f-4126-afab-a43f1b7a064e',
    vendedorId: 'ddca64b9-47bc-4e18-ac30-66d85606cf14',
    data: 2025-02-13T00:00:00.000Z,
    docinhosCoco: 1460,
    __v: 0
  },
  {
    _id: new ObjectId('67d6738d0b7b3d7c3564348d'),
    id: 'cc50e3f7-30a6-427c-89a3-a3ec2b747719',
    vendedorId: 'ddca64b9-47bc-4e18-ac30-66d85606cf14',
    data: 2024-09-17T08:17:19.955Z,
    docinhosCoco: 65,
    __v: 0
  },
  {
    _id: new ObjectId('67d673920b7b3d7c356434f5'),
    id: '9a26ee1e-90cd-49e7-8eb4-f61ec4ce9c11',
    vendedorId: 'ddca64b9-47bc-4e18-ac30-66d85606cf14',
    data: 2024-09-21T01:36:45.188Z,
    docinhosCoco: 34,
    __v: 0
  },
  {
    _id: new ObjectId('67d673990b7b3d7c3564357f'),
    id: '964c3e95-37eb-425f-b8fa-c7cce74d9d5a',
    vendedorId: 'ddca64b9-47bc-4e18-ac30-66d85606cf14',
    data: 2024-09-24T20:37:13.458Z,
    docinhosCoco: 42,
    __v: 0
  },
  {
    _id: new ObjectId('67d6739e0b7b3d7c356435e5'),
    id: 'b52fdd7f-5fc4-4f06-a41e-18fbe9a8fe76',
    vendedorId: 'ddca64b9-47bc-4e18-ac30-66d85606cf14',
    data: 2024-09-28T07:07:23.988Z,
    docinhosCoco: 67,
    __v: 0
  },
  {
    _id: new ObjectId('67d673a10b7b3d7c35643615'),
    id: 'f31d4ba4-1fe4-4ab3-a907-92fc1af93130',
    vendedorId: 'ddca64b9-47bc-4e18-ac30-66d85606cf14',
    data: 2024-09-30T13:33:48.732Z,
    docinhosCoco: 52,
    __v: 0
  },
  {
    _id: new ObjectId('67d673a50b7b3d7c35643669'),
    id: '5ca3fbdd-adb1-4286-9556-e47efe9ddafc',
    vendedorId: 'ddca64b9-47bc-4e18-ac30-66d85606cf14',
    data: 2024-10-03T06:24:13.332Z,
    docinhosCoco: 74,
    __v: 0
  },
  {
    _id: new ObjectId('67d673a80b7b3d7c356436a5'),
    id: '32ae05ba-d271-4fc8-b3b2-a5ad355454a0',
    vendedorId: 'ddca64b9-47bc-4e18-ac30-66d85606cf14',
    data: 2024-10-05T22:30:40.642Z,
    docinhosCoco: 100,
    __v: 0
  },
  {
    _id: new ObjectId('67d673ad0b7b3d7c35643701'),
    id: 'a1cc4503-b402-456e-90fd-4c2a374680cf',
    vendedorId: 'ddca64b9-47bc-4e18-ac30-66d85606cf14',
    data: 2024-10-08T22:44:48.474Z,
    docinhosCoco: 34,
    __v: 0
  },
  {
    _id: new ObjectId('67d673ad0b7b3d7c3564370b'),
    id: 'b95c7baa-af65-4c8c-8934-3612f1e1c5e5',
    vendedorId: 'ddca64b9-47bc-4e18-ac30-66d85606cf14',
    data: 2024-10-09T15:36:01.461Z,
    docinhosCoco: 35,
    __v: 0
  },
  {
    _id: new ObjectId('67d673af0b7b3d7c35643729'),
    id: '9a3b8402-3811-4193-9a52-2598ee5acf32',
    vendedorId: 'ddca64b9-47bc-4e18-ac30-66d85606cf14',
    data: 2024-10-10T11:05:08.484Z,
    docinhosCoco: 49,
    __v: 0
  },
  {
    _id: new ObjectId('67d673ba0b7b3d7c35643801'),
    id: 'ff3e34ec-f9e5-4390-8f77-134eab4924c2',
    vendedorId: 'ddca64b9-47bc-4e18-ac30-66d85606cf14',
    data: 2024-10-17T19:52:07.967Z,
    docinhosCoco: 46,
    __v: 0
  },
  {
    _id: new ObjectId('67d673bc0b7b3d7c35643825'),
    id: '54952849-4ea4-4025-baa0-805a0a32d1c8',
    vendedorId: 'ddca64b9-47bc-4e18-ac30-66d85606cf14',
    data: 2024-10-18T22:02:29.992Z,
    docinhosCoco: 39,
    __v: 0
  },
  {
    _id: new ObjectId('67d673bc0b7b3d7c3564382f'),
    id: '2ee6b586-a7ad-4335-9ee0-a68fdb79999c',
    vendedorId: 'ddca64b9-47bc-4e18-ac30-66d85606cf14',
    data: 2024-10-19T04:33:02.986Z,
    docinhosCoco: 55,
    __v: 0
  },
  {
    _id: new ObjectId('67d673c80b7b3d7c3564390d'),
    id: 'aadf5cae-71b7-4abc-ae11-32bceaa87acb',
    vendedorId: 'ddca64b9-47bc-4e18-ac30-66d85606cf14',
    data: 2024-10-26T12:28:24.296Z,
    docinhosCoco: 102,
    __v: 0
  },
  {
    _id: new ObjectId('67d673d10b7b3d7c356439bf'),
    id: '0a97af50-dd93-45dc-8230-7407de637d90',
    vendedorId: 'ddca64b9-47bc-4e18-ac30-66d85606cf14',
    data: 2024-11-01T18:01:21.901Z,
    docinhosCoco: 55,
    __v: 0
  },
  {
    _id: new ObjectId('67d673d30b7b3d7c356439f7'),
    id: '8b97acec-134b-4e83-8c05-eaebeb38fefe',
    vendedorId: 'ddca64b9-47bc-4e18-ac30-66d85606cf14',
    data: 2024-11-03T18:02:44.635Z,
    docinhosCoco: 89,
    __v: 0
  },
  {
    _id: new ObjectId('67d673d90b7b3d7c35643a65'),
    id: '8f822650-23c2-4808-b645-a17fd34c4047',
    vendedorId: 'ddca64b9-47bc-4e18-ac30-66d85606cf14',
    data: 2024-11-06T10:09:34.152Z,
    docinhosCoco: 75,
    __v: 0
  },
  {
    _id: new ObjectId('67d673f20b7b3d7c35643c49'),
    id: 'a1108a6d-ac8b-4101-8298-3c595044c203',
    vendedorId: 'ddca64b9-47bc-4e18-ac30-66d85606cf14',
    data: 2024-11-21T12:46:23.124Z,
    docinhosCoco: 39,
    __v: 0
  },
  {
    _id: new ObjectId('67d673f40b7b3d7c35643c79'),
    id: 'a2660d87-d44e-4618-b6d1-e8d2686f5d14',
    vendedorId: 'ddca64b9-47bc-4e18-ac30-66d85606cf14',
    data: 2024-11-22T19:33:07.152Z,
    docinhosCoco: 71,
    __v: 0
  },
  {
    _id: new ObjectId('67d673f80b7b3d7c35643cc9'),
    id: '956f9a36-071c-4091-a6cf-d45aa2beb6a3',
    vendedorId: 'ddca64b9-47bc-4e18-ac30-66d85606cf14',
    data: 2024-11-25T00:24:55.670Z,
    docinhosCoco: 48,
    __v: 0
  },
  {
    _id: new ObjectId('67d673f90b7b3d7c35643cdb'),
    id: 'da58c1cb-f50c-47ac-a02e-a856ab80ef57',
    vendedorId: 'ddca64b9-47bc-4e18-ac30-66d85606cf14',
    data: 2024-11-25T15:35:07.538Z,
    docinhosCoco: 49,
    __v: 0
  },
  {
    _id: new ObjectId('67d673fe0b7b3d7c35643d41'),
    id: '3ab5a23b-b3d6-4b02-8650-5c004ab5e5f0',
    vendedorId: 'ddca64b9-47bc-4e18-ac30-66d85606cf14',
    data: 2024-11-28T21:35:35.442Z,
    docinhosCoco: 58,
    __v: 0
  },
  {
    _id: new ObjectId('67d674040b7b3d7c35643db5'),
    id: '025d14e5-ab12-4db7-8167-47684ed1ed6f',
    vendedorId: 'ddca64b9-47bc-4e18-ac30-66d85606cf14',
    data: 2024-12-02T00:05:37.254Z,
    docinhosCoco: 77,
    __v: 0
  },
  {
    _id: new ObjectId('67d674070b7b3d7c35643de7'),
    id: 'cb0ab94f-be4f-4ebf-96a4-667088de973b',
    vendedorId: 'ddca64b9-47bc-4e18-ac30-66d85606cf14',
    data: 2024-12-04T01:35:33.959Z,
    docinhosCoco: 78,
    __v: 0
  },
  {
    _id: new ObjectId('67d6740b0b7b3d7c35643e35'),
    id: 'd776d8fb-01fd-4bf4-b1b8-a7c291919fa9',
    vendedorId: 'ddca64b9-47bc-4e18-ac30-66d85606cf14',
    data: 2024-12-06T21:15:08.230Z,
    docinhosCoco: 37,
    __v: 0
  },
  {
    _id: new ObjectId('67d6740c0b7b3d7c35643e43'),
    id: 'adc1eb34-bc36-49f6-a468-adefdbc5a70e',
    vendedorId: 'ddca64b9-47bc-4e18-ac30-66d85606cf14',
    data: 2024-12-07T05:07:55.894Z,
    docinhosCoco: 102,
    __v: 0
  },
  {
    _id: new ObjectId('67d6740f0b7b3d7c35643e87'),
    id: '1bc74a8d-f0dd-4ba7-8ab8-3a917ebe8247',
    vendedorId: 'ddca64b9-47bc-4e18-ac30-66d85606cf14',
    data: 2024-12-08T21:48:02.243Z,
    docinhosCoco: 92,
    __v: 0
  },
  {
    _id: new ObjectId('67d674140b7b3d7c35643ee7'),
    id: '4fd512f7-3d30-4151-aeb7-9470cb7a2db1',
    vendedorId: 'ddca64b9-47bc-4e18-ac30-66d85606cf14',
    data: 2024-12-12T10:32:30.527Z,
    docinhosCoco: 74,
    __v: 0
  },
  {
    _id: new ObjectId('67d6741b0b7b3d7c35643f79'),
    id: '07aba52f-d935-42f8-811b-7267acc7707c',
    vendedorId: 'ddca64b9-47bc-4e18-ac30-66d85606cf14',
    data: 2024-12-16T14:19:47.682Z,
    docinhosCoco: 84,
    __v: 0
  },
  {
    _id: new ObjectId('67d674230b7b3d7c35644017'),
    id: '7d388daf-2e5f-4b4a-80ce-4897589fd3bb',
    vendedorId: 'ddca64b9-47bc-4e18-ac30-66d85606cf14',
    data: 2024-12-21T20:38:55.126Z,
    docinhosCoco: 71,
    __v: 0
  },
  {
    _id: new ObjectId('67d6742c0b7b3d7c356440c9'),
    id: '87ca9cd8-c435-4b30-98af-a69efb0ac430',
    vendedorId: 'ddca64b9-47bc-4e18-ac30-66d85606cf14',
    data: 2024-12-28T00:59:31.733Z,
    docinhosCoco: 56,
    __v: 0
  },
  {
    _id: new ObjectId('67d6742e0b7b3d7c356440ed'),
    id: '91abbb45-53bc-4a43-9f58-8fb8200c90b7',
    vendedorId: 'ddca64b9-47bc-4e18-ac30-66d85606cf14',
    data: 2024-12-29T01:24:38.291Z,
    docinhosCoco: 101,
    __v: 0
  },
  {
    _id: new ObjectId('67d674300b7b3d7c3564410d'),
    id: '595972a9-5372-41af-a785-f8fc3fba9285',
    vendedorId: 'ddca64b9-47bc-4e18-ac30-66d85606cf14',
    data: 2024-12-29T15:33:21.565Z,
    docinhosCoco: 52,
    __v: 0
  },
  {
    _id: new ObjectId('67d674360b7b3d7c3564418d'),
    id: '2ea1c1c2-009e-44eb-88e3-c13bd83e94e6',
    vendedorId: 'ddca64b9-47bc-4e18-ac30-66d85606cf14',
    data: 2025-01-02T12:20:51.964Z,
    docinhosCoco: 71,
    __v: 0
  },
  {
    _id: new ObjectId('67d674360b7b3d7c35644191'),
    id: '2e9b2898-b93d-44e8-a034-8caae9735707',
    vendedorId: 'ddca64b9-47bc-4e18-ac30-66d85606cf14',
    data: 2025-01-02T13:49:05.717Z,
    docinhosCoco: 56,
    __v: 0
  },
  {
    _id: new ObjectId('67d6743a0b7b3d7c356441db'),
    id: '07c22787-73ce-47a5-9de8-4ff8bc56ffdb',
    vendedorId: 'ddca64b9-47bc-4e18-ac30-66d85606cf14',
    data: 2025-01-05T04:54:13.761Z,
    docinhosCoco: 79,
    __v: 0
  },
  {
    _id: new ObjectId('67d6743e0b7b3d7c3564422d'),
    id: '585fb438-4b1a-4c78-9382-cfbc4c194e51',
    vendedorId: 'ddca64b9-47bc-4e18-ac30-66d85606cf14',
    data: 2025-01-08T05:35:37.870Z,
    docinhosCoco: 44,
    __v: 0
  },
  {
    _id: new ObjectId('67d674410b7b3d7c35644269'),
    id: '551c7015-467e-452a-8ea5-cdb5082b9293',
    vendedorId: 'ddca64b9-47bc-4e18-ac30-66d85606cf14',
    data: 2025-01-09T19:25:48.138Z,
    docinhosCoco: 78,
    __v: 0
  },
  {
    _id: new ObjectId('67d674470b7b3d7c356442dd'),
    id: '262baef8-c866-4b0d-b65c-a46edfbf3779',
    vendedorId: 'ddca64b9-47bc-4e18-ac30-66d85606cf14',
    data: 2025-01-14T05:28:00.746Z,
    docinhosCoco: 47,
    __v: 0
  },
  {
    _id: new ObjectId('67d6744d0b7b3d7c35644345'),
    id: '0e02d7bc-f233-4c22-af55-bbe922f1709d',
    vendedorId: 'ddca64b9-47bc-4e18-ac30-66d85606cf14',
    data: 2025-01-17T20:11:36.239Z,
    docinhosCoco: 44,
    __v: 0
  },
  {
    _id: new ObjectId('67d674550b7b3d7c356443e9'),
    id: '6231c527-9df7-4190-b0c4-78092ba7003a',
    vendedorId: 'ddca64b9-47bc-4e18-ac30-66d85606cf14',
    data: 2025-01-22T20:21:29.136Z,
    docinhosCoco: 66,
    __v: 0
  },
  {
    _id: new ObjectId('67d6745a0b7b3d7c35644453'),
    id: '6972b1ce-a865-4e97-8872-3c53122052fb',
    vendedorId: 'ddca64b9-47bc-4e18-ac30-66d85606cf14',
    data: 2025-01-26T17:12:18.398Z,
    docinhosCoco: 58,
    __v: 0
  },
  {
    _id: new ObjectId('67d6745c0b7b3d7c3564447f'),
    id: '798dad14-6031-49e3-be1e-daf9e21cd5cf',
    vendedorId: 'ddca64b9-47bc-4e18-ac30-66d85606cf14',
    data: 2025-01-28T00:15:54.670Z,
    docinhosCoco: 49,
    __v: 0
  },
  {
    _id: new ObjectId('67d6745f0b7b3d7c356444b7'),
    id: '02009e90-ecbe-4371-a57d-72dbf2d11cb9',
    vendedorId: 'ddca64b9-47bc-4e18-ac30-66d85606cf14',
    data: 2025-01-29T18:18:08.587Z,
    docinhosCoco: 59,
    __v: 0
  },
  {
    _id: new ObjectId('67d674600b7b3d7c356444c5'),
    id: 'd57f9570-f633-43ed-a5af-b1c108b20ebe',
    vendedorId: 'ddca64b9-47bc-4e18-ac30-66d85606cf14',
    data: 2025-01-30T07:20:15.078Z,
    docinhosCoco: 38,
    __v: 0
  },
  {
    _id: new ObjectId('67d674610b7b3d7c356444d3'),
    id: '528e5470-a5ea-455c-a7ac-60a6938fde09',
    vendedorId: 'ddca64b9-47bc-4e18-ac30-66d85606cf14',
    data: 2025-01-30T22:08:12.827Z,
    docinhosCoco: 50,
    __v: 0
  },
  {
    _id: new ObjectId('67d674710b7b3d7c356445f1'),
    id: 'a944c44d-10f3-445c-93ff-8477365d2704',
    vendedorId: 'ddca64b9-47bc-4e18-ac30-66d85606cf14',
    data: 2025-02-08T13:58:37.311Z,
    docinhosCoco: 85,
    __v: 0
  },
  {
    _id: new ObjectId('67d674770b7b3d7c35644673'),
    id: '972503bc-3330-4fb4-b60a-1081dd02ec3f',
    vendedorId: 'ddca64b9-47bc-4e18-ac30-66d85606cf14',
    data: 2025-02-12T13:29:42.588Z,
    docinhosCoco: 62,
    __v: 0
  },
  {
    _id: new ObjectId('67d674850b7b3d7c3564477d'),
    id: 'edf9d999-f807-4a1e-843f-069ad526d89d',
    vendedorId: 'ddca64b9-47bc-4e18-ac30-66d85606cf14',
    data: 2025-02-20T09:54:49.865Z,
    docinhosCoco: 34,
    __v: 0
  },
  {
    _id: new ObjectId('67d674870b7b3d7c356447b1'),
    id: 'aa1beddf-1ba4-4e0d-bf26-d7e9bb1f1f93',
    vendedorId: 'ddca64b9-47bc-4e18-ac30-66d85606cf14',
    data: 2025-02-22T23:09:50.169Z,
    docinhosCoco: 40,
    __v: 0
  },
  {
    _id: new ObjectId('67d6748b0b7b3d7c356447f7'),
    id: 'bc6bfb60-df6b-4ffc-b695-3241da59f6d5',
    vendedorId: 'ddca64b9-47bc-4e18-ac30-66d85606cf14',
    data: 2025-02-25T15:59:43.085Z,
    docinhosCoco: 52,
    __v: 0
  },
  {
    _id: new ObjectId('67d674900b7b3d7c35644857'),
    id: '991abe3a-672f-45a7-88ad-37294bb75af5',
    vendedorId: 'ddca64b9-47bc-4e18-ac30-66d85606cf14',
    data: 2025-02-28T22:47:13.551Z,
    docinhosCoco: 74,
    __v: 0
  },
  {
    _id: new ObjectId('67d674910b7b3d7c35644875'),
    id: '99c4f701-bd7f-4ec3-8293-e154e7a75c39',
    vendedorId: 'ddca64b9-47bc-4e18-ac30-66d85606cf14',
    data: 2025-03-02T03:32:04.673Z,
    docinhosCoco: 62,
    __v: 0
  },
  {
    _id: new ObjectId('67d674930b7b3d7c35644893'),
    id: '0338dfc0-805d-417f-9678-610625c9d511',
    vendedorId: 'ddca64b9-47bc-4e18-ac30-66d85606cf14',
    data: 2025-03-02T23:51:21.874Z,
    docinhosCoco: 62,
    __v: 0
  },
  {
    _id: new ObjectId('67d674960b7b3d7c356448d3'),
    id: '65d081c9-ee50-4158-a8a5-c45ebbacbe18',
    vendedorId: 'ddca64b9-47bc-4e18-ac30-66d85606cf14',
    data: 2025-03-04T22:59:54.257Z,
    docinhosCoco: 40,
    __v: 0
  },
  {
    _id: new ObjectId('67d6749a0b7b3d7c3564491b'),
    id: 'cf8e3adf-5be3-4c1d-93f0-9d5895fe4a8d',
    vendedorId: 'ddca64b9-47bc-4e18-ac30-66d85606cf14',
    data: 2025-03-07T16:20:00.176Z,
    docinhosCoco: 38,
    __v: 0
  },
  {
    _id: new ObjectId('67d6749a0b7b3d7c3564491f'),
    id: '30c390e8-5701-4015-a93d-0784dd01e9bd',
    vendedorId: 'ddca64b9-47bc-4e18-ac30-66d85606cf14',
    data: 2025-03-07T18:02:11.690Z,
    docinhosCoco: 59,
    __v: 0
  },
  {
    _id: new ObjectId('67d6749a0b7b3d7c35644925'),
    id: '339f4587-f424-4d56-8561-9a43d626e17f',
    vendedorId: 'ddca64b9-47bc-4e18-ac30-66d85606cf14',
    data: 2025-03-07T22:42:14.190Z,
    docinhosCoco: 54,
    __v: 0
  },
  {
    _id: new ObjectId('67d6749e0b7b3d7c35644975'),
    id: 'ce2eff3f-92da-4d21-b8dc-247b46edab58',
    vendedorId: 'ddca64b9-47bc-4e18-ac30-66d85606cf14',
    data: 2025-03-10T15:48:41.168Z,
    docinhosCoco: 52,
    __v: 0
  },
  {
    _id: new ObjectId('67d674a30b7b3d7c356449d1'),
    id: '58cfb0a0-dadd-4e73-9cd5-1ff57d42ca65',
    vendedorId: 'ddca64b9-47bc-4e18-ac30-66d85606cf14',
    data: 2025-03-13T10:37:52.016Z,
    docinhosCoco: 52,
    __v: 0
  }
]
✅ Processado vendedor: Tales Miranda
Debug - Repository - Query params: {
  vendedorId: '7d2895a4-1302-45e3-98eb-b125373317d0',
  dataInicio: 2024-09-17T03:00:00.000Z,
  dataFim: 2025-03-18T02:59:59.999Z
}
Debug - Repository - MongoDB query: {
  vendedorId: '7d2895a4-1302-45e3-98eb-b125373317d0',
  data: { '$gte': 1726542000000, '$lte': 1742266799999 }
}
Debug - Repository - Resultado encontrado: [
  {
    _id: new ObjectId('67c9969090c4d048db4a8faa'),
    id: 'aa926042-1201-4fba-a788-1d76fec75ca2',
    vendedorId: '7d2895a4-1302-45e3-98eb-b125373317d0',
    data: 2025-01-31T00:00:00.000Z,
    docinhosCoco: 622,
    __v: 0
  },
  {
    _id: new ObjectId('67c996a090c4d048db4a8fc6'),
    id: '51cad04f-4675-4630-b2ee-c6e1c81c759f',
    vendedorId: '7d2895a4-1302-45e3-98eb-b125373317d0',
    data: 2025-01-15T00:00:00.000Z,
    docinhosCoco: 880,
    __v: 0
  },
  {
    _id: new ObjectId('67c996b390c4d048db4a8fe8'),
    id: '9fc60b47-3b6f-4245-abfc-7829df305b9a',
    vendedorId: '7d2895a4-1302-45e3-98eb-b125373317d0',
    data: 2025-01-02T00:00:00.000Z,
    docinhosCoco: 611,
    __v: 0
  },
  {
    _id: new ObjectId('67c997e290c4d048db4a904d'),
    id: '4c4b3e48-8a18-4899-bb3f-d8a662db0f12',
    vendedorId: '7d2895a4-1302-45e3-98eb-b125373317d0',
    data: 2025-02-02T00:00:00.000Z,
    docinhosCoco: 1765,
    __v: 0
  },
  {
    _id: new ObjectId('67c9980090c4d048db4a9089'),
    id: '270cbeb9-86fd-46b1-8def-d05f6503a639',
    vendedorId: '7d2895a4-1302-45e3-98eb-b125373317d0',
    data: 2025-02-04T00:00:00.000Z,
    docinhosCoco: 1221,
    __v: 0
  },
  {
    _id: new ObjectId('67d673900b7b3d7c356434c3'),
    id: '7073a289-e759-47aa-9742-653e7ba58e80',
    vendedorId: '7d2895a4-1302-45e3-98eb-b125373317d0',
    data: 2024-09-19T05:07:57.471Z,
    docinhosCoco: 45,
    __v: 0
  },
  {
    _id: new ObjectId('67d673950b7b3d7c35643527'),
    id: '87afadd3-204c-42d9-97df-99770fed59d0',
    vendedorId: '7d2895a4-1302-45e3-98eb-b125373317d0',
    data: 2024-09-22T17:27:32.456Z,
    docinhosCoco: 66,
    __v: 0
  },
  {
    _id: new ObjectId('67d673950b7b3d7c35643529'),
    id: 'd41fa9f3-4f59-46da-83cc-ece165f1296f',
    vendedorId: '7d2895a4-1302-45e3-98eb-b125373317d0',
    data: 2024-09-22T17:48:23.371Z,
    docinhosCoco: 98,
    __v: 0
  },
  {
    _id: new ObjectId('67d673960b7b3d7c35643543'),
    id: '93a0b530-35ad-4a5f-a80a-2fb8278c99b1',
    vendedorId: '7d2895a4-1302-45e3-98eb-b125373317d0',
    data: 2024-09-23T03:17:29.343Z,
    docinhosCoco: 32,
    __v: 0
  },
  {
    _id: new ObjectId('67d673980b7b3d7c35643565'),
    id: '5b1281a5-b1d3-4616-8e47-0caa22a7fb98',
    vendedorId: '7d2895a4-1302-45e3-98eb-b125373317d0',
    data: 2024-09-24T03:10:17.727Z,
    docinhosCoco: 39,
    __v: 0
  },
  {
    _id: new ObjectId('67d673990b7b3d7c35643579'),
    id: '9205a05f-f89f-4f12-99a7-bcf4031e6c6a',
    vendedorId: '7d2895a4-1302-45e3-98eb-b125373317d0',
    data: 2024-09-24T15:38:23.720Z,
    docinhosCoco: 70,
    __v: 0
  },
  {
    _id: new ObjectId('67d6739b0b7b3d7c356435a3'),
    id: 'a64d45d5-6a66-47a1-8fdf-22613decba5b',
    vendedorId: '7d2895a4-1302-45e3-98eb-b125373317d0',
    data: 2024-09-25T19:11:04.514Z,
    docinhosCoco: 62,
    __v: 0
  },
  {
    _id: new ObjectId('67d673a30b7b3d7c35643641'),
    id: '3d7d2f34-152b-4d99-9a15-223b64eacefb',
    vendedorId: '7d2895a4-1302-45e3-98eb-b125373317d0',
    data: 2024-10-02T03:29:22.173Z,
    docinhosCoco: 65,
    __v: 0
  },
  {
    _id: new ObjectId('67d673a40b7b3d7c35643651'),
    id: 'f59eb891-a9a5-4c70-af25-ba0008bfb04e',
    vendedorId: '7d2895a4-1302-45e3-98eb-b125373317d0',
    data: 2024-10-02T11:36:04.558Z,
    docinhosCoco: 38,
    __v: 0
  },
  {
    _id: new ObjectId('67d673a60b7b3d7c3564367d'),
    id: 'b7cd72e1-9098-4bc5-b215-34b7e1621122',
    vendedorId: '7d2895a4-1302-45e3-98eb-b125373317d0',
    data: 2024-10-04T08:00:40.295Z,
    docinhosCoco: 70,
    __v: 0
  },
  {
    _id: new ObjectId('67d673ac0b7b3d7c356436e7'),
    id: '007c0d4a-e907-4c2f-8c34-b5b6107eed64',
    vendedorId: '7d2895a4-1302-45e3-98eb-b125373317d0',
    data: 2024-10-07T23:39:54.361Z,
    docinhosCoco: 37,
    __v: 0
  },
  {
    _id: new ObjectId('67d673af0b7b3d7c35643727'),
    id: 'd454d19f-b2cd-4d12-9333-299dc1f064b4',
    vendedorId: '7d2895a4-1302-45e3-98eb-b125373317d0',
    data: 2024-10-10T08:30:25.787Z,
    docinhosCoco: 69,
    __v: 0
  },
  {
    _id: new ObjectId('67d673b00b7b3d7c3564373b'),
    id: '86ba01dc-42f3-4263-9016-0734ca01d6b1',
    vendedorId: '7d2895a4-1302-45e3-98eb-b125373317d0',
    data: 2024-10-11T00:21:10.726Z,
    docinhosCoco: 37,
    __v: 0
  },
  {
    _id: new ObjectId('67d673b10b7b3d7c35643755'),
    id: '1efd47ba-f109-41f1-aec4-930955495612',
    vendedorId: '7d2895a4-1302-45e3-98eb-b125373317d0',
    data: 2024-10-11T18:08:50.575Z,
    docinhosCoco: 32,
    __v: 0
  },
  {
    _id: new ObjectId('67d673b10b7b3d7c3564375b'),
    id: 'e7b7b797-2697-4be0-b9fa-ea576ca7d1c3',
    vendedorId: '7d2895a4-1302-45e3-98eb-b125373317d0',
    data: 2024-10-11T21:13:05.470Z,
    docinhosCoco: 77,
    __v: 0
  },
  {
    _id: new ObjectId('67d673b60b7b3d7c356437ad'),
    id: 'f6471015-99a4-42f5-b1d5-f0ec6bef6ea6',
    vendedorId: '7d2895a4-1302-45e3-98eb-b125373317d0',
    data: 2024-10-14T20:07:55.139Z,
    docinhosCoco: 70,
    __v: 0
  },
  {
    _id: new ObjectId('67d673b80b7b3d7c356437e5'),
    id: 'e363af4a-3ec1-4764-9a4f-c6117e68d024',
    vendedorId: '7d2895a4-1302-45e3-98eb-b125373317d0',
    data: 2024-10-16T23:16:41.129Z,
    docinhosCoco: 48,
    __v: 0
  },
  {
    _id: new ObjectId('67d673ba0b7b3d7c35643805'),
    id: '1ab5a790-95f0-45b5-8c73-2040ff441411',
    vendedorId: '7d2895a4-1302-45e3-98eb-b125373317d0',
    data: 2024-10-17T21:28:18.607Z,
    docinhosCoco: 56,
    __v: 0
  },
  {
    _id: new ObjectId('67d673c10b7b3d7c3564388d'),
    id: '6348a636-07c6-43df-9e21-bf8a26933719',
    vendedorId: '7d2895a4-1302-45e3-98eb-b125373317d0',
    data: 2024-10-22T05:50:46.126Z,
    docinhosCoco: 69,
    __v: 0
  },
  {
    _id: new ObjectId('67d673c10b7b3d7c35643891'),
    id: '7d87f078-3cf6-4bc8-90b8-09be454c6b74',
    vendedorId: '7d2895a4-1302-45e3-98eb-b125373317d0',
    data: 2024-10-22T09:10:22.790Z,
    docinhosCoco: 60,
    __v: 0
  },
  {
    _id: new ObjectId('67d673ca0b7b3d7c35643941'),
    id: 'bbe7b9be-966a-4fe5-8148-2bd87b0b5a01',
    vendedorId: '7d2895a4-1302-45e3-98eb-b125373317d0',
    data: 2024-10-27T22:03:57.348Z,
    docinhosCoco: 94,
    __v: 0
  },
  {
    _id: new ObjectId('67d673ce0b7b3d7c35643987'),
    id: '2c5ed096-6f57-475a-9c15-199b06686679',
    vendedorId: '7d2895a4-1302-45e3-98eb-b125373317d0',
    data: 2024-10-31T00:27:35.027Z,
    docinhosCoco: 79,
    __v: 0
  },
  {
    _id: new ObjectId('67d673cf0b7b3d7c356439a5'),
    id: 'a3ba2e01-4bd4-4bc2-9653-ece583338e85',
    vendedorId: '7d2895a4-1302-45e3-98eb-b125373317d0',
    data: 2024-10-31T19:22:41.132Z,
    docinhosCoco: 62,
    __v: 0
  },
  {
    _id: new ObjectId('67d673d10b7b3d7c356439cd'),
    id: 'db49119b-b00d-4300-a491-633bd275a50e',
    vendedorId: '7d2895a4-1302-45e3-98eb-b125373317d0',
    data: 2024-11-02T03:40:33.279Z,
    docinhosCoco: 88,
    __v: 0
  },
  {
    _id: new ObjectId('67d673d50b7b3d7c35643a17'),
    id: '291124cc-3ebe-45f0-88c3-a2c1daf83ca3',
    vendedorId: '7d2895a4-1302-45e3-98eb-b125373317d0',
    data: 2024-11-04T11:23:52.270Z,
    docinhosCoco: 38,
    __v: 0
  },
  {
    _id: new ObjectId('67d673d80b7b3d7c35643a51'),
    id: 'e61012ba-20a6-4169-b9ca-1fea40cfd8af',
    vendedorId: '7d2895a4-1302-45e3-98eb-b125373317d0',
    data: 2024-11-05T17:42:46.386Z,
    docinhosCoco: 44,
    __v: 0
  },
  {
    _id: new ObjectId('67d673da0b7b3d7c35643a7d'),
    id: 'c3314843-0937-4432-b850-8c84a31ac4f4',
    vendedorId: '7d2895a4-1302-45e3-98eb-b125373317d0',
    data: 2024-11-06T21:13:35.620Z,
    docinhosCoco: 60,
    __v: 0
  },
  {
    _id: new ObjectId('67d673dd0b7b3d7c35643aaf'),
    id: 'b21f6d64-c08f-4411-9107-be9dd2721380',
    vendedorId: '7d2895a4-1302-45e3-98eb-b125373317d0',
    data: 2024-11-08T06:13:02.283Z,
    docinhosCoco: 74,
    __v: 0
  },
  {
    _id: new ObjectId('67d673dd0b7b3d7c35643abb'),
    id: '48290577-1191-469d-b2a1-26b65461d836',
    vendedorId: '7d2895a4-1302-45e3-98eb-b125373317d0',
    data: 2024-11-08T21:14:05.349Z,
    docinhosCoco: 36,
    __v: 0
  },
  {
    _id: new ObjectId('67d673e00b7b3d7c35643af7'),
    id: 'aa724796-53f7-4bd0-97b5-1e791eb89a69',
    vendedorId: '7d2895a4-1302-45e3-98eb-b125373317d0',
    data: 2024-11-10T11:05:26.097Z,
    docinhosCoco: 39,
    __v: 0
  },
  {
    _id: new ObjectId('67d673e50b7b3d7c35643b55'),
    id: 'c16893a5-0f4f-4e26-950a-ed62d606bd69',
    vendedorId: '7d2895a4-1302-45e3-98eb-b125373317d0',
    data: 2024-11-13T15:33:39.764Z,
    docinhosCoco: 41,
    __v: 0
  },
  {
    _id: new ObjectId('67d673f00b7b3d7c35643c25'),
    id: '3cb4309e-3e5a-40d5-964e-5feca216328a',
    vendedorId: '7d2895a4-1302-45e3-98eb-b125373317d0',
    data: 2024-11-20T08:11:08.313Z,
    docinhosCoco: 57,
    __v: 0
  },
  {
    _id: new ObjectId('67d673f00b7b3d7c35643c29'),
    id: '9aba175b-0ea0-460b-8632-93537e77476b',
    vendedorId: '7d2895a4-1302-45e3-98eb-b125373317d0',
    data: 2024-11-20T10:58:15.484Z,
    docinhosCoco: 66,
    __v: 0
  },
  {
    _id: new ObjectId('67d673f50b7b3d7c35643c89'),
    id: '638351c3-c24e-4040-afb8-0c6db1faa4f0',
    vendedorId: '7d2895a4-1302-45e3-98eb-b125373317d0',
    data: 2024-11-23T04:00:15.494Z,
    docinhosCoco: 104,
    __v: 0
  },
  {
    _id: new ObjectId('67d673f80b7b3d7c35643cc1'),
    id: '976d80d2-01ff-460e-b66a-84e2bab6f489',
    vendedorId: '7d2895a4-1302-45e3-98eb-b125373317d0',
    data: 2024-11-24T15:38:50.704Z,
    docinhosCoco: 71,
    __v: 0
  },
  {
    _id: new ObjectId('67d673fb0b7b3d7c35643cf9'),
    id: '790bbb10-68d8-49f6-bd8a-4a38c250c8ce',
    vendedorId: '7d2895a4-1302-45e3-98eb-b125373317d0',
    data: 2024-11-26T13:15:11.452Z,
    docinhosCoco: 68,
    __v: 0
  },
  {
    _id: new ObjectId('67d673fe0b7b3d7c35643d3d'),
    id: '76fd7d15-0c22-438a-91b7-492157bb2083',
    vendedorId: '7d2895a4-1302-45e3-98eb-b125373317d0',
    data: 2024-11-28T17:21:51.755Z,
    docinhosCoco: 49,
    __v: 0
  },
  {
    _id: new ObjectId('67d674020b7b3d7c35643d8b'),
    id: '206a5c38-1ffb-4fff-9531-af086b5c40d2',
    vendedorId: '7d2895a4-1302-45e3-98eb-b125373317d0',
    data: 2024-12-01T00:02:07.390Z,
    docinhosCoco: 87,
    __v: 0
  },
  {
    _id: new ObjectId('67d674060b7b3d7c35643dd5'),
    id: 'e1f9f460-9b6f-4ce2-b544-4a337bbf8d1a',
    vendedorId: '7d2895a4-1302-45e3-98eb-b125373317d0',
    data: 2024-12-03T01:44:15.801Z,
    docinhosCoco: 45,
    __v: 0
  },
  {
    _id: new ObjectId('67d674060b7b3d7c35643ddb'),
    id: '24901c0e-4df4-4b54-8502-4e74f5817ee1',
    vendedorId: '7d2895a4-1302-45e3-98eb-b125373317d0',
    data: 2024-12-03T11:31:36.431Z,
    docinhosCoco: 96,
    __v: 0
  },
  {
    _id: new ObjectId('67d674070b7b3d7c35643de1'),
    id: '69b321da-1271-4a12-a987-cf9a208230b1',
    vendedorId: '7d2895a4-1302-45e3-98eb-b125373317d0',
    data: 2024-12-03T15:04:10.220Z,
    docinhosCoco: 63,
    __v: 0
  },
  {
    _id: new ObjectId('67d6740a0b7b3d7c35643e1d'),
    id: '3b91eb9a-1ca0-4ce6-9d21-e0d20009d2ee',
    vendedorId: '7d2895a4-1302-45e3-98eb-b125373317d0',
    data: 2024-12-05T17:50:50.938Z,
    docinhosCoco: 56,
    __v: 0
  },
  {
    _id: new ObjectId('67d6740b0b7b3d7c35643e3d'),
    id: '7b6ac904-55f8-4d45-9eed-35fb6d727d19',
    vendedorId: '7d2895a4-1302-45e3-98eb-b125373317d0',
    data: 2024-12-07T04:50:17.050Z,
    docinhosCoco: 57,
    __v: 0
  },
  {
    _id: new ObjectId('67d6740c0b7b3d7c35643e55'),
    id: 'a9cae03f-3169-4c5d-92a7-ebec2db58d93',
    vendedorId: '7d2895a4-1302-45e3-98eb-b125373317d0',
    data: 2024-12-07T17:00:39.792Z,
    docinhosCoco: 106,
    __v: 0
  },
  {
    _id: new ObjectId('67d6740d0b7b3d7c35643e63'),
    id: '7b18798f-e07a-4b7c-9ddd-8dbee1df6895',
    vendedorId: '7d2895a4-1302-45e3-98eb-b125373317d0',
    data: 2024-12-07T21:09:43.080Z,
    docinhosCoco: 86,
    __v: 0
  },
  {
    _id: new ObjectId('67d6740f0b7b3d7c35643e89'),
    id: 'cac2abe3-0288-4fde-a35b-00a0c306fe09',
    vendedorId: '7d2895a4-1302-45e3-98eb-b125373317d0',
    data: 2024-12-09T01:02:41.045Z,
    docinhosCoco: 117,
    __v: 0
  },
  {
    _id: new ObjectId('67d674110b7b3d7c35643eb3'),
    id: 'b1d3cb91-a816-46fb-8a25-4c67ef23c5c6',
    vendedorId: '7d2895a4-1302-45e3-98eb-b125373317d0',
    data: 2024-12-10T11:30:21.354Z,
    docinhosCoco: 70,
    __v: 0
  },
  {
    _id: new ObjectId('67d674120b7b3d7c35643ec1'),
    id: '7a062b4f-ae20-4184-b071-6cdfe166b6ed',
    vendedorId: '7d2895a4-1302-45e3-98eb-b125373317d0',
    data: 2024-12-11T01:44:58.528Z,
    docinhosCoco: 79,
    __v: 0
  },
  {
    _id: new ObjectId('67d6741e0b7b3d7c35643fb1'),
    id: '0fb672a6-4582-4569-8c44-13bb668e4d24',
    vendedorId: '7d2895a4-1302-45e3-98eb-b125373317d0',
    data: 2024-12-18T17:43:07.401Z,
    docinhosCoco: 80,
    __v: 0
  },
  {
    _id: new ObjectId('67d6741f0b7b3d7c35643fb9'),
    id: 'dc4f314f-a32c-45ef-8d87-77d274df1ded',
    vendedorId: '7d2895a4-1302-45e3-98eb-b125373317d0',
    data: 2024-12-18T20:41:05.739Z,
    docinhosCoco: 37,
    __v: 0
  },
  {
    _id: new ObjectId('67d674200b7b3d7c35643fcf'),
    id: '78d10963-96e0-410d-951a-92f9ac53910e',
    vendedorId: '7d2895a4-1302-45e3-98eb-b125373317d0',
    data: 2024-12-20T00:17:43.514Z,
    docinhosCoco: 78,
    __v: 0
  },
  {
    _id: new ObjectId('67d674230b7b3d7c3564400d'),
    id: '26203e99-d564-41f9-81f2-a849df00e76b',
    vendedorId: '7d2895a4-1302-45e3-98eb-b125373317d0',
    data: 2024-12-21T15:43:52.008Z,
    docinhosCoco: 107,
    __v: 0
  },
  {
    _id: new ObjectId('67d674280b7b3d7c35644071'),
    id: '71f194dd-398a-4c22-813b-d421032a8f2f',
    vendedorId: '7d2895a4-1302-45e3-98eb-b125373317d0',
    data: 2024-12-24T20:47:49.687Z,
    docinhosCoco: 55,
    __v: 0
  },
  {
    _id: new ObjectId('67d6742d0b7b3d7c356440d1'),
    id: '2638f3c8-8d51-47de-a8b3-e5b6449a60ab',
    vendedorId: '7d2895a4-1302-45e3-98eb-b125373317d0',
    data: 2024-12-28T09:39:51.854Z,
    docinhosCoco: 100,
    __v: 0
  },
  {
    _id: new ObjectId('67d6742e0b7b3d7c356440e3'),
    id: 'ee2a39ac-2628-48b4-bdd6-2a20b152a1c0',
    vendedorId: '7d2895a4-1302-45e3-98eb-b125373317d0',
    data: 2024-12-28T17:50:24.951Z,
    docinhosCoco: 116,
    __v: 0
  },
  {
    _id: new ObjectId('67d6742e0b7b3d7c356440ef'),
    id: '9194b89d-28ac-4f93-82e8-3c9b1f1d7568',
    vendedorId: '7d2895a4-1302-45e3-98eb-b125373317d0',
    data: 2024-12-29T01:50:01.230Z,
    docinhosCoco: 83,
    __v: 0
  },
  {
    _id: new ObjectId('67d674360b7b3d7c35644183'),
    id: '9922c33f-b017-488a-a76a-af182e825c6d',
    vendedorId: '7d2895a4-1302-45e3-98eb-b125373317d0',
    data: 2025-01-02T05:29:03.354Z,
    docinhosCoco: 60,
    __v: 0
  },
  {
    _id: new ObjectId('67d674380b7b3d7c356441ad'),
    id: '5f238045-2bb9-4ac5-92eb-8aaa4a666e75',
    vendedorId: '7d2895a4-1302-45e3-98eb-b125373317d0',
    data: 2025-01-03T08:17:44.789Z,
    docinhosCoco: 72,
    __v: 0
  },
  {
    _id: new ObjectId('67d6743c0b7b3d7c356441fb'),
    id: 'dee877e0-2ba8-42e2-834d-dd81fdcdf939',
    vendedorId: '7d2895a4-1302-45e3-98eb-b125373317d0',
    data: 2025-01-06T07:59:36.456Z,
    docinhosCoco: 68,
    __v: 0
  },
  {
    _id: new ObjectId('67d674400b7b3d7c35644245'),
    id: '5ae858b6-fd55-4964-b816-601ad65d14cf',
    vendedorId: '7d2895a4-1302-45e3-98eb-b125373317d0',
    data: 2025-01-08T23:03:24.690Z,
    docinhosCoco: 61,
    __v: 0
  },
  {
    _id: new ObjectId('67d674440b7b3d7c3564429b'),
    id: 'a933f447-ce9c-47ae-888d-52dd9ef13034',
    vendedorId: '7d2895a4-1302-45e3-98eb-b125373317d0',
    data: 2025-01-11T15:55:25.405Z,
    docinhosCoco: 93,
    __v: 0
  },
  {
    _id: new ObjectId('67d674450b7b3d7c356442b5'),
    id: '1bcc2e1d-d026-4b65-b72f-fd6509550801',
    vendedorId: '7d2895a4-1302-45e3-98eb-b125373317d0',
    data: 2025-01-12T19:51:21.378Z,
    docinhosCoco: 88,
    __v: 0
  },
  {
    _id: new ObjectId('67d674480b7b3d7c356442eb'),
    id: '21eb6787-3cdc-4a9c-bab2-d93fdee19ea8',
    vendedorId: '7d2895a4-1302-45e3-98eb-b125373317d0',
    data: 2025-01-14T17:30:44.604Z,
    docinhosCoco: 58,
    __v: 0
  },
  {
    _id: new ObjectId('67d674570b7b3d7c35644415'),
    id: '8806e0cf-05e2-43fb-96b2-becceab5f516',
    vendedorId: '7d2895a4-1302-45e3-98eb-b125373317d0',
    data: 2025-01-24T23:51:55.149Z,
    docinhosCoco: 65,
    __v: 0
  },
  {
    _id: new ObjectId('67d674590b7b3d7c35644443'),
    id: 'cc012174-93f3-4ac8-a273-5491c30fc9a5',
    vendedorId: '7d2895a4-1302-45e3-98eb-b125373317d0',
    data: 2025-01-26T11:19:31.877Z,
    docinhosCoco: 84,
    __v: 0
  },
  {
    _id: new ObjectId('67d6745a0b7b3d7c35644451'),
    id: 'b76afd5b-cc71-4c49-bb36-c6b7ce3f4b9b',
    vendedorId: '7d2895a4-1302-45e3-98eb-b125373317d0',
    data: 2025-01-26T16:47:49.663Z,
    docinhosCoco: 52,
    __v: 0
  },
  {
    _id: new ObjectId('67d674600b7b3d7c356444c7'),
    id: 'dd01d9fe-6fdb-4b16-aa0c-e2f6a14430f3',
    vendedorId: '7d2895a4-1302-45e3-98eb-b125373317d0',
    data: 2025-01-30T09:26:20.078Z,
    docinhosCoco: 58,
    __v: 0
  },
  {
    _id: new ObjectId('67d674620b7b3d7c356444eb'),
    id: '0bafb8d4-0c03-4a9f-a493-361db43d676d',
    vendedorId: '7d2895a4-1302-45e3-98eb-b125373317d0',
    data: 2025-01-31T15:30:45.374Z,
    docinhosCoco: 36,
    __v: 0
  },
  {
    _id: new ObjectId('67d674670b7b3d7c3564452d'),
    id: 'dc546a06-0b78-4d4e-9dc7-a5f52e553da6',
    vendedorId: '7d2895a4-1302-45e3-98eb-b125373317d0',
    data: 2025-02-02T15:11:24.731Z,
    docinhosCoco: 42,
    __v: 0
  },
  {
    _id: new ObjectId('67d6746d0b7b3d7c356445a3'),
    id: '6aacde60-f57e-4399-b935-618fcaee3a97',
    vendedorId: '7d2895a4-1302-45e3-98eb-b125373317d0',
    data: 2025-02-06T05:32:10.293Z,
    docinhosCoco: 52,
    __v: 0
  },
  {
    _id: new ObjectId('67d6746e0b7b3d7c356445bd'),
    id: '7f7cc097-9390-4b9d-a7b9-ec06e918640d',
    vendedorId: '7d2895a4-1302-45e3-98eb-b125373317d0',
    data: 2025-02-06T21:28:50.084Z,
    docinhosCoco: 45,
    __v: 0
  },
  {
    _id: new ObjectId('67d6746e0b7b3d7c356445c1'),
    id: 'c222f476-0702-4903-944f-31ddb73f020c',
    vendedorId: '7d2895a4-1302-45e3-98eb-b125373317d0',
    data: 2025-02-07T02:36:14.342Z,
    docinhosCoco: 69,
    __v: 0
  },
  {
    _id: new ObjectId('67d6747a0b7b3d7c356446ab'),
    id: '77f898a1-3bed-4f4c-9bf5-d79eaa3bc430',
    vendedorId: '7d2895a4-1302-45e3-98eb-b125373317d0',
    data: 2025-02-14T03:35:57.048Z,
    docinhosCoco: 51,
    __v: 0
  },
  {
    _id: new ObjectId('67d6747a0b7b3d7c356446b3'),
    id: '0b2ba111-6848-4809-9948-7c2ece4634e9',
    vendedorId: '7d2895a4-1302-45e3-98eb-b125373317d0',
    data: 2025-02-14T13:27:41.437Z,
    docinhosCoco: 35,
    __v: 0
  },
  {
    _id: new ObjectId('67d674860b7b3d7c35644797'),
    id: 'ee40c9cd-2814-46bb-80bf-57b06814bbe4',
    vendedorId: '7d2895a4-1302-45e3-98eb-b125373317d0',
    data: 2025-02-21T04:54:54.348Z,
    docinhosCoco: 69,
    __v: 0
  },
  {
    _id: new ObjectId('67d674900b7b3d7c35644851'),
    id: 'd002fe4d-6f12-4268-a533-5427d3c90364',
    vendedorId: '7d2895a4-1302-45e3-98eb-b125373317d0',
    data: 2025-02-28T14:50:29.767Z,
    docinhosCoco: 41,
    __v: 0
  },
  {
    _id: new ObjectId('67d674970b7b3d7c356448e7'),
    id: '1b5ab822-9c37-4555-a195-99919888d2e2',
    vendedorId: '7d2895a4-1302-45e3-98eb-b125373317d0',
    data: 2025-03-05T16:20:59.483Z,
    docinhosCoco: 56,
    __v: 0
  },
  {
    _id: new ObjectId('67d6749f0b7b3d7c35644989'),
    id: 'fcbc2ef9-76b9-4428-8360-bd0ae80d9643',
    vendedorId: '7d2895a4-1302-45e3-98eb-b125373317d0',
    data: 2025-03-11T01:52:14.114Z,
    docinhosCoco: 41,
    __v: 0
  },
  {
    _id: new ObjectId('67d674a00b7b3d7c35644993'),
    id: '2411d277-b167-4c94-a852-6c6294066895',
    vendedorId: '7d2895a4-1302-45e3-98eb-b125373317d0',
    data: 2025-03-11T09:03:55.980Z,
    docinhosCoco: 72,
    __v: 0
  },
  {
    _id: new ObjectId('67d674a10b7b3d7c356449b1'),
    id: 'bd91e978-9f1a-424a-a68d-395fb37c9b97',
    vendedorId: '7d2895a4-1302-45e3-98eb-b125373317d0',
    data: 2025-03-12T08:04:00.132Z,
    docinhosCoco: 53,
    __v: 0
  },
  {
    _id: new ObjectId('67d674a30b7b3d7c356449c7'),
    id: '9a5f0ad0-536a-46de-9ea2-295f1cb069ae',
    vendedorId: '7d2895a4-1302-45e3-98eb-b125373317d0',
    data: 2025-03-13T00:05:43.853Z,
    docinhosCoco: 64,
    __v: 0
  },
  {
    _id: new ObjectId('67d674a40b7b3d7c356449ed'),
    id: 'f31add41-c8d2-4dc3-b351-dcedf23fe8d7',
    vendedorId: '7d2895a4-1302-45e3-98eb-b125373317d0',
    data: 2025-03-14T01:33:04.171Z,
    docinhosCoco: 60,
    __v: 0
  },
  {
    _id: new ObjectId('67d674a50b7b3d7c356449fb'),
    id: 'a5a58a05-272e-45e6-b799-518a49ecadfc',
    vendedorId: '7d2895a4-1302-45e3-98eb-b125373317d0',
    data: 2025-03-14T19:53:10.195Z,
    docinhosCoco: 50,
    __v: 0
  },
  {
    _id: new ObjectId('67d674a50b7b3d7c356449fd'),
    id: 'd4ee5d61-eaab-4f75-8ed5-40c1cf6540c5',
    vendedorId: '7d2895a4-1302-45e3-98eb-b125373317d0',
    data: 2025-03-14T22:31:17.248Z,
    docinhosCoco: 68,
    __v: 0
  },
  {
    _id: new ObjectId('67d674a60b7b3d7c35644a07'),
    id: 'a0a80dfa-a233-437b-8acb-430514a6c868',
    vendedorId: '7d2895a4-1302-45e3-98eb-b125373317d0',
    data: 2025-03-15T03:11:14.404Z,
    docinhosCoco: 41,
    __v: 0
  },
  {
    _id: new ObjectId('67d674a60b7b3d7c35644a0d'),
    id: 'f8c76c90-b718-4f32-8080-d34455190a47',
    vendedorId: '7d2895a4-1302-45e3-98eb-b125373317d0',
    data: 2025-03-15T07:18:27.130Z,
    docinhosCoco: 98,
    __v: 0
  }
]
✅ Processado vendedor: Alice Albuquerque
Debug - Repository - Query params: {
  vendedorId: '0b21b750-8a5b-46b7-a6d0-e70c3fbdefb4',
  dataInicio: 2024-09-17T03:00:00.000Z,
  dataFim: 2025-03-18T02:59:59.999Z
}
Debug - Repository - MongoDB query: {
  vendedorId: '0b21b750-8a5b-46b7-a6d0-e70c3fbdefb4',
  data: { '$gte': 1726542000000, '$lte': 1742266799999 }
}
Debug - Repository - Resultado encontrado: [
  {
    _id: new ObjectId('67c9968990c4d048db4a8f90'),
    id: '072f3473-45a8-4ec5-a5dc-088d9e4b99e2',
    vendedorId: '0b21b750-8a5b-46b7-a6d0-e70c3fbdefb4',
    data: 2025-01-18T00:00:00.000Z,
    docinhosCoco: 1196,
    __v: 0
  },
  {
    _id: new ObjectId('67c996a990c4d048db4a8fe6'),
    id: '31bf2dd1-118a-4f34-88a5-741023e44fcc',
    vendedorId: '0b21b750-8a5b-46b7-a6d0-e70c3fbdefb4',
    data: 2025-01-31T00:00:00.000Z,
    docinhosCoco: 1266,
    __v: 0
  },
  {
    _id: new ObjectId('67c996be90c4d048db4a9016'),
    id: '6b8ae1bd-9d1d-4a29-b80e-12bd4fd724c3',
    vendedorId: '0b21b750-8a5b-46b7-a6d0-e70c3fbdefb4',
    data: 2025-01-25T00:00:00.000Z,
    docinhosCoco: 1961,
    __v: 0
  },
  {
    _id: new ObjectId('67c997ec90c4d048db4a9073'),
    id: '6591cc67-0ab0-42bc-9e43-d44bd29049c4',
    vendedorId: '0b21b750-8a5b-46b7-a6d0-e70c3fbdefb4',
    data: 2025-02-21T00:00:00.000Z,
    docinhosCoco: 629,
    __v: 0
  },
  {
    _id: new ObjectId('67c9980d90c4d048db4a90bb'),
    id: '088e5f36-25d8-4b79-a3e2-0c2a7b606274',
    vendedorId: '0b21b750-8a5b-46b7-a6d0-e70c3fbdefb4',
    data: 2025-02-27T00:00:00.000Z,
    docinhosCoco: 1908,
    __v: 0
  },
  {
    _id: new ObjectId('67d6738e0b7b3d7c356434ad'),
    id: 'ba991916-ee53-4672-9ef4-40cd3cf953c4',
    vendedorId: '0b21b750-8a5b-46b7-a6d0-e70c3fbdefb4',
    data: 2024-09-18T08:02:30.551Z,
    docinhosCoco: 51,
    __v: 0
  },
  {
    _id: new ObjectId('67d6738f0b7b3d7c356434b1'),
    id: 'e4a4e63b-cb4c-499d-bf29-39348f167789',
    vendedorId: '0b21b750-8a5b-46b7-a6d0-e70c3fbdefb4',
    data: 2024-09-18T09:44:34.102Z,
    docinhosCoco: 45,
    __v: 0
  },
  {
    _id: new ObjectId('67d673910b7b3d7c356434d7'),
    id: 'c29afd15-b04d-4c30-8eab-3b19c67c5917',
    vendedorId: '0b21b750-8a5b-46b7-a6d0-e70c3fbdefb4',
    data: 2024-09-19T16:58:15.158Z,
    docinhosCoco: 32,
    __v: 0
  },
  {
    _id: new ObjectId('67d673990b7b3d7c35643585'),
    id: '3dae5fae-4856-4c2c-ab9f-09ba1be53d77',
    vendedorId: '0b21b750-8a5b-46b7-a6d0-e70c3fbdefb4',
    data: 2024-09-24T21:26:43.931Z,
    docinhosCoco: 61,
    __v: 0
  },
  {
    _id: new ObjectId('67d6739a0b7b3d7c35643597'),
    id: 'cfd38c5a-cd1f-424b-b8b4-ca4bb477fd02',
    vendedorId: '0b21b750-8a5b-46b7-a6d0-e70c3fbdefb4',
    data: 2024-09-25T14:37:27.752Z,
    docinhosCoco: 60,
    __v: 0
  },
  {
    _id: new ObjectId('67d6739a0b7b3d7c35643599'),
    id: '079fb3e6-8074-4024-bf07-d25ab35a65a3',
    vendedorId: '0b21b750-8a5b-46b7-a6d0-e70c3fbdefb4',
    data: 2024-09-25T16:23:28.530Z,
    docinhosCoco: 43,
    __v: 0
  },
  {
    _id: new ObjectId('67d6739b0b7b3d7c356435a1'),
    id: 'e7efa027-eb1f-457a-b994-710fbaeebfb3',
    vendedorId: '0b21b750-8a5b-46b7-a6d0-e70c3fbdefb4',
    data: 2024-09-25T17:57:40.364Z,
    docinhosCoco: 40,
    __v: 0
  },
  {
    _id: new ObjectId('67d6739c0b7b3d7c356435b3'),
    id: '435f1f49-2e5a-4acb-97b9-cbe8ba2d13b2',
    vendedorId: '0b21b750-8a5b-46b7-a6d0-e70c3fbdefb4',
    data: 2024-09-26T14:08:41.655Z,
    docinhosCoco: 54,
    __v: 0
  },
  {
    _id: new ObjectId('67d673a60b7b3d7c35643673'),
    id: '21e4da86-6779-4616-9f95-a02b0be507d7',
    vendedorId: '0b21b750-8a5b-46b7-a6d0-e70c3fbdefb4',
    data: 2024-10-03T23:25:09.439Z,
    docinhosCoco: 74,
    __v: 0
  },
  {
    _id: new ObjectId('67d673a60b7b3d7c35643675'),
    id: '6351b702-6fd6-4196-995e-16b46a29467e',
    vendedorId: '0b21b750-8a5b-46b7-a6d0-e70c3fbdefb4',
    data: 2024-10-04T02:18:49.274Z,
    docinhosCoco: 49,
    __v: 0
  },
  {
    _id: new ObjectId('67d673a90b7b3d7c356436ad'),
    id: 'ce51b811-0dc8-4956-9b05-82123ef08367',
    vendedorId: '0b21b750-8a5b-46b7-a6d0-e70c3fbdefb4',
    data: 2024-10-06T02:59:27.667Z,
    docinhosCoco: 104,
    __v: 0
  },
  {
    _id: new ObjectId('67d673aa0b7b3d7c356436c1'),
    id: '9cb33317-e2ab-4dd6-bfbb-7489097327a6',
    vendedorId: '0b21b750-8a5b-46b7-a6d0-e70c3fbdefb4',
    data: 2024-10-06T09:12:16.113Z,
    docinhosCoco: 58,
    __v: 0
  },
  {
    _id: new ObjectId('67d673ae0b7b3d7c35643719'),
    id: '7c145fa8-d414-417c-8fba-80c7a920fd73',
    vendedorId: '0b21b750-8a5b-46b7-a6d0-e70c3fbdefb4',
    data: 2024-10-10T03:11:46.050Z,
    docinhosCoco: 79,
    __v: 0
  },
  {
    _id: new ObjectId('67d673bb0b7b3d7c3564380f'),
    id: 'b703d849-6d81-4773-983a-9ffc8d1e570a',
    vendedorId: '0b21b750-8a5b-46b7-a6d0-e70c3fbdefb4',
    data: 2024-10-18T04:18:47.934Z,
    docinhosCoco: 47,
    __v: 0
  },
  {
    _id: new ObjectId('67d673bb0b7b3d7c3564381f'),
    id: '4b2ff2bb-5243-4bc4-9e13-ec80415bf0ca',
    vendedorId: '0b21b750-8a5b-46b7-a6d0-e70c3fbdefb4',
    data: 2024-10-18T20:07:33.896Z,
    docinhosCoco: 49,
    __v: 0
  },
  {
    _id: new ObjectId('67d673be0b7b3d7c35643853'),
    id: 'a2252462-15ef-431d-9de8-722283eb2b6c',
    vendedorId: '0b21b750-8a5b-46b7-a6d0-e70c3fbdefb4',
    data: 2024-10-19T21:01:03.586Z,
    docinhosCoco: 102,
    __v: 0
  },
  {
    _id: new ObjectId('67d673bf0b7b3d7c35643861'),
    id: 'f031191f-869d-4d54-aaa0-d4a56e05e375',
    vendedorId: '0b21b750-8a5b-46b7-a6d0-e70c3fbdefb4',
    data: 2024-10-20T12:33:12.211Z,
    docinhosCoco: 79,
    __v: 0
  },
  {
    _id: new ObjectId('67d673c10b7b3d7c35643885'),
    id: '434e3da0-87d7-4cf7-be6d-1027cdc882a8',
    vendedorId: '0b21b750-8a5b-46b7-a6d0-e70c3fbdefb4',
    data: 2024-10-21T22:21:32.118Z,
    docinhosCoco: 59,
    __v: 0
  },
  {
    _id: new ObjectId('67d673c10b7b3d7c3564388f'),
    id: '59214159-28e7-4238-83fc-4b5119f0505b',
    vendedorId: '0b21b750-8a5b-46b7-a6d0-e70c3fbdefb4',
    data: 2024-10-22T08:32:23.958Z,
    docinhosCoco: 71,
    __v: 0
  },
  {
    _id: new ObjectId('67d673c10b7b3d7c35643895'),
    id: '60965abb-fa8e-4e45-93d2-392dbeada2c7',
    vendedorId: '0b21b750-8a5b-46b7-a6d0-e70c3fbdefb4',
    data: 2024-10-22T09:50:22.377Z,
    docinhosCoco: 55,
    __v: 0
  },
  {
    _id: new ObjectId('67d673c30b7b3d7c356438af'),
    id: '56054dec-752e-4027-b11c-c2390507440c',
    vendedorId: '0b21b750-8a5b-46b7-a6d0-e70c3fbdefb4',
    data: 2024-10-23T04:12:36.161Z,
    docinhosCoco: 38,
    __v: 0
  },
  {
    _id: new ObjectId('67d673c60b7b3d7c356438f3'),
    id: 'd1ad6ef6-9cc4-4d68-a8fd-3f94a694ee1d',
    vendedorId: '0b21b750-8a5b-46b7-a6d0-e70c3fbdefb4',
    data: 2024-10-25T23:08:52.960Z,
    docinhosCoco: 73,
    __v: 0
  },
  {
    _id: new ObjectId('67d673c60b7b3d7c356438f7'),
    id: '6995d75a-470f-4c09-bf88-f58d8b20b6a6',
    vendedorId: '0b21b750-8a5b-46b7-a6d0-e70c3fbdefb4',
    data: 2024-10-26T00:58:41.072Z,
    docinhosCoco: 46,
    __v: 0
  },
  {
    _id: new ObjectId('67d673cd0b7b3d7c35643977'),
    id: 'd5134471-c328-4233-a34a-5fb55b5bc40c',
    vendedorId: '0b21b750-8a5b-46b7-a6d0-e70c3fbdefb4',
    data: 2024-10-30T06:51:53.730Z,
    docinhosCoco: 38,
    __v: 0
  },
  {
    _id: new ObjectId('67d673d50b7b3d7c35643a0d'),
    id: 'cbcb7246-1b3a-474e-9301-320f1b4aa932',
    vendedorId: '0b21b750-8a5b-46b7-a6d0-e70c3fbdefb4',
    data: 2024-11-04T05:59:43.253Z,
    docinhosCoco: 61,
    __v: 0
  },
  {
    _id: new ObjectId('67d673d60b7b3d7c35643a2d'),
    id: '7706e736-61c1-491e-9ed5-efb5ce32d38e',
    vendedorId: '0b21b750-8a5b-46b7-a6d0-e70c3fbdefb4',
    data: 2024-11-05T01:14:54.170Z,
    docinhosCoco: 73,
    __v: 0
  },
  {
    _id: new ObjectId('67d673dc0b7b3d7c35643aa9'),
    id: '131f9eff-169e-4338-b8a6-3c0c6afb30ec',
    vendedorId: '0b21b750-8a5b-46b7-a6d0-e70c3fbdefb4',
    data: 2024-11-07T21:47:40.537Z,
    docinhosCoco: 42,
    __v: 0
  },
  {
    _id: new ObjectId('67d673de0b7b3d7c35643abf'),
    id: 'ac0d4004-5115-4139-8c03-3aabbbe493fd',
    vendedorId: '0b21b750-8a5b-46b7-a6d0-e70c3fbdefb4',
    data: 2024-11-09T00:27:34.573Z,
    docinhosCoco: 55,
    __v: 0
  },
  {
    _id: new ObjectId('67d673de0b7b3d7c35643acf'),
    id: 'ba8c224b-1bb4-4c29-8191-2659767216e5',
    vendedorId: '0b21b750-8a5b-46b7-a6d0-e70c3fbdefb4',
    data: 2024-11-09T14:00:06.997Z,
    docinhosCoco: 91,
    __v: 0
  },
  {
    _id: new ObjectId('67d673e10b7b3d7c35643aff'),
    id: 'f2c06dcc-41a4-4632-a4ba-21cf7c294f6c',
    vendedorId: '0b21b750-8a5b-46b7-a6d0-e70c3fbdefb4',
    data: 2024-11-11T00:29:16.328Z,
    docinhosCoco: 74,
    __v: 0
  },
  {
    _id: new ObjectId('67d673e40b7b3d7c35643b3d'),
    id: '035725be-f1bf-4a94-a558-7e89b7db33fe',
    vendedorId: '0b21b750-8a5b-46b7-a6d0-e70c3fbdefb4',
    data: 2024-11-12T21:43:40.701Z,
    docinhosCoco: 53,
    __v: 0
  },
  {
    _id: new ObjectId('67d673e70b7b3d7c35643b77'),
    id: 'bbdf7b11-bec8-410c-a1ae-cd95f977e0b4',
    vendedorId: '0b21b750-8a5b-46b7-a6d0-e70c3fbdefb4',
    data: 2024-11-14T21:14:52.105Z,
    docinhosCoco: 43,
    __v: 0
  },
  {
    _id: new ObjectId('67d673e90b7b3d7c35643b9b'),
    id: 'd98193ba-63f3-4fe7-93a9-3a639212676d',
    vendedorId: '0b21b750-8a5b-46b7-a6d0-e70c3fbdefb4',
    data: 2024-11-15T17:05:45.352Z,
    docinhosCoco: 46,
    __v: 0
  },
  {
    _id: new ObjectId('67d673e90b7b3d7c35643ba3'),
    id: 'f2feeda0-9c11-4e30-b3f7-36948d9a6a50',
    vendedorId: '0b21b750-8a5b-46b7-a6d0-e70c3fbdefb4',
    data: 2024-11-16T00:42:47.836Z,
    docinhosCoco: 31,
    __v: 0
  },
  {
    _id: new ObjectId('67d673ec0b7b3d7c35643bd9'),
    id: 'd643cb51-877c-4d6f-9610-abf243bd9351',
    vendedorId: '0b21b750-8a5b-46b7-a6d0-e70c3fbdefb4',
    data: 2024-11-17T14:17:17.915Z,
    docinhosCoco: 50,
    __v: 0
  },
  {
    _id: new ObjectId('67d673ef0b7b3d7c35643c13'),
    id: 'b4f019b3-3c9d-41e4-9aaa-859a754dcd79',
    vendedorId: '0b21b750-8a5b-46b7-a6d0-e70c3fbdefb4',
    data: 2024-11-19T17:27:28.491Z,
    docinhosCoco: 48,
    __v: 0
  },
  {
    _id: new ObjectId('67d673fc0b7b3d7c35643d15'),
    id: '9ea5d13f-26ad-46fa-8d17-26513c98ba6d',
    vendedorId: '0b21b750-8a5b-46b7-a6d0-e70c3fbdefb4',
    data: 2024-11-27T15:57:00.942Z,
    docinhosCoco: 77,
    __v: 0
  },
  {
    _id: new ObjectId('67d673fd0b7b3d7c35643d25'),
    id: 'd6921f7f-94fe-49b3-9d9c-91ec4a34f265',
    vendedorId: '0b21b750-8a5b-46b7-a6d0-e70c3fbdefb4',
    data: 2024-11-27T23:54:30.784Z,
    docinhosCoco: 38,
    __v: 0
  },
  {
    _id: new ObjectId('67d673fd0b7b3d7c35643d2b'),
    id: '2275cb95-7e84-4985-abad-8cf3ce46ac14',
    vendedorId: '0b21b750-8a5b-46b7-a6d0-e70c3fbdefb4',
    data: 2024-11-28T04:41:43.990Z,
    docinhosCoco: 41,
    __v: 0
  },
  {
    _id: new ObjectId('67d673ff0b7b3d7c35643d53'),
    id: '8e29d696-a2a2-47b0-9030-22b5958ec391',
    vendedorId: '0b21b750-8a5b-46b7-a6d0-e70c3fbdefb4',
    data: 2024-11-29T11:26:03.428Z,
    docinhosCoco: 79,
    __v: 0
  },
  {
    _id: new ObjectId('67d674020b7b3d7c35643d81'),
    id: '8f84f871-eb19-4c8e-8c69-047d604e8c8e',
    vendedorId: '0b21b750-8a5b-46b7-a6d0-e70c3fbdefb4',
    data: 2024-11-30T17:22:07.362Z,
    docinhosCoco: 97,
    __v: 0
  },
  {
    _id: new ObjectId('67d674030b7b3d7c35643d99'),
    id: 'edcc906d-81df-4c5c-8065-77efb227038c',
    vendedorId: '0b21b750-8a5b-46b7-a6d0-e70c3fbdefb4',
    data: 2024-12-01T06:38:13.050Z,
    docinhosCoco: 86,
    __v: 0
  },
  {
    _id: new ObjectId('67d674080b7b3d7c35643df9'),
    id: 'ef7a747b-801b-4e75-9a5f-5966074cf79b',
    vendedorId: '0b21b750-8a5b-46b7-a6d0-e70c3fbdefb4',
    data: 2024-12-04T15:54:58.987Z,
    docinhosCoco: 93,
    __v: 0
  },
  {
    _id: new ObjectId('67d6740d0b7b3d7c35643e57'),
    id: '6b65767d-10dd-47a2-9802-32bab8b473fe',
    vendedorId: '0b21b750-8a5b-46b7-a6d0-e70c3fbdefb4',
    data: 2024-12-07T17:09:04.919Z,
    docinhosCoco: 65,
    __v: 0
  },
  {
    _id: new ObjectId('67d6740f0b7b3d7c35643e8b'),
    id: '5475549d-a2c4-40a4-b22b-2eff09764406',
    vendedorId: '0b21b750-8a5b-46b7-a6d0-e70c3fbdefb4',
    data: 2024-12-09T01:27:48.239Z,
    docinhosCoco: 55,
    __v: 0
  },
  {
    _id: new ObjectId('67d674110b7b3d7c35643eaf'),
    id: 'e07873a7-205c-454e-9a4f-56fdd84096a3',
    vendedorId: '0b21b750-8a5b-46b7-a6d0-e70c3fbdefb4',
    data: 2024-12-10T10:50:31.717Z,
    docinhosCoco: 72,
    __v: 0
  },
  {
    _id: new ObjectId('67d674150b7b3d7c35643f05'),
    id: '2b169781-4e30-425f-af13-4c63fbcd2e8c',
    vendedorId: '0b21b750-8a5b-46b7-a6d0-e70c3fbdefb4',
    data: 2024-12-13T04:36:06.855Z,
    docinhosCoco: 85,
    __v: 0
  },
  {
    _id: new ObjectId('67d674180b7b3d7c35643f3b'),
    id: '1b3e8c84-6f43-4f26-9469-bb8be0d2c31d',
    vendedorId: '0b21b750-8a5b-46b7-a6d0-e70c3fbdefb4',
    data: 2024-12-15T00:16:30.999Z,
    docinhosCoco: 47,
    __v: 0
  },
  {
    _id: new ObjectId('67d674190b7b3d7c35643f53'),
    id: 'f07c7051-fa22-45f5-b66d-16b39a5325b0',
    vendedorId: '0b21b750-8a5b-46b7-a6d0-e70c3fbdefb4',
    data: 2024-12-15T19:00:20.900Z,
    docinhosCoco: 70,
    __v: 0
  },
  {
    _id: new ObjectId('67d674200b7b3d7c35643fd7'),
    id: '14f49cde-f140-4bf3-a81c-d547dca31ec0',
    vendedorId: '0b21b750-8a5b-46b7-a6d0-e70c3fbdefb4',
    data: 2024-12-20T02:29:32.178Z,
    docinhosCoco: 76,
    __v: 0
  },
  {
    _id: new ObjectId('67d674240b7b3d7c35644027'),
    id: '5d2b9deb-231d-4158-a9fd-bdb53f13b270',
    vendedorId: '0b21b750-8a5b-46b7-a6d0-e70c3fbdefb4',
    data: 2024-12-23T00:47:53.572Z,
    docinhosCoco: 52,
    __v: 0
  },
  {
    _id: new ObjectId('67d674250b7b3d7c35644031'),
    id: 'd10cbfcf-c09c-4a9a-b8ad-7a91c59874c1',
    vendedorId: '0b21b750-8a5b-46b7-a6d0-e70c3fbdefb4',
    data: 2024-12-23T09:41:37.855Z,
    docinhosCoco: 49,
    __v: 0
  },
  {
    _id: new ObjectId('67d674280b7b3d7c35644073'),
    id: '6ded7622-86cb-4e27-a077-dc0e1c9c8c50',
    vendedorId: '0b21b750-8a5b-46b7-a6d0-e70c3fbdefb4',
    data: 2024-12-24T21:51:15.802Z,
    docinhosCoco: 45,
    __v: 0
  },
  {
    _id: new ObjectId('67d6742a0b7b3d7c3564409f'),
    id: '68b69f1f-5ec9-479c-ad41-414eafbe5021',
    vendedorId: '0b21b750-8a5b-46b7-a6d0-e70c3fbdefb4',
    data: 2024-12-26T15:57:15.743Z,
    docinhosCoco: 62,
    __v: 0
  },
  {
    _id: new ObjectId('67d6742b0b7b3d7c356440af'),
    id: '4baaeddd-5670-478c-90fa-9e67b37a427a',
    vendedorId: '0b21b750-8a5b-46b7-a6d0-e70c3fbdefb4',
    data: 2024-12-27T05:35:59.637Z,
    docinhosCoco: 87,
    __v: 0
  },
  {
    _id: new ObjectId('67d6742e0b7b3d7c356440e1'),
    id: '4826d92e-85ec-432a-9b2c-0c2fea43b733',
    vendedorId: '0b21b750-8a5b-46b7-a6d0-e70c3fbdefb4',
    data: 2024-12-28T16:35:00.525Z,
    docinhosCoco: 65,
    __v: 0
  },
  {
    _id: new ObjectId('67d674320b7b3d7c35644133'),
    id: '99fd060e-1ecc-4301-ac0e-7117c63121b5',
    vendedorId: '0b21b750-8a5b-46b7-a6d0-e70c3fbdefb4',
    data: 2024-12-30T14:21:47.529Z,
    docinhosCoco: 62,
    __v: 0
  },
  {
    _id: new ObjectId('67d674330b7b3d7c35644145'),
    id: 'a497400d-d5f3-4da2-8e49-e4d2d70ab5f8',
    vendedorId: '0b21b750-8a5b-46b7-a6d0-e70c3fbdefb4',
    data: 2024-12-31T06:14:16.348Z,
    docinhosCoco: 67,
    __v: 0
  },
  {
    _id: new ObjectId('67d674330b7b3d7c35644149'),
    id: '263a055a-96a9-4359-95e9-c973d0833e86',
    vendedorId: '0b21b750-8a5b-46b7-a6d0-e70c3fbdefb4',
    data: 2024-12-31T08:50:40.093Z,
    docinhosCoco: 48,
    __v: 0
  },
  {
    _id: new ObjectId('67d674340b7b3d7c35644157'),
    id: 'b4b5d096-b9e8-464c-b6c6-57827d14872e',
    vendedorId: '0b21b750-8a5b-46b7-a6d0-e70c3fbdefb4',
    data: 2024-12-31T20:22:02.691Z,
    docinhosCoco: 52,
    __v: 0
  },
  {
    _id: new ObjectId('67d6743f0b7b3d7c3564423b'),
    id: '1183416d-9c83-4ee3-a3ec-1fcebaf9b869',
    vendedorId: '0b21b750-8a5b-46b7-a6d0-e70c3fbdefb4',
    data: 2025-01-08T14:01:12.836Z,
    docinhosCoco: 52,
    __v: 0
  },
  {
    _id: new ObjectId('67d6743f0b7b3d7c3564423f'),
    id: 'c5b12a2c-f2a8-4d4e-bd2b-7bd630fe3c4a',
    vendedorId: '0b21b750-8a5b-46b7-a6d0-e70c3fbdefb4',
    data: 2025-01-08T18:48:36.688Z,
    docinhosCoco: 50,
    __v: 0
  },
  {
    _id: new ObjectId('67d674420b7b3d7c35644271'),
    id: '2a7edc04-af88-4d9b-9b05-4213a490b32a',
    vendedorId: '0b21b750-8a5b-46b7-a6d0-e70c3fbdefb4',
    data: 2025-01-10T02:08:03.603Z,
    docinhosCoco: 61,
    __v: 0
  },
  {
    _id: new ObjectId('67d674420b7b3d7c35644279'),
    id: '89c30d9f-fc3f-43b3-9eea-eeaa8945161d',
    vendedorId: '0b21b750-8a5b-46b7-a6d0-e70c3fbdefb4',
    data: 2025-01-10T09:18:10.766Z,
    docinhosCoco: 49,
    __v: 0
  },
  {
    _id: new ObjectId('67d674430b7b3d7c3564428f'),
    id: 'ed15939c-d2fc-4a72-ae76-617a9622484a',
    vendedorId: '0b21b750-8a5b-46b7-a6d0-e70c3fbdefb4',
    data: 2025-01-11T02:57:11.043Z,
    docinhosCoco: 73,
    __v: 0
  },
  {
    _id: new ObjectId('67d674450b7b3d7c356442a9'),
    id: 'a7c73f11-d357-4a00-9529-2079d3a5437d',
    vendedorId: '0b21b750-8a5b-46b7-a6d0-e70c3fbdefb4',
    data: 2025-01-12T01:49:58.365Z,
    docinhosCoco: 68,
    __v: 0
  },
  {
    _id: new ObjectId('67d674450b7b3d7c356442af'),
    id: 'ede05830-1c09-4bd4-bd49-2c516b45d68a',
    vendedorId: '0b21b750-8a5b-46b7-a6d0-e70c3fbdefb4',
    data: 2025-01-12T17:03:20.643Z,
    docinhosCoco: 62,
    __v: 0
  },
  {
    _id: new ObjectId('67d674470b7b3d7c356442db'),
    id: 'fb89f305-f234-44c6-96e0-16c6ed107c02',
    vendedorId: '0b21b750-8a5b-46b7-a6d0-e70c3fbdefb4',
    data: 2025-01-14T01:28:04.653Z,
    docinhosCoco: 70,
    __v: 0
  },
  {
    _id: new ObjectId('67d674490b7b3d7c356442f9'),
    id: 'b12b9f38-d240-4a29-9c73-54139bc25021',
    vendedorId: '0b21b750-8a5b-46b7-a6d0-e70c3fbdefb4',
    data: 2025-01-15T06:58:23.815Z,
    docinhosCoco: 51,
    __v: 0
  },
  {
    _id: new ObjectId('67d6744b0b7b3d7c35644327'),
    id: 'f95c5760-8e2a-480f-baec-b4c01ec0c693',
    vendedorId: '0b21b750-8a5b-46b7-a6d0-e70c3fbdefb4',
    data: 2025-01-16T19:22:35.192Z,
    docinhosCoco: 60,
    __v: 0
  },
  {
    _id: new ObjectId('67d674550b7b3d7c356443e3'),
    id: '968e431e-235c-49b9-ad43-80f273ef7974',
    vendedorId: '0b21b750-8a5b-46b7-a6d0-e70c3fbdefb4',
    data: 2025-01-22T13:39:07.206Z,
    docinhosCoco: 59,
    __v: 0
  },
  {
    _id: new ObjectId('67d674660b7b3d7c3564451f'),
    id: '3371d172-c079-4483-ad9b-385ec2422b38',
    vendedorId: '0b21b750-8a5b-46b7-a6d0-e70c3fbdefb4',
    data: 2025-02-02T01:17:57.273Z,
    docinhosCoco: 71,
    __v: 0
  },
  {
    _id: new ObjectId('67d674680b7b3d7c3564454f'),
    id: 'f2651ca8-4105-4e12-adf3-3e0b5870e681',
    vendedorId: '0b21b750-8a5b-46b7-a6d0-e70c3fbdefb4',
    data: 2025-02-03T10:18:10.109Z,
    docinhosCoco: 55,
    __v: 0
  },
  {
    _id: new ObjectId('67d674690b7b3d7c3564455d'),
    id: 'af3ffc0d-5b90-43cc-ab1d-98fef1c303fb',
    vendedorId: '0b21b750-8a5b-46b7-a6d0-e70c3fbdefb4',
    data: 2025-02-04T09:55:01.864Z,
    docinhosCoco: 46,
    __v: 0
  },
  {
    _id: new ObjectId('67d6746a0b7b3d7c35644575'),
    id: '8efcb0fa-c762-4da4-a61a-afb30a81fa67',
    vendedorId: '0b21b750-8a5b-46b7-a6d0-e70c3fbdefb4',
    data: 2025-02-05T01:58:45.489Z,
    docinhosCoco: 79,
    __v: 0
  },
  {
    _id: new ObjectId('67d6746d0b7b3d7c356445a5'),
    id: '2e5e13c1-047c-42ed-9b74-d2af5ea25657',
    vendedorId: '0b21b750-8a5b-46b7-a6d0-e70c3fbdefb4',
    data: 2025-02-06T07:20:07.622Z,
    docinhosCoco: 57,
    __v: 0
  },
  {
    _id: new ObjectId('67d6746e0b7b3d7c356445bf'),
    id: 'a1ee1dbb-1c7f-40d9-9fcf-e1a845d99581',
    vendedorId: '0b21b750-8a5b-46b7-a6d0-e70c3fbdefb4',
    data: 2025-02-07T01:20:43.689Z,
    docinhosCoco: 47,
    __v: 0
  },
  {
    _id: new ObjectId('67d6746f0b7b3d7c356445cb'),
    id: '8fb223a0-78fa-4292-935c-b842ef45869b',
    vendedorId: '0b21b750-8a5b-46b7-a6d0-e70c3fbdefb4',
    data: 2025-02-07T09:13:10.563Z,
    docinhosCoco: 80,
    __v: 0
  },
  {
    _id: new ObjectId('67d674700b7b3d7c356445eb'),
    id: '63e40116-e08e-4dd6-9ae6-3aa0f1fbc90e',
    vendedorId: '0b21b750-8a5b-46b7-a6d0-e70c3fbdefb4',
    data: 2025-02-08T12:11:35.245Z,
    docinhosCoco: 104,
    __v: 0
  },
  {
    _id: new ObjectId('67d674710b7b3d7c356445fb'),
    id: '4ac4c3f8-dbba-46a9-972d-1f8be94f4b1e',
    vendedorId: '0b21b750-8a5b-46b7-a6d0-e70c3fbdefb4',
    data: 2025-02-08T21:11:35.203Z,
    docinhosCoco: 48,
    __v: 0
  },
  {
    _id: new ObjectId('67d674720b7b3d7c35644613'),
    id: '628c22d0-d6a8-43d2-a041-f7c145fbb989',
    vendedorId: '0b21b750-8a5b-46b7-a6d0-e70c3fbdefb4',
    data: 2025-02-09T13:43:48.997Z,
    docinhosCoco: 62,
    __v: 0
  },
  {
    _id: new ObjectId('67d6747b0b7b3d7c356446b9'),
    id: '6a967019-c47c-4bad-ab2a-ce0fa1d876cb',
    vendedorId: '0b21b750-8a5b-46b7-a6d0-e70c3fbdefb4',
    data: 2025-02-14T17:47:59.673Z,
    docinhosCoco: 36,
    __v: 0
  },
  {
    _id: new ObjectId('67d6747e0b7b3d7c356446f1'),
    id: '9901fb03-b7fb-4dd2-9dcd-30e946bf513f',
    vendedorId: '0b21b750-8a5b-46b7-a6d0-e70c3fbdefb4',
    data: 2025-02-16T03:58:50.053Z,
    docinhosCoco: 54,
    __v: 0
  },
  {
    _id: new ObjectId('67d6747f0b7b3d7c35644715'),
    id: '77f5a3c3-e0e2-48cc-8ef7-41b3e31a9c8a',
    vendedorId: '0b21b750-8a5b-46b7-a6d0-e70c3fbdefb4',
    data: 2025-02-17T07:32:16.035Z,
    docinhosCoco: 44,
    __v: 0
  },
  {
    _id: new ObjectId('67d674820b7b3d7c35644741'),
    id: 'f25a5915-2375-4b43-87e4-6623c9ead1eb',
    vendedorId: '0b21b750-8a5b-46b7-a6d0-e70c3fbdefb4',
    data: 2025-02-18T11:47:48.478Z,
    docinhosCoco: 61,
    __v: 0
  },
  {
    _id: new ObjectId('67d674840b7b3d7c35644767'),
    id: 'bdb3c7f5-aa48-4437-be56-c5c90a3bbfda',
    vendedorId: '0b21b750-8a5b-46b7-a6d0-e70c3fbdefb4',
    data: 2025-02-19T14:43:54.887Z,
    docinhosCoco: 63,
    __v: 0
  },
  {
    _id: new ObjectId('67d674840b7b3d7c3564476b'),
    id: '684f59bd-c9b2-4c93-adda-9c2be952016e',
    vendedorId: '0b21b750-8a5b-46b7-a6d0-e70c3fbdefb4',
    data: 2025-02-19T16:14:34.815Z,
    docinhosCoco: 49,
    __v: 0
  },
  {
    _id: new ObjectId('67d6748c0b7b3d7c35644807'),
    id: '14b91c7e-35be-4719-a8ba-5871a7d2eca1',
    vendedorId: '0b21b750-8a5b-46b7-a6d0-e70c3fbdefb4',
    data: 2025-02-26T04:27:10.667Z,
    docinhosCoco: 42,
    __v: 0
  },
  {
    _id: new ObjectId('67d6748c0b7b3d7c35644813'),
    id: 'ce610c04-d944-4cf3-8665-edd8e083e181',
    vendedorId: '0b21b750-8a5b-46b7-a6d0-e70c3fbdefb4',
    data: 2025-02-26T16:42:32.738Z,
    docinhosCoco: 33,
    __v: 0
  },
  {
    _id: new ObjectId('67d674910b7b3d7c35644867'),
    id: '65cbca79-4ecf-4ecc-baf2-e16da01f0ee4',
    vendedorId: '0b21b750-8a5b-46b7-a6d0-e70c3fbdefb4',
    data: 2025-03-01T19:02:16.086Z,
    docinhosCoco: 59,
    __v: 0
  },
  {
    _id: new ObjectId('67d674930b7b3d7c3564488f'),
    id: '5ebfcce5-0ca3-4413-9fbe-87e682f74f13',
    vendedorId: '0b21b750-8a5b-46b7-a6d0-e70c3fbdefb4',
    data: 2025-03-02T23:24:11.595Z,
    docinhosCoco: 46,
    __v: 0
  },
  {
    _id: new ObjectId('67d6749f0b7b3d7c35644987'),
    id: 'b82ecc55-4322-42c1-a648-c84c9dd7f9da',
    vendedorId: '0b21b750-8a5b-46b7-a6d0-e70c3fbdefb4',
    data: 2025-03-11T00:49:24.801Z,
    docinhosCoco: 38,
    __v: 0
  },
  {
    _id: new ObjectId('67d674a20b7b3d7c356449bf'),
    id: 'cfc9e75c-547c-4142-8ba2-70ad61d07f8e',
    vendedorId: '0b21b750-8a5b-46b7-a6d0-e70c3fbdefb4',
    data: 2025-03-12T23:13:32.027Z,
    docinhosCoco: 57,
    __v: 0
  },
  {
    _id: new ObjectId('67d674a30b7b3d7c356449cd'),
    id: '0b079240-bac7-4fff-81d5-b8322455720c',
    vendedorId: '0b21b750-8a5b-46b7-a6d0-e70c3fbdefb4',
    data: 2025-03-13T09:59:49.199Z,
    docinhosCoco: 51,
    __v: 0
  },
  {
    _id: new ObjectId('67d674a40b7b3d7c356449db'),
    id: 'c01e330b-871a-42f6-83f4-a8b2da4e915f',
    vendedorId: '0b21b750-8a5b-46b7-a6d0-e70c3fbdefb4',
    data: 2025-03-13T17:28:44.960Z,
    docinhosCoco: 33,
    __v: 0
  },
  ... 1 more item
]
✅ Processado vendedor: Olivia Duarte
Debug - Repository - Query params: {
  vendedorId: '29263e38-0de7-4908-b098-814e41f29251',
  dataInicio: 2024-09-17T03:00:00.000Z,
  dataFim: 2025-03-18T02:59:59.999Z
}
Debug - Repository - MongoDB query: {
  vendedorId: '29263e38-0de7-4908-b098-814e41f29251',
  data: { '$gte': 1726542000000, '$lte': 1742266799999 }
}
Debug - Repository - Resultado encontrado: [
  {
    _id: new ObjectId('67c9968e90c4d048db4a8fa8'),
    id: 'dae4fc46-8396-49c2-bb03-040ad1d84537',
    vendedorId: '29263e38-0de7-4908-b098-814e41f29251',
    data: 2025-01-30T00:00:00.000Z,
    docinhosCoco: 771,
    __v: 0
  },
  {
    _id: new ObjectId('67c996a790c4d048db4a8fe2'),
    id: 'bd5dd499-8bf1-4723-abe1-e270c6e628a9',
    vendedorId: '29263e38-0de7-4908-b098-814e41f29251',
    data: 2025-01-29T00:00:00.000Z,
    docinhosCoco: 639,
    __v: 0
  },
  {
    _id: new ObjectId('67c996bf90c4d048db4a901c'),
    id: '15192849-5c98-4391-b36c-daf53139b267',
    vendedorId: '29263e38-0de7-4908-b098-814e41f29251',
    data: 2025-01-28T00:00:00.000Z,
    docinhosCoco: 1558,
    __v: 0
  },
  {
    _id: new ObjectId('67c997e590c4d048db4a9057'),
    id: 'eca2c5ad-4f76-4ac5-b78f-7197e55ae2cc',
    vendedorId: '29263e38-0de7-4908-b098-814e41f29251',
    data: 2025-02-07T00:00:00.000Z,
    docinhosCoco: 1915,
    __v: 0
  },
  {
    _id: new ObjectId('67c9980c90c4d048db4a90b9'),
    id: '166aa16b-ba51-43cb-973a-dec0368d3407',
    vendedorId: '29263e38-0de7-4908-b098-814e41f29251',
    data: 2025-02-26T00:00:00.000Z,
    docinhosCoco: 621,
    __v: 0
  },
  {
    _id: new ObjectId('67d6738d0b7b3d7c3564349b'),
    id: 'cfd6b7fb-3319-4e00-83fa-748713381881',
    vendedorId: '29263e38-0de7-4908-b098-814e41f29251',
    data: 2024-09-17T18:07:17.605Z,
    docinhosCoco: 67,
    __v: 0
  },
  {
    _id: new ObjectId('67d6738e0b7b3d7c3564349f'),
    id: '1fda03f0-3599-4e24-9829-d2d243bcef4f',
    vendedorId: '29263e38-0de7-4908-b098-814e41f29251',
    data: 2024-09-17T22:20:44.233Z,
    docinhosCoco: 80,
    __v: 0
  },
  {
    _id: new ObjectId('67d673900b7b3d7c356434c5'),
    id: '8638d882-9e1b-4c57-b36a-142823de2420',
    vendedorId: '29263e38-0de7-4908-b098-814e41f29251',
    data: 2024-09-19T05:28:25.294Z,
    docinhosCoco: 37,
    __v: 0
  },
  {
    _id: new ObjectId('67d673950b7b3d7c35643537'),
    id: '927c7955-8296-4239-9e87-245c4bbde2c9',
    vendedorId: '29263e38-0de7-4908-b098-814e41f29251',
    data: 2024-09-22T23:11:06.176Z,
    docinhosCoco: 84,
    __v: 0
  },
  {
    _id: new ObjectId('67d673970b7b3d7c35643555'),
    id: '395ba6ad-d7ec-4762-be2e-a30b01b9fa61',
    vendedorId: '29263e38-0de7-4908-b098-814e41f29251',
    data: 2024-09-23T16:45:56.966Z,
    docinhosCoco: 39,
    __v: 0
  },
  {
    _id: new ObjectId('67d6739c0b7b3d7c356435af'),
    id: 'dd7efb60-315b-406a-9cd3-9bfbbf632735',
    vendedorId: '29263e38-0de7-4908-b098-814e41f29251',
    data: 2024-09-26T11:14:24.731Z,
    docinhosCoco: 66,
    __v: 0
  },
  {
    _id: new ObjectId('67d673a20b7b3d7c3564362f'),
    id: '17434e1e-d3b2-41e9-96c8-3b1562501971',
    vendedorId: '29263e38-0de7-4908-b098-814e41f29251',
    data: 2024-10-01T15:02:08.826Z,
    docinhosCoco: 42,
    __v: 0
  },
  {
    _id: new ObjectId('67d673a40b7b3d7c3564364d'),
    id: 'a763fefa-9fea-44d3-acd9-9b875df12ff3',
    vendedorId: '29263e38-0de7-4908-b098-814e41f29251',
    data: 2024-10-02T10:18:30.632Z,
    docinhosCoco: 59,
    __v: 0
  },
  {
    _id: new ObjectId('67d673a40b7b3d7c3564365b'),
    id: 'c0a48077-78ab-44f1-8797-ff8a72194050',
    vendedorId: '29263e38-0de7-4908-b098-814e41f29251',
    data: 2024-10-02T22:59:58.854Z,
    docinhosCoco: 43,
    __v: 0
  },
  {
    _id: new ObjectId('67d673a80b7b3d7c3564369d'),
    id: '22d37d10-ab74-4b7b-a7e2-7ccb8c9896e0',
    vendedorId: '29263e38-0de7-4908-b098-814e41f29251',
    data: 2024-10-05T18:52:52.150Z,
    docinhosCoco: 92,
    __v: 0
  },
  {
    _id: new ObjectId('67d673ab0b7b3d7c356436d5'),
    id: 'cc9b93e3-676a-480c-a7ec-f48f6523f515',
    vendedorId: '29263e38-0de7-4908-b098-814e41f29251',
    data: 2024-10-06T23:16:45.851Z,
    docinhosCoco: 66,
    __v: 0
  },
  {
    _id: new ObjectId('67d673ab0b7b3d7c356436df'),
    id: 'c69d00db-4511-4f46-ae93-93226d518669',
    vendedorId: '29263e38-0de7-4908-b098-814e41f29251',
    data: 2024-10-07T04:24:17.288Z,
    docinhosCoco: 31,
    __v: 0
  },
  {
    _id: new ObjectId('67d673af0b7b3d7c3564372b'),
    id: '7c70530a-1121-48ee-bda2-8d362d1bd6f4',
    vendedorId: '29263e38-0de7-4908-b098-814e41f29251',
    data: 2024-10-10T11:05:23.018Z,
    docinhosCoco: 37,
    __v: 0
  },
  {
    _id: new ObjectId('67d673b20b7b3d7c35643769'),
    id: '86806125-d62d-49e1-b48d-7c83ec2bf356',
    vendedorId: '29263e38-0de7-4908-b098-814e41f29251',
    data: 2024-10-12T09:16:11.889Z,
    docinhosCoco: 78,
    __v: 0
  },
  {
    _id: new ObjectId('67d673b80b7b3d7c356437db'),
    id: '9c8bbfae-cc92-44d2-ab62-55a551843bc6',
    vendedorId: '29263e38-0de7-4908-b098-814e41f29251',
    data: 2024-10-16T16:15:56.694Z,
    docinhosCoco: 53,
    __v: 0
  },
  {
    _id: new ObjectId('67d673b90b7b3d7c356437e9'),
    id: 'bc1fdae3-fe84-482b-9158-0af8f1f92ed9',
    vendedorId: '29263e38-0de7-4908-b098-814e41f29251',
    data: 2024-10-17T00:08:55.104Z,
    docinhosCoco: 77,
    __v: 0
  },
  {
    _id: new ObjectId('67d673b90b7b3d7c356437eb'),
    id: '2e59fa71-b7b3-4605-a093-16f8c6380d7d',
    vendedorId: '29263e38-0de7-4908-b098-814e41f29251',
    data: 2024-10-17T03:12:14.115Z,
    docinhosCoco: 53,
    __v: 0
  },
  {
    _id: new ObjectId('67d673b90b7b3d7c356437f5'),
    id: '1635e705-dfef-42ab-8534-f4534fb0dd21',
    vendedorId: '29263e38-0de7-4908-b098-814e41f29251',
    data: 2024-10-17T11:02:07.410Z,
    docinhosCoco: 36,
    __v: 0
  },
  {
    _id: new ObjectId('67d673b90b7b3d7c356437f9'),
    id: '3c0e0280-30ef-4bbd-a486-246291b6368b',
    vendedorId: '29263e38-0de7-4908-b098-814e41f29251',
    data: 2024-10-17T14:43:43.239Z,
    docinhosCoco: 65,
    __v: 0
  },
  {
    _id: new ObjectId('67d673bb0b7b3d7c35643815'),
    id: 'ecd0e771-d324-4722-9b57-e406ac49fd6b',
    vendedorId: '29263e38-0de7-4908-b098-814e41f29251',
    data: 2024-10-18T09:15:23.260Z,
    docinhosCoco: 64,
    __v: 0
  },
  {
    _id: new ObjectId('67d673bc0b7b3d7c35643829'),
    id: '787dd04d-b901-4b51-952a-c270a9699d0d',
    vendedorId: '29263e38-0de7-4908-b098-814e41f29251',
    data: 2024-10-19T02:59:46.509Z,
    docinhosCoco: 70,
    __v: 0
  },
  {
    _id: new ObjectId('67d673bd0b7b3d7c35643835'),
    id: 'd3a9d8a5-e8e1-440c-bfc0-ce04c86b1628',
    vendedorId: '29263e38-0de7-4908-b098-814e41f29251',
    data: 2024-10-19T07:27:10.580Z,
    docinhosCoco: 96,
    __v: 0
  },
  {
    _id: new ObjectId('67d673bd0b7b3d7c3564383f'),
    id: '51f9847c-8b3f-477c-bc94-2bddbc6796bd',
    vendedorId: '29263e38-0de7-4908-b098-814e41f29251',
    data: 2024-10-19T12:54:08.918Z,
    docinhosCoco: 59,
    __v: 0
  },
  {
    _id: new ObjectId('67d673bf0b7b3d7c3564385f'),
    id: 'dfabb48f-0f03-475f-9b57-af5ebc808921',
    vendedorId: '29263e38-0de7-4908-b098-814e41f29251',
    data: 2024-10-20T11:35:12.341Z,
    docinhosCoco: 63,
    __v: 0
  },
  {
    _id: new ObjectId('67d673c10b7b3d7c35643883'),
    id: '2d9ec952-d6f5-4aeb-af9a-3becb32a9cc0',
    vendedorId: '29263e38-0de7-4908-b098-814e41f29251',
    data: 2024-10-21T19:41:58.961Z,
    docinhosCoco: 60,
    __v: 0
  },
  {
    _id: new ObjectId('67d673c60b7b3d7c356438ef'),
    id: 'fffb794d-d594-4ff0-a72c-ffde579909d9',
    vendedorId: '29263e38-0de7-4908-b098-814e41f29251',
    data: 2024-10-25T18:34:31.794Z,
    docinhosCoco: 76,
    __v: 0
  },
  {
    _id: new ObjectId('67d673c80b7b3d7c3564390f'),
    id: '28c084a1-0471-4786-8ebe-c8261888ff26',
    vendedorId: '29263e38-0de7-4908-b098-814e41f29251',
    data: 2024-10-26T12:50:54.094Z,
    docinhosCoco: 52,
    __v: 0
  },
  {
    _id: new ObjectId('67d673cc0b7b3d7c35643963'),
    id: 'e1ae9c70-eff4-4183-8700-72e7d84d7dd5',
    vendedorId: '29263e38-0de7-4908-b098-814e41f29251',
    data: 2024-10-29T05:07:51.094Z,
    docinhosCoco: 37,
    __v: 0
  },
  {
    _id: new ObjectId('67d673cd0b7b3d7c3564397b'),
    id: '97575cbe-86b8-456c-bb9d-aea505a2075d',
    vendedorId: '29263e38-0de7-4908-b098-814e41f29251',
    data: 2024-10-30T12:23:49.066Z,
    docinhosCoco: 37,
    __v: 0
  },
  {
    _id: new ObjectId('67d673cf0b7b3d7c3564399d'),
    id: '40bc7b31-2870-4caa-9aba-b8e9fbfc14d1',
    vendedorId: '29263e38-0de7-4908-b098-814e41f29251',
    data: 2024-10-31T17:40:18.521Z,
    docinhosCoco: 70,
    __v: 0
  },
  {
    _id: new ObjectId('67d673d20b7b3d7c356439d7'),
    id: 'de623563-1be4-4c56-9ee0-ec9304483deb',
    vendedorId: '29263e38-0de7-4908-b098-814e41f29251',
    data: 2024-11-02T16:10:11.269Z,
    docinhosCoco: 84,
    __v: 0
  },
  {
    _id: new ObjectId('67d673d60b7b3d7c35643a31'),
    id: '4dd1d1a3-2a6e-4b5a-a568-e9e00016b418',
    vendedorId: '29263e38-0de7-4908-b098-814e41f29251',
    data: 2024-11-05T03:45:20.592Z,
    docinhosCoco: 63,
    __v: 0
  },
  {
    _id: new ObjectId('67d673d70b7b3d7c35643a37'),
    id: 'ef87bf49-0dd1-4aee-ad32-f8805390f542',
    vendedorId: '29263e38-0de7-4908-b098-814e41f29251',
    data: 2024-11-05T06:15:23.034Z,
    docinhosCoco: 47,
    __v: 0
  },
  {
    _id: new ObjectId('67d673d70b7b3d7c35643a3f'),
    id: 'fc1d8824-4ce6-4d28-8542-264beda4539f',
    vendedorId: '29263e38-0de7-4908-b098-814e41f29251',
    data: 2024-11-05T10:46:52.272Z,
    docinhosCoco: 54,
    __v: 0
  },
  {
    _id: new ObjectId('67d673d80b7b3d7c35643a49'),
    id: 'a0988eba-a9b4-45f1-ad0d-010ca3150735',
    vendedorId: '29263e38-0de7-4908-b098-814e41f29251',
    data: 2024-11-05T14:55:31.658Z,
    docinhosCoco: 33,
    __v: 0
  },
  {
    _id: new ObjectId('67d673e30b7b3d7c35643b29'),
    id: 'f25597ab-cbde-4fd3-8e0e-969dc39b94dd',
    vendedorId: '29263e38-0de7-4908-b098-814e41f29251',
    data: 2024-11-12T03:51:42.262Z,
    docinhosCoco: 55,
    __v: 0
  },
  {
    _id: new ObjectId('67d673e60b7b3d7c35643b5f'),
    id: 'f8b0d6bc-68ad-4807-9e0b-25d559bd1e67',
    vendedorId: '29263e38-0de7-4908-b098-814e41f29251',
    data: 2024-11-13T22:30:15.568Z,
    docinhosCoco: 45,
    __v: 0
  },
  {
    _id: new ObjectId('67d673e70b7b3d7c35643b7d'),
    id: '367f8dfa-75d2-40de-9868-706242553f5d',
    vendedorId: '29263e38-0de7-4908-b098-814e41f29251',
    data: 2024-11-15T00:48:08.458Z,
    docinhosCoco: 79,
    __v: 0
  },
  {
    _id: new ObjectId('67d673e80b7b3d7c35643b8d'),
    id: '34c34363-3937-4599-ba83-5abe6e6ed7bf',
    vendedorId: '29263e38-0de7-4908-b098-814e41f29251',
    data: 2024-11-15T12:13:57.978Z,
    docinhosCoco: 38,
    __v: 0
  },
  {
    _id: new ObjectId('67d673e90b7b3d7c35643b95'),
    id: '4266e0b4-f0d6-421f-bf62-c384b1b81cbf',
    vendedorId: '29263e38-0de7-4908-b098-814e41f29251',
    data: 2024-11-15T15:23:39.691Z,
    docinhosCoco: 64,
    __v: 0
  },
  {
    _id: new ObjectId('67d673e90b7b3d7c35643b9f'),
    id: 'd8e5462e-781a-4b91-9fb8-6efcc3c95ee5',
    vendedorId: '29263e38-0de7-4908-b098-814e41f29251',
    data: 2024-11-15T22:24:49.048Z,
    docinhosCoco: 76,
    __v: 0
  },
  {
    _id: new ObjectId('67d673ea0b7b3d7c35643bb9'),
    id: 'bfe54ea8-525a-49c9-bfd0-caa1ec69fcdb',
    vendedorId: '29263e38-0de7-4908-b098-814e41f29251',
    data: 2024-11-16T21:54:54.964Z,
    docinhosCoco: 79,
    __v: 0
  },
  {
    _id: new ObjectId('67d673ec0b7b3d7c35643bd7'),
    id: 'e3c6362c-ce41-467b-8fea-53020b617871',
    vendedorId: '29263e38-0de7-4908-b098-814e41f29251',
    data: 2024-11-17T13:55:03.231Z,
    docinhosCoco: 59,
    __v: 0
  },
  {
    _id: new ObjectId('67d673ef0b7b3d7c35643c0b'),
    id: '49d4e1c0-eeed-4899-968b-a3b5cbfe76e7',
    vendedorId: '29263e38-0de7-4908-b098-814e41f29251',
    data: 2024-11-19T10:49:32.357Z,
    docinhosCoco: 76,
    __v: 0
  },
  {
    _id: new ObjectId('67d673f10b7b3d7c35643c31'),
    id: '852f21fc-31ed-44e8-b5e4-e51808cadee2',
    vendedorId: '29263e38-0de7-4908-b098-814e41f29251',
    data: 2024-11-20T19:33:18.511Z,
    docinhosCoco: 80,
    __v: 0
  },
  {
    _id: new ObjectId('67d673f70b7b3d7c35643cb3'),
    id: '170ccd18-e4e6-42dd-9666-f5fbc612ce85',
    vendedorId: '29263e38-0de7-4908-b098-814e41f29251',
    data: 2024-11-24T01:05:37.812Z,
    docinhosCoco: 46,
    __v: 0
  },
  {
    _id: new ObjectId('67d673f80b7b3d7c35643cb9'),
    id: 'bde9cb37-e0e4-407c-ac50-71f75aeb6389',
    vendedorId: '29263e38-0de7-4908-b098-814e41f29251',
    data: 2024-11-24T07:19:47.506Z,
    docinhosCoco: 74,
    __v: 0
  },
  {
    _id: new ObjectId('67d673fe0b7b3d7c35643d31'),
    id: '1a8afcf0-fc27-4a61-a268-6f33ea2362be',
    vendedorId: '29263e38-0de7-4908-b098-814e41f29251',
    data: 2024-11-28T08:49:01.276Z,
    docinhosCoco: 58,
    __v: 0
  },
  {
    _id: new ObjectId('67d674080b7b3d7c35643dfd'),
    id: 'dd9495e1-b6d4-4b6c-a3e3-b47a333f3355',
    vendedorId: '29263e38-0de7-4908-b098-814e41f29251',
    data: 2024-12-04T16:53:14.070Z,
    docinhosCoco: 76,
    __v: 0
  },
  {
    _id: new ObjectId('67d674080b7b3d7c35643e01'),
    id: 'c3c87d98-2c7c-4208-864d-671a752cecee',
    vendedorId: '29263e38-0de7-4908-b098-814e41f29251',
    data: 2024-12-05T05:12:57.809Z,
    docinhosCoco: 43,
    __v: 0
  },
  {
    _id: new ObjectId('67d6740b0b7b3d7c35643e37'),
    id: 'd4664fd0-2285-4504-8c9f-63613a792583',
    vendedorId: '29263e38-0de7-4908-b098-814e41f29251',
    data: 2024-12-06T21:17:57.427Z,
    docinhosCoco: 48,
    __v: 0
  },
  {
    _id: new ObjectId('67d6740d0b7b3d7c35643e65'),
    id: 'fd694c65-28c2-4348-a4ae-bbd304393ef7',
    vendedorId: '29263e38-0de7-4908-b098-814e41f29251',
    data: 2024-12-07T22:11:00.076Z,
    docinhosCoco: 112,
    __v: 0
  },
  {
    _id: new ObjectId('67d6740f0b7b3d7c35643e81'),
    id: '6c8770ca-ec30-4358-af42-562f06f0e92d',
    vendedorId: '29263e38-0de7-4908-b098-814e41f29251',
    data: 2024-12-08T16:49:59.870Z,
    docinhosCoco: 77,
    __v: 0
  },
  {
    _id: new ObjectId('67d674110b7b3d7c35643ead'),
    id: 'd74173ec-03de-4a6d-91b0-ab4aa83a5906',
    vendedorId: '29263e38-0de7-4908-b098-814e41f29251',
    data: 2024-12-10T10:09:49.787Z,
    docinhosCoco: 85,
    __v: 0
  },
  {
    _id: new ObjectId('67d674110b7b3d7c35643eb9'),
    id: 'd156b89b-8642-4258-983d-35203b10732e',
    vendedorId: '29263e38-0de7-4908-b098-814e41f29251',
    data: 2024-12-10T19:52:41.781Z,
    docinhosCoco: 69,
    __v: 0
  },
  {
    _id: new ObjectId('67d674140b7b3d7c35643ef1'),
    id: '0c454b45-3c0b-42e1-890c-6307cc836819',
    vendedorId: '29263e38-0de7-4908-b098-814e41f29251',
    data: 2024-12-12T21:35:46.230Z,
    docinhosCoco: 87,
    __v: 0
  },
  {
    _id: new ObjectId('67d6741a0b7b3d7c35643f5d'),
    id: 'c118e81b-d11b-4b10-9fb6-8256078c5cb1',
    vendedorId: '29263e38-0de7-4908-b098-814e41f29251',
    data: 2024-12-15T21:05:11.397Z,
    docinhosCoco: 101,
    __v: 0
  },
  {
    _id: new ObjectId('67d6741d0b7b3d7c35643f95'),
    id: '2e19517e-4414-4a31-989b-13d00ccc9863',
    vendedorId: '29263e38-0de7-4908-b098-814e41f29251',
    data: 2024-12-17T11:02:38.800Z,
    docinhosCoco: 58,
    __v: 0
  },
  {
    _id: new ObjectId('67d6741d0b7b3d7c35643f99'),
    id: 'b5e37182-d172-45d5-bd06-3b889f73a782',
    vendedorId: '29263e38-0de7-4908-b098-814e41f29251',
    data: 2024-12-17T13:53:16.196Z,
    docinhosCoco: 92,
    __v: 0
  },
  {
    _id: new ObjectId('67d6742a0b7b3d7c3564409b'),
    id: 'd1b23a22-6c75-40d6-a1b9-5ea0f9b8b764',
    vendedorId: '29263e38-0de7-4908-b098-814e41f29251',
    data: 2024-12-26T14:02:18.634Z,
    docinhosCoco: 80,
    __v: 0
  },
  {
    _id: new ObjectId('67d674310b7b3d7c3564411d'),
    id: '26e3e16a-d24a-403a-b005-f4121de9daa2',
    vendedorId: '29263e38-0de7-4908-b098-814e41f29251',
    data: 2024-12-30T06:22:52.707Z,
    docinhosCoco: 92,
    __v: 0
  },
  {
    _id: new ObjectId('67d674360b7b3d7c35644189'),
    id: '53449eb4-ba7e-4c14-91f1-f31ca44335ac',
    vendedorId: '29263e38-0de7-4908-b098-814e41f29251',
    data: 2025-01-02T10:36:33.450Z,
    docinhosCoco: 50,
    __v: 0
  },
  {
    _id: new ObjectId('67d674390b7b3d7c356441bf'),
    id: 'd9bc49c2-9e0d-40d2-8511-6256c86f8475',
    vendedorId: '29263e38-0de7-4908-b098-814e41f29251',
    data: 2025-01-03T21:47:30.461Z,
    docinhosCoco: 40,
    __v: 0
  },
  {
    _id: new ObjectId('67d6743a0b7b3d7c356441d9'),
    id: '5e5df7a8-5b94-4245-a71d-b937a9ee8699',
    vendedorId: '29263e38-0de7-4908-b098-814e41f29251',
    data: 2025-01-05T04:41:47.702Z,
    docinhosCoco: 72,
    __v: 0
  },
  {
    _id: new ObjectId('67d6743e0b7b3d7c3564421d'),
    id: 'b94e041b-7bb9-4601-a6aa-84626cc8d2e6',
    vendedorId: '29263e38-0de7-4908-b098-814e41f29251',
    data: 2025-01-07T16:50:02.736Z,
    docinhosCoco: 38,
    __v: 0
  },
  {
    _id: new ObjectId('67d6743f0b7b3d7c35644233'),
    id: '5ca6adbf-1d1d-4b72-9040-4d480ff300a4',
    vendedorId: '29263e38-0de7-4908-b098-814e41f29251',
    data: 2025-01-08T12:17:47.939Z,
    docinhosCoco: 33,
    __v: 0
  },
  {
    _id: new ObjectId('67d674420b7b3d7c35644277'),
    id: '748b01f4-7294-41f5-aaec-ad9576a9cfe6',
    vendedorId: '29263e38-0de7-4908-b098-814e41f29251',
    data: 2025-01-10T06:47:45.940Z,
    docinhosCoco: 80,
    __v: 0
  },
  {
    _id: new ObjectId('67d674430b7b3d7c35644281'),
    id: 'a485f72d-97d2-42ab-b7a9-365acc3433d9',
    vendedorId: '29263e38-0de7-4908-b098-814e41f29251',
    data: 2025-01-10T14:54:00.287Z,
    docinhosCoco: 74,
    __v: 0
  },
  {
    _id: new ObjectId('67d674430b7b3d7c3564428b'),
    id: '9461fde2-c16e-429a-9a5a-b17a396ff9ff',
    vendedorId: '29263e38-0de7-4908-b098-814e41f29251',
    data: 2025-01-11T01:19:43.716Z,
    docinhosCoco: 48,
    __v: 0
  },
  {
    _id: new ObjectId('67d674450b7b3d7c356442ab'),
    id: '94c953c5-0ba9-4a2d-a334-ab6c10efed60',
    vendedorId: '29263e38-0de7-4908-b098-814e41f29251',
    data: 2025-01-12T11:45:53.738Z,
    docinhosCoco: 50,
    __v: 0
  },
  {
    _id: new ObjectId('67d674470b7b3d7c356442d5'),
    id: '4c498681-e379-42dd-9b90-6ed45939b831',
    vendedorId: '29263e38-0de7-4908-b098-814e41f29251',
    data: 2025-01-13T19:46:38.203Z,
    docinhosCoco: 80,
    __v: 0
  },
  {
    _id: new ObjectId('67d674470b7b3d7c356442d7'),
    id: '7a4d4193-dad6-402e-a24b-1c289b996de0',
    vendedorId: '29263e38-0de7-4908-b098-814e41f29251',
    data: 2025-01-13T20:26:22.207Z,
    docinhosCoco: 57,
    __v: 0
  },
  {
    _id: new ObjectId('67d6744a0b7b3d7c35644311'),
    id: 'cb6e0e54-c48c-4e62-8084-a0e5febdf725',
    vendedorId: '29263e38-0de7-4908-b098-814e41f29251',
    data: 2025-01-16T01:45:23.166Z,
    docinhosCoco: 43,
    __v: 0
  },
  {
    _id: new ObjectId('67d6744b0b7b3d7c35644323'),
    id: '3dc89d6b-99a7-492b-9e2a-ec454990bf86',
    vendedorId: '29263e38-0de7-4908-b098-814e41f29251',
    data: 2025-01-16T17:16:59.492Z,
    docinhosCoco: 74,
    __v: 0
  },
  {
    _id: new ObjectId('67d6744e0b7b3d7c35644365'),
    id: '529017a3-11b9-457a-9b04-fb6a711d5a7f',
    vendedorId: '29263e38-0de7-4908-b098-814e41f29251',
    data: 2025-01-18T19:22:35.043Z,
    docinhosCoco: 62,
    __v: 0
  },
  {
    _id: new ObjectId('67d674530b7b3d7c356443c1'),
    id: '214d2b4f-fd77-4490-b3c2-9ccdbca919fc',
    vendedorId: '29263e38-0de7-4908-b098-814e41f29251',
    data: 2025-01-21T11:56:56.429Z,
    docinhosCoco: 61,
    __v: 0
  },
  {
    _id: new ObjectId('67d674530b7b3d7c356443c7'),
    id: 'c81ed2a8-ff7c-40e3-9cfb-0a2f9f41ecfc',
    vendedorId: '29263e38-0de7-4908-b098-814e41f29251',
    data: 2025-01-21T15:03:36.158Z,
    docinhosCoco: 63,
    __v: 0
  },
  {
    _id: new ObjectId('67d674550b7b3d7c356443f3'),
    id: 'e378d30a-76b7-40ba-a672-b3d03737aa67',
    vendedorId: '29263e38-0de7-4908-b098-814e41f29251',
    data: 2025-01-23T18:42:31.442Z,
    docinhosCoco: 65,
    __v: 0
  },
  {
    _id: new ObjectId('67d674560b7b3d7c35644405'),
    id: '81648ebb-d3a4-491e-8fbc-57e0df0c3d4b',
    vendedorId: '29263e38-0de7-4908-b098-814e41f29251',
    data: 2025-01-24T14:06:32.672Z,
    docinhosCoco: 38,
    __v: 0
  },
  {
    _id: new ObjectId('67d674570b7b3d7c3564440b'),
    id: 'a5afef38-527f-4eab-9020-a0cd723ccfe4',
    vendedorId: '29263e38-0de7-4908-b098-814e41f29251',
    data: 2025-01-24T18:21:09.197Z,
    docinhosCoco: 75,
    __v: 0
  },
  {
    _id: new ObjectId('67d674600b7b3d7c356444bf'),
    id: '28b4d0c2-5863-4e24-b802-27eece2f462c',
    vendedorId: '29263e38-0de7-4908-b098-814e41f29251',
    data: 2025-01-30T01:30:27.316Z,
    docinhosCoco: 55,
    __v: 0
  },
  {
    _id: new ObjectId('67d674650b7b3d7c35644511'),
    id: '738267e7-b4ac-4599-bdd6-29927a0dbf23',
    vendedorId: '29263e38-0de7-4908-b098-814e41f29251',
    data: 2025-02-01T17:20:19.132Z,
    docinhosCoco: 40,
    __v: 0
  },
  {
    _id: new ObjectId('67d674700b7b3d7c356445e1'),
    id: 'f13c83f9-5bac-49ff-93aa-7543f0324c90',
    vendedorId: '29263e38-0de7-4908-b098-814e41f29251',
    data: 2025-02-07T22:10:35.750Z,
    docinhosCoco: 42,
    __v: 0
  },
  {
    _id: new ObjectId('67d674700b7b3d7c356445e7'),
    id: '9021d700-78e7-4781-a545-294bc316aa44',
    vendedorId: '29263e38-0de7-4908-b098-814e41f29251',
    data: 2025-02-08T07:22:22.390Z,
    docinhosCoco: 68,
    __v: 0
  },
  {
    _id: new ObjectId('67d674710b7b3d7c356445ff'),
    id: '2e8ec4e9-74c3-44ae-8013-0552841dec0e',
    vendedorId: '29263e38-0de7-4908-b098-814e41f29251',
    data: 2025-02-08T21:56:53.120Z,
    docinhosCoco: 54,
    __v: 0
  },
  {
    _id: new ObjectId('67d674740b7b3d7c35644635'),
    id: '84e9074b-0e82-4a75-ac29-12d719f9b553',
    vendedorId: '29263e38-0de7-4908-b098-814e41f29251',
    data: 2025-02-10T14:03:32.027Z,
    docinhosCoco: 73,
    __v: 0
  },
  {
    _id: new ObjectId('67d674750b7b3d7c35644649'),
    id: '44e48ea0-5c47-4a93-b189-afc74f812ac1',
    vendedorId: '29263e38-0de7-4908-b098-814e41f29251',
    data: 2025-02-11T09:09:50.726Z,
    docinhosCoco: 32,
    __v: 0
  },
  {
    _id: new ObjectId('67d674770b7b3d7c3564466f'),
    id: '3dd6f20b-1f55-440d-b359-1b4348c13e83',
    vendedorId: '29263e38-0de7-4908-b098-814e41f29251',
    data: 2025-02-12T11:59:33.498Z,
    docinhosCoco: 39,
    __v: 0
  },
  {
    _id: new ObjectId('67d6747a0b7b3d7c356446a9'),
    id: '85c10cfd-80b0-4555-8b3e-e9b3611d3377',
    vendedorId: '29263e38-0de7-4908-b098-814e41f29251',
    data: 2025-02-14T02:57:57.503Z,
    docinhosCoco: 67,
    __v: 0
  },
  {
    _id: new ObjectId('67d6747d0b7b3d7c356446eb'),
    id: '16e15ead-38eb-4f84-917e-b2b02c2c7cf6',
    vendedorId: '29263e38-0de7-4908-b098-814e41f29251',
    data: 2025-02-16T00:07:41.855Z,
    docinhosCoco: 88,
    __v: 0
  },
  {
    _id: new ObjectId('67d6747f0b7b3d7c35644711'),
    id: '197e0b4c-bf6c-4d14-8556-e4bd63bf2d84',
    vendedorId: '29263e38-0de7-4908-b098-814e41f29251',
    data: 2025-02-17T05:30:31.451Z,
    docinhosCoco: 75,
    __v: 0
  },
  {
    _id: new ObjectId('67d674870b7b3d7c356447a5'),
    id: 'd78a7bd9-c203-4133-a841-f9966f209a59',
    vendedorId: '29263e38-0de7-4908-b098-814e41f29251',
    data: 2025-02-22T11:07:38.079Z,
    docinhosCoco: 62,
    __v: 0
  },
  {
    _id: new ObjectId('67d674870b7b3d7c356447af'),
    id: '0512a95c-f259-477f-83e7-d40169081a11',
    vendedorId: '29263e38-0de7-4908-b098-814e41f29251',
    data: 2025-02-22T19:41:31.397Z,
    docinhosCoco: 55,
    __v: 0
  },
  {
    _id: new ObjectId('67d674890b7b3d7c356447d1'),
    id: 'cc163660-ef76-4673-80a7-c4a87d333ab6',
    vendedorId: '29263e38-0de7-4908-b098-814e41f29251',
    data: 2025-02-24T02:17:22.853Z,
    docinhosCoco: 89,
    __v: 0
  },
  {
    _id: new ObjectId('67d6748f0b7b3d7c35644845'),
    id: 'fceeb8ed-d07b-4ff9-aa70-026af9eeeb24',
    vendedorId: '29263e38-0de7-4908-b098-814e41f29251',
    data: 2025-02-28T07:48:28.101Z,
    docinhosCoco: 63,
    __v: 0
  },
  ... 12 more items
]
✅ Processado vendedor: João Pereira
Debug - Repository - Query params: {
  vendedorId: '030c46fc-e35c-4a14-9794-bdca93846f8b',
  dataInicio: 2024-09-17T03:00:00.000Z,
  dataFim: 2025-03-18T02:59:59.999Z
}
Debug - Repository - MongoDB query: {
  vendedorId: '030c46fc-e35c-4a14-9794-bdca93846f8b',
  data: { '$gte': 1726542000000, '$lte': 1742266799999 }
}
Debug - Repository - Resultado encontrado: [
  {
    _id: new ObjectId('67c9968490c4d048db4a8f80'),
    id: '9c691d65-f390-473d-bb41-ba6ce1dd204c',
    vendedorId: '030c46fc-e35c-4a14-9794-bdca93846f8b',
    data: 2025-01-10T00:00:00.000Z,
    docinhosCoco: 1437,
    __v: 0
  },
  {
    _id: new ObjectId('67c996a290c4d048db4a8fce'),
    id: 'a4f61403-a15b-4c53-8871-334525a561d1',
    vendedorId: '030c46fc-e35c-4a14-9794-bdca93846f8b',
    data: 2025-01-19T00:00:00.000Z,
    docinhosCoco: 525,
    __v: 0
  },
  {
    _id: new ObjectId('67c996ba90c4d048db4a9006'),
    id: '332e3341-1ecf-44af-a891-72dbfe62896d',
    vendedorId: '030c46fc-e35c-4a14-9794-bdca93846f8b',
    data: 2025-01-17T00:00:00.000Z,
    docinhosCoco: 1240,
    __v: 0
  },
  {
    _id: new ObjectId('67c997ec90c4d048db4a9075'),
    id: 'b46100fa-b6b8-4f83-8f47-9405c83c17eb',
    vendedorId: '030c46fc-e35c-4a14-9794-bdca93846f8b',
    data: 2025-02-22T00:00:00.000Z,
    docinhosCoco: 684,
    __v: 0
  },
  {
    _id: new ObjectId('67c9980890c4d048db4a90a9'),
    id: 'c4a4f71d-0e08-468d-9b1e-890c4405e695',
    vendedorId: '030c46fc-e35c-4a14-9794-bdca93846f8b',
    data: 2025-02-19T00:00:00.000Z,
    docinhosCoco: 1096,
    __v: 0
  },
  {
    _id: new ObjectId('67d6738d0b7b3d7c35643489'),
    id: '77b33c74-fd03-4117-bb1e-909b9675b12e',
    vendedorId: '030c46fc-e35c-4a14-9794-bdca93846f8b',
    data: 2024-09-17T05:09:26.922Z,
    docinhosCoco: 40,
    __v: 0
  },
  {
    _id: new ObjectId('67d673a00b7b3d7c3564360f'),
    id: 'a224345f-78ed-4d89-8958-f969c40673da',
    vendedorId: '030c46fc-e35c-4a14-9794-bdca93846f8b',
    data: 2024-09-30T05:24:16.391Z,
    docinhosCoco: 44,
    __v: 0
  },
  {
    _id: new ObjectId('67d673a20b7b3d7c3564362d'),
    id: 'e75abd1a-8d12-4295-8119-08d94c97c5a1',
    vendedorId: '030c46fc-e35c-4a14-9794-bdca93846f8b',
    data: 2024-10-01T14:04:20.637Z,
    docinhosCoco: 73,
    __v: 0
  },
  {
    _id: new ObjectId('67d673a50b7b3d7c35643665'),
    id: 'a59f543d-2838-4a82-bfa3-ef691f01ad09',
    vendedorId: '030c46fc-e35c-4a14-9794-bdca93846f8b',
    data: 2024-10-03T03:50:37.611Z,
    docinhosCoco: 39,
    __v: 0
  },
  {
    _id: new ObjectId('67d673ab0b7b3d7c356436e3'),
    id: '8f6533a5-31b1-4fb8-a162-f62211cc5937',
    vendedorId: '030c46fc-e35c-4a14-9794-bdca93846f8b',
    data: 2024-10-07T07:14:08.563Z,
    docinhosCoco: 45,
    __v: 0
  },
  {
    _id: new ObjectId('67d673ac0b7b3d7c356436ef'),
    id: '2b1d4219-4a1c-4e74-b3f4-2a2ca01cd017',
    vendedorId: '030c46fc-e35c-4a14-9794-bdca93846f8b',
    data: 2024-10-08T10:26:25.149Z,
    docinhosCoco: 69,
    __v: 0
  },
  {
    _id: new ObjectId('67d673ad0b7b3d7c356436ff'),
    id: '86e6da62-3517-4c0a-b5a8-86376b03c418',
    vendedorId: '030c46fc-e35c-4a14-9794-bdca93846f8b',
    data: 2024-10-08T21:33:26.448Z,
    docinhosCoco: 35,
    __v: 0
  },
  {
    _id: new ObjectId('67d673b70b7b3d7c356437cf'),
    id: '49ddc1ca-a193-48b5-bf3b-647e664db312',
    vendedorId: '030c46fc-e35c-4a14-9794-bdca93846f8b',
    data: 2024-10-16T03:36:43.865Z,
    docinhosCoco: 77,
    __v: 0
  },
  {
    _id: new ObjectId('67d673bc0b7b3d7c3564382b'),
    id: 'bc365056-215d-4fec-b7e9-9f9f2e851ab5',
    vendedorId: '030c46fc-e35c-4a14-9794-bdca93846f8b',
    data: 2024-10-19T03:01:30.181Z,
    docinhosCoco: 59,
    __v: 0
  },
  {
    _id: new ObjectId('67d673be0b7b3d7c3564384f'),
    id: '56e027d9-74d3-40c4-901a-bff45255e933',
    vendedorId: '030c46fc-e35c-4a14-9794-bdca93846f8b',
    data: 2024-10-19T19:25:26.239Z,
    docinhosCoco: 46,
    __v: 0
  },
  {
    _id: new ObjectId('67d673c40b7b3d7c356438c1'),
    id: '68429185-c181-4f23-a7ec-d01c78763f2f',
    vendedorId: '030c46fc-e35c-4a14-9794-bdca93846f8b',
    data: 2024-10-23T23:10:25.716Z,
    docinhosCoco: 73,
    __v: 0
  },
  {
    _id: new ObjectId('67d673ce0b7b3d7c35643985'),
    id: '187eed8e-dde9-41ff-8933-f1941569c1e8',
    vendedorId: '030c46fc-e35c-4a14-9794-bdca93846f8b',
    data: 2024-10-31T00:12:03.344Z,
    docinhosCoco: 57,
    __v: 0
  },
  {
    _id: new ObjectId('67d673cf0b7b3d7c35643999'),
    id: '0011032b-6ba9-42f9-a22f-45622d47742e',
    vendedorId: '030c46fc-e35c-4a14-9794-bdca93846f8b',
    data: 2024-10-31T14:50:54.168Z,
    docinhosCoco: 79,
    __v: 0
  },
  {
    _id: new ObjectId('67d673d10b7b3d7c356439cb'),
    id: '9e70c568-4772-4e0e-a298-c2737a651407',
    vendedorId: '030c46fc-e35c-4a14-9794-bdca93846f8b',
    data: 2024-11-02T03:27:16.972Z,
    docinhosCoco: 57,
    __v: 0
  },
  {
    _id: new ObjectId('67d673d10b7b3d7c356439cf'),
    id: 'a679f8e5-7122-4961-a1b5-9663fc96531d',
    vendedorId: '030c46fc-e35c-4a14-9794-bdca93846f8b',
    data: 2024-11-02T05:04:16.989Z,
    docinhosCoco: 50,
    __v: 0
  },
  {
    _id: new ObjectId('67d673d40b7b3d7c35643a05'),
    id: '4cdb182c-9c57-400c-8b25-d9b050295c59',
    vendedorId: '030c46fc-e35c-4a14-9794-bdca93846f8b',
    data: 2024-11-04T01:00:32.987Z,
    docinhosCoco: 68,
    __v: 0
  },
  {
    _id: new ObjectId('67d673d60b7b3d7c35643a2b'),
    id: '5cf61d87-f8f0-4967-9a4a-2271b8a50a81',
    vendedorId: '030c46fc-e35c-4a14-9794-bdca93846f8b',
    data: 2024-11-04T22:39:04.099Z,
    docinhosCoco: 45,
    __v: 0
  },
  {
    _id: new ObjectId('67d673d70b7b3d7c35643a45'),
    id: 'b7f3e1af-893a-4c45-afc9-1ca9af09f5da',
    vendedorId: '030c46fc-e35c-4a14-9794-bdca93846f8b',
    data: 2024-11-05T14:25:54.660Z,
    docinhosCoco: 62,
    __v: 0
  },
  {
    _id: new ObjectId('67d673d80b7b3d7c35643a57'),
    id: 'b450577b-6d90-4f98-af07-236deaca1c5b',
    vendedorId: '030c46fc-e35c-4a14-9794-bdca93846f8b',
    data: 2024-11-06T00:39:42.504Z,
    docinhosCoco: 57,
    __v: 0
  },
  {
    _id: new ObjectId('67d673d90b7b3d7c35643a6b'),
    id: 'b14cae5f-0cb0-4d6a-b4d4-1f04555cdeb9',
    vendedorId: '030c46fc-e35c-4a14-9794-bdca93846f8b',
    data: 2024-11-06T11:38:40.377Z,
    docinhosCoco: 64,
    __v: 0
  },
  {
    _id: new ObjectId('67d673dc0b7b3d7c35643aa3'),
    id: 'bf20f297-eabf-44b9-b99a-ed0520ee8223',
    vendedorId: '030c46fc-e35c-4a14-9794-bdca93846f8b',
    data: 2024-11-07T16:31:58.381Z,
    docinhosCoco: 65,
    __v: 0
  },
  {
    _id: new ObjectId('67d673de0b7b3d7c35643acd'),
    id: '60b0ac22-59da-4fed-a14a-84f125d7aafa',
    vendedorId: '030c46fc-e35c-4a14-9794-bdca93846f8b',
    data: 2024-11-09T11:35:18.053Z,
    docinhosCoco: 88,
    __v: 0
  },
  {
    _id: new ObjectId('67d673e00b7b3d7c35643aef'),
    id: '2699f271-b575-4dd3-97c1-ab1970f14c52',
    vendedorId: '030c46fc-e35c-4a14-9794-bdca93846f8b',
    data: 2024-11-10T06:41:38.986Z,
    docinhosCoco: 97,
    __v: 0
  },
  {
    _id: new ObjectId('67d673e20b7b3d7c35643b1b'),
    id: '1eff249b-f47f-4e5e-815d-102f300a0d8f',
    vendedorId: '030c46fc-e35c-4a14-9794-bdca93846f8b',
    data: 2024-11-11T17:54:28.422Z,
    docinhosCoco: 56,
    __v: 0
  },
  {
    _id: new ObjectId('67d673e60b7b3d7c35643b59'),
    id: '0b614e16-5fc1-4750-a2fd-dba14eb4483e',
    vendedorId: '030c46fc-e35c-4a14-9794-bdca93846f8b',
    data: 2024-11-13T18:18:28.588Z,
    docinhosCoco: 57,
    __v: 0
  },
  {
    _id: new ObjectId('67d673eb0b7b3d7c35643bbd'),
    id: '2d0b7ecb-d5e0-454c-ac2f-2582124b9302',
    vendedorId: '030c46fc-e35c-4a14-9794-bdca93846f8b',
    data: 2024-11-16T23:19:42.327Z,
    docinhosCoco: 39,
    __v: 0
  },
  {
    _id: new ObjectId('67d673f30b7b3d7c35643c65'),
    id: '9edb2cb1-6211-4c2f-855a-cf94f76ef4bd',
    vendedorId: '030c46fc-e35c-4a14-9794-bdca93846f8b',
    data: 2024-11-22T09:16:40.155Z,
    docinhosCoco: 36,
    __v: 0
  },
  {
    _id: new ObjectId('67d673f60b7b3d7c35643c91'),
    id: '146a363c-0301-43ba-ad70-526fa48d9454',
    vendedorId: '030c46fc-e35c-4a14-9794-bdca93846f8b',
    data: 2024-11-23T09:45:50.927Z,
    docinhosCoco: 83,
    __v: 0
  },
  {
    _id: new ObjectId('67d674000b7b3d7c35643d5f'),
    id: '13e0cf6f-c5c2-4160-852f-256e21a31268',
    vendedorId: '030c46fc-e35c-4a14-9794-bdca93846f8b',
    data: 2024-11-29T21:10:37.875Z,
    docinhosCoco: 44,
    __v: 0
  },
  {
    _id: new ObjectId('67d674070b7b3d7c35643ded'),
    id: '66d6e572-c2df-4b14-b4bf-fcbc54c6b369',
    vendedorId: '030c46fc-e35c-4a14-9794-bdca93846f8b',
    data: 2024-12-04T05:33:41.831Z,
    docinhosCoco: 66,
    __v: 0
  },
  {
    _id: new ObjectId('67d674080b7b3d7c35643e05'),
    id: 'c99e0fba-049e-4d82-bbe4-a0968decae20',
    vendedorId: '030c46fc-e35c-4a14-9794-bdca93846f8b',
    data: 2024-12-05T07:53:26.450Z,
    docinhosCoco: 38,
    __v: 0
  },
  {
    _id: new ObjectId('67d674090b7b3d7c35643e09'),
    id: 'b18af5c1-ca5e-4a37-81f2-b65b2215fe66',
    vendedorId: '030c46fc-e35c-4a14-9794-bdca93846f8b',
    data: 2024-12-05T08:59:28.914Z,
    docinhosCoco: 36,
    __v: 0
  },
  {
    _id: new ObjectId('67d6740c0b7b3d7c35643e51'),
    id: '12144087-edb8-483a-b1d0-0e4599c93e22',
    vendedorId: '030c46fc-e35c-4a14-9794-bdca93846f8b',
    data: 2024-12-07T14:24:46.026Z,
    docinhosCoco: 72,
    __v: 0
  },
  {
    _id: new ObjectId('67d6740d0b7b3d7c35643e5d'),
    id: '95027828-ab51-4d6d-9ce3-89a29de1a14a',
    vendedorId: '030c46fc-e35c-4a14-9794-bdca93846f8b',
    data: 2024-12-07T18:42:54.111Z,
    docinhosCoco: 56,
    __v: 0
  },
  {
    _id: new ObjectId('67d674110b7b3d7c35643eb5'),
    id: '9378cf70-cb95-48c6-ae63-01dc08da99c2',
    vendedorId: '030c46fc-e35c-4a14-9794-bdca93846f8b',
    data: 2024-12-10T13:55:52.642Z,
    docinhosCoco: 78,
    __v: 0
  },
  {
    _id: new ObjectId('67d674150b7b3d7c35643eff'),
    id: '2f53fe63-8795-4d09-b856-1cc49bcc3c86',
    vendedorId: '030c46fc-e35c-4a14-9794-bdca93846f8b',
    data: 2024-12-13T02:43:46.656Z,
    docinhosCoco: 51,
    __v: 0
  },
  {
    _id: new ObjectId('67d674180b7b3d7c35643f31'),
    id: '24da0e8b-3906-4ebe-8300-f1ff6ae565a2',
    vendedorId: '030c46fc-e35c-4a14-9794-bdca93846f8b',
    data: 2024-12-14T13:41:51.083Z,
    docinhosCoco: 97,
    __v: 0
  },
  {
    _id: new ObjectId('67d674190b7b3d7c35643f4b'),
    id: 'c663e39e-8020-4b4a-b8f3-4a461f0c8e8c',
    vendedorId: '030c46fc-e35c-4a14-9794-bdca93846f8b',
    data: 2024-12-15T12:07:14.018Z,
    docinhosCoco: 48,
    __v: 0
  },
  {
    _id: new ObjectId('67d674190b7b3d7c35643f4d'),
    id: '27e311d5-811d-4ec6-bacc-7e49f0a5e49b',
    vendedorId: '030c46fc-e35c-4a14-9794-bdca93846f8b',
    data: 2024-12-15T15:02:23.883Z,
    docinhosCoco: 76,
    __v: 0
  },
  {
    _id: new ObjectId('67d6741a0b7b3d7c35643f5f'),
    id: '4cf8db45-1bc6-4504-8538-92683cd2b9bd',
    vendedorId: '030c46fc-e35c-4a14-9794-bdca93846f8b',
    data: 2024-12-15T21:32:12.239Z,
    docinhosCoco: 53,
    __v: 0
  },
  {
    _id: new ObjectId('67d674200b7b3d7c35643fcd'),
    id: '0fdc1da8-cfae-4a5e-b8e5-f1304c52c43b',
    vendedorId: '030c46fc-e35c-4a14-9794-bdca93846f8b',
    data: 2024-12-19T23:41:10.454Z,
    docinhosCoco: 51,
    __v: 0
  },
  {
    _id: new ObjectId('67d674230b7b3d7c35644013'),
    id: '013bc10a-6d10-4c0d-84da-65ed078561ec',
    vendedorId: '030c46fc-e35c-4a14-9794-bdca93846f8b',
    data: 2024-12-21T19:35:57.586Z,
    docinhosCoco: 83,
    __v: 0
  },
  {
    _id: new ObjectId('67d674260b7b3d7c35644055'),
    id: '8db012c3-a307-4d44-b1b3-c1df4a9008a5',
    vendedorId: '030c46fc-e35c-4a14-9794-bdca93846f8b',
    data: 2024-12-24T04:30:20.597Z,
    docinhosCoco: 39,
    __v: 0
  },
  {
    _id: new ObjectId('67d6742a0b7b3d7c35644099'),
    id: '9991f416-6373-451b-a8fe-6bc5c1cf1e44',
    vendedorId: '030c46fc-e35c-4a14-9794-bdca93846f8b',
    data: 2024-12-26T10:10:42.187Z,
    docinhosCoco: 46,
    __v: 0
  },
  {
    _id: new ObjectId('67d6742c0b7b3d7c356440c3'),
    id: '36cabb19-f08d-4a0f-a592-7222e2419d6a',
    vendedorId: '030c46fc-e35c-4a14-9794-bdca93846f8b',
    data: 2024-12-27T20:53:16.067Z,
    docinhosCoco: 94,
    __v: 0
  },
  {
    _id: new ObjectId('67d6742d0b7b3d7c356440d7'),
    id: '392a843f-ff6f-4d94-ae96-61d8ba0cb36c',
    vendedorId: '030c46fc-e35c-4a14-9794-bdca93846f8b',
    data: 2024-12-28T11:19:29.920Z,
    docinhosCoco: 75,
    __v: 0
  },
  {
    _id: new ObjectId('67d6742f0b7b3d7c356440fd'),
    id: '59f5e64d-a76e-4c9b-b6cf-730c317ca8bd',
    vendedorId: '030c46fc-e35c-4a14-9794-bdca93846f8b',
    data: 2024-12-29T10:42:38.371Z,
    docinhosCoco: 102,
    __v: 0
  },
  {
    _id: new ObjectId('67d6742f0b7b3d7c35644103'),
    id: '6a141514-08ff-47d1-bcce-ac73d7bf6afd',
    vendedorId: '030c46fc-e35c-4a14-9794-bdca93846f8b',
    data: 2024-12-29T11:07:22.825Z,
    docinhosCoco: 93,
    __v: 0
  },
  {
    _id: new ObjectId('67d6742f0b7b3d7c35644105'),
    id: '9729b569-8c33-45a2-b226-c227528006d9',
    vendedorId: '030c46fc-e35c-4a14-9794-bdca93846f8b',
    data: 2024-12-29T12:19:00.749Z,
    docinhosCoco: 112,
    __v: 0
  },
  {
    _id: new ObjectId('67d6743d0b7b3d7c35644209'),
    id: '4f8a753c-72f2-4c4f-8b24-05c587fece47',
    vendedorId: '030c46fc-e35c-4a14-9794-bdca93846f8b',
    data: 2025-01-07T04:20:41.078Z,
    docinhosCoco: 77,
    __v: 0
  },
  {
    _id: new ObjectId('67d674400b7b3d7c35644251'),
    id: '0d0ff6e7-438a-43e6-bba4-b69eced1076f',
    vendedorId: '030c46fc-e35c-4a14-9794-bdca93846f8b',
    data: 2025-01-09T04:01:29.785Z,
    docinhosCoco: 73,
    __v: 0
  },
  {
    _id: new ObjectId('67d674460b7b3d7c356442c9'),
    id: '80bd6438-61b3-4cd9-ad5d-b8eee721fca1',
    vendedorId: '030c46fc-e35c-4a14-9794-bdca93846f8b',
    data: 2025-01-13T07:24:46.404Z,
    docinhosCoco: 48,
    __v: 0
  },
  {
    _id: new ObjectId('67d674470b7b3d7c356442d9'),
    id: '51ad97db-032a-4265-bbbb-d2eedc90af52',
    vendedorId: '030c46fc-e35c-4a14-9794-bdca93846f8b',
    data: 2025-01-13T20:52:39.413Z,
    docinhosCoco: 38,
    __v: 0
  },
  {
    _id: new ObjectId('67d6744c0b7b3d7c35644335'),
    id: '184350ff-e8b2-41d9-9de6-7a1dcc208934',
    vendedorId: '030c46fc-e35c-4a14-9794-bdca93846f8b',
    data: 2025-01-17T06:46:53.903Z,
    docinhosCoco: 49,
    __v: 0
  },
  {
    _id: new ObjectId('67d6744e0b7b3d7c3564435f'),
    id: 'dcc044b7-9b10-4f34-b173-09ae6ad1fb8f',
    vendedorId: '030c46fc-e35c-4a14-9794-bdca93846f8b',
    data: 2025-01-18T12:43:12.057Z,
    docinhosCoco: 102,
    __v: 0
  },
  {
    _id: new ObjectId('67d6744f0b7b3d7c3564437f'),
    id: '700b2a00-490f-49fe-842d-2d02682a06ff',
    vendedorId: '030c46fc-e35c-4a14-9794-bdca93846f8b',
    data: 2025-01-19T12:23:01.573Z,
    docinhosCoco: 74,
    __v: 0
  },
  {
    _id: new ObjectId('67d6745c0b7b3d7c35644471'),
    id: 'bc3d76b1-76b9-4a21-a253-e784723ab4f7',
    vendedorId: '030c46fc-e35c-4a14-9794-bdca93846f8b',
    data: 2025-01-27T13:43:49.327Z,
    docinhosCoco: 77,
    __v: 0
  },
  {
    _id: new ObjectId('67d6745e0b7b3d7c356444a1'),
    id: 'ca701082-6598-48ae-bfa6-ddd8f65065e7',
    vendedorId: '030c46fc-e35c-4a14-9794-bdca93846f8b',
    data: 2025-01-29T01:56:48.836Z,
    docinhosCoco: 77,
    __v: 0
  },
  {
    _id: new ObjectId('67d674620b7b3d7c356444e1'),
    id: 'd3a3b380-7ea3-4f76-8efd-61ce0a831501',
    vendedorId: '030c46fc-e35c-4a14-9794-bdca93846f8b',
    data: 2025-01-31T08:43:18.619Z,
    docinhosCoco: 39,
    __v: 0
  },
  {
    _id: new ObjectId('67d674640b7b3d7c35644501'),
    id: '487a4e2e-8bcd-47fd-872a-de622bdee29b',
    vendedorId: '030c46fc-e35c-4a14-9794-bdca93846f8b',
    data: 2025-02-01T07:35:55.322Z,
    docinhosCoco: 65,
    __v: 0
  },
  {
    _id: new ObjectId('67d674640b7b3d7c35644505'),
    id: '5302a0cf-96a4-49ae-9512-d8e839059184',
    vendedorId: '030c46fc-e35c-4a14-9794-bdca93846f8b',
    data: 2025-02-01T09:50:05.392Z,
    docinhosCoco: 48,
    __v: 0
  },
  {
    _id: new ObjectId('67d674670b7b3d7c35644537'),
    id: 'e0cdb6c3-a421-4248-a5af-a7ad04e7245d',
    vendedorId: '030c46fc-e35c-4a14-9794-bdca93846f8b',
    data: 2025-02-02T21:30:55.810Z,
    docinhosCoco: 91,
    __v: 0
  },
  {
    _id: new ObjectId('67d674690b7b3d7c3564455b'),
    id: '78eacffd-6ad3-4cf5-b17f-f7bc0fcbeb7e',
    vendedorId: '030c46fc-e35c-4a14-9794-bdca93846f8b',
    data: 2025-02-04T01:34:50.372Z,
    docinhosCoco: 50,
    __v: 0
  },
  {
    _id: new ObjectId('67d674700b7b3d7c356445ef'),
    id: '3630dd4f-8225-488b-b037-5fae242acb85',
    vendedorId: '030c46fc-e35c-4a14-9794-bdca93846f8b',
    data: 2025-02-08T13:27:18.943Z,
    docinhosCoco: 74,
    __v: 0
  },
  {
    _id: new ObjectId('67d674740b7b3d7c3564462d'),
    id: '64c2f7da-ea00-4885-af54-3bdf086a135b',
    vendedorId: '030c46fc-e35c-4a14-9794-bdca93846f8b',
    data: 2025-02-10T11:07:48.976Z,
    docinhosCoco: 47,
    __v: 0
  },
  {
    _id: new ObjectId('67d674770b7b3d7c35644667'),
    id: '2ad7ce3b-0e41-493b-9d5e-a33de5e6d444',
    vendedorId: '030c46fc-e35c-4a14-9794-bdca93846f8b',
    data: 2025-02-12T05:27:17.439Z,
    docinhosCoco: 48,
    __v: 0
  },
  {
    _id: new ObjectId('67d674810b7b3d7c35644739'),
    id: 'cf22e634-9252-4aea-a9fa-88e2caf0bf67',
    vendedorId: '030c46fc-e35c-4a14-9794-bdca93846f8b',
    data: 2025-02-18T06:40:22.873Z,
    docinhosCoco: 80,
    __v: 0
  },
  {
    _id: new ObjectId('67d6748a0b7b3d7c356447e9'),
    id: '62f9bad6-8bbc-4fce-96e9-cdc940236e93',
    vendedorId: '030c46fc-e35c-4a14-9794-bdca93846f8b',
    data: 2025-02-25T06:50:32.878Z,
    docinhosCoco: 42,
    __v: 0
  },
  {
    _id: new ObjectId('67d6748a0b7b3d7c356447eb'),
    id: '429fcafa-a1a3-485b-8b01-520cddcab287',
    vendedorId: '030c46fc-e35c-4a14-9794-bdca93846f8b',
    data: 2025-02-25T08:46:54.645Z,
    docinhosCoco: 66,
    __v: 0
  },
  {
    _id: new ObjectId('67d674910b7b3d7c35644865'),
    id: '31b6e5f4-8ce1-44d6-8c3d-32ffcc97acfb',
    vendedorId: '030c46fc-e35c-4a14-9794-bdca93846f8b',
    data: 2025-03-01T14:52:09.860Z,
    docinhosCoco: 78,
    __v: 0
  },
  {
    _id: new ObjectId('67d674940b7b3d7c356448a3'),
    id: '0253c3ca-6f14-491f-8490-dfde51043934',
    vendedorId: '030c46fc-e35c-4a14-9794-bdca93846f8b',
    data: 2025-03-03T09:36:52.809Z,
    docinhosCoco: 79,
    __v: 0
  },
  {
    _id: new ObjectId('67d674960b7b3d7c356448d1'),
    id: '6f965706-3c51-4b35-bb18-1ca417e780c4',
    vendedorId: '030c46fc-e35c-4a14-9794-bdca93846f8b',
    data: 2025-03-04T20:10:50.093Z,
    docinhosCoco: 36,
    __v: 0
  },
  {
    _id: new ObjectId('67d6749b0b7b3d7c3564493b'),
    id: '553594af-e63d-400d-808a-a697867bb5d0',
    vendedorId: '030c46fc-e35c-4a14-9794-bdca93846f8b',
    data: 2025-03-08T13:13:20.435Z,
    docinhosCoco: 101,
    __v: 0
  },
  {
    _id: new ObjectId('67d6749e0b7b3d7c3564496f'),
    id: '060f95bf-83ea-48e5-9fee-7f70cd6b3d5c',
    vendedorId: '030c46fc-e35c-4a14-9794-bdca93846f8b',
    data: 2025-03-10T04:28:27.045Z,
    docinhosCoco: 75,
    __v: 0
  },
  {
    _id: new ObjectId('67d674a70b7b3d7c35644a21'),
    id: '2118189d-49f2-4fed-a39e-b945078d9765',
    vendedorId: '030c46fc-e35c-4a14-9794-bdca93846f8b',
    data: 2025-03-15T22:01:00.740Z,
    docinhosCoco: 72,
    __v: 0
  }
]
✅ Processado vendedor: Xuxa Lima
Debug - Repository - Query params: {
  vendedorId: '18b3dea6-41b2-4aaf-a8d4-8268898a6c67',
  dataInicio: 2024-09-17T03:00:00.000Z,
  dataFim: 2025-03-18T02:59:59.999Z
}
Debug - Repository - MongoDB query: {
  vendedorId: '18b3dea6-41b2-4aaf-a8d4-8268898a6c67',
  data: { '$gte': 1726542000000, '$lte': 1742266799999 }
}
Debug - Repository - Resultado encontrado: [
  {
    _id: new ObjectId('67c9968c90c4d048db4a8fa0'),
    id: 'b34a4818-0d01-4861-9c5b-26068d35d2b3',
    vendedorId: '18b3dea6-41b2-4aaf-a8d4-8268898a6c67',
    data: 2025-01-26T00:00:00.000Z,
    docinhosCoco: 1238,
    __v: 0
  },
  {
    _id: new ObjectId('67c996a490c4d048db4a8fd4'),
    id: '23225d70-a7d3-4ecf-92e7-bc3ca7b562e0',
    vendedorId: '18b3dea6-41b2-4aaf-a8d4-8268898a6c67',
    data: 2025-01-22T00:00:00.000Z,
    docinhosCoco: 556,
    __v: 0
  },
  {
    _id: new ObjectId('67c996c090c4d048db4a9020'),
    id: 'f314a39b-3736-4c95-ac41-9e22adab798f',
    vendedorId: '18b3dea6-41b2-4aaf-a8d4-8268898a6c67',
    data: 2025-01-30T00:00:00.000Z,
    docinhosCoco: 1363,
    __v: 0
  },
  {
    _id: new ObjectId('67c997e790c4d048db4a905d'),
    id: '7bd345cf-36b6-495c-9495-44a7a7b6288a',
    vendedorId: '18b3dea6-41b2-4aaf-a8d4-8268898a6c67',
    data: 2025-02-10T00:00:00.000Z,
    docinhosCoco: 1148,
    __v: 0
  },
  {
    _id: new ObjectId('67c9980e90c4d048db4a90bd'),
    id: '260f4d2f-6cf9-41cb-b870-60c942b0848d',
    vendedorId: '18b3dea6-41b2-4aaf-a8d4-8268898a6c67',
    data: 2025-02-28T00:00:00.000Z,
    docinhosCoco: 1145,
    __v: 0
  },
  {
    _id: new ObjectId('67d6738e0b7b3d7c356434a5'),
    id: '04011db1-fbc9-4717-a60b-587a9c85b65e',
    vendedorId: '18b3dea6-41b2-4aaf-a8d4-8268898a6c67',
    data: 2024-09-18T05:36:30.161Z,
    docinhosCoco: 67,
    __v: 0
  },
  {
    _id: new ObjectId('67d673920b7b3d7c356434ef'),
    id: '0ed04224-f5c2-4041-a4a5-cc5a6f65426c',
    vendedorId: '18b3dea6-41b2-4aaf-a8d4-8268898a6c67',
    data: 2024-09-20T20:21:22.427Z,
    docinhosCoco: 73,
    __v: 0
  },
  {
    _id: new ObjectId('67d673980b7b3d7c35643567'),
    id: '39b48f8a-e425-41fa-8844-a4ece09ce4e7',
    vendedorId: '18b3dea6-41b2-4aaf-a8d4-8268898a6c67',
    data: 2024-09-24T04:56:45.789Z,
    docinhosCoco: 42,
    __v: 0
  },
  {
    _id: new ObjectId('67d6739e0b7b3d7c356435dd'),
    id: '657bf223-727c-4489-a101-9f14f7ae1f71',
    vendedorId: '18b3dea6-41b2-4aaf-a8d4-8268898a6c67',
    data: 2024-09-28T03:18:08.203Z,
    docinhosCoco: 54,
    __v: 0
  },
  {
    _id: new ObjectId('67d673a30b7b3d7c35643639'),
    id: '2ec585fc-7351-4507-92fa-b88fbe2a1c14',
    vendedorId: '18b3dea6-41b2-4aaf-a8d4-8268898a6c67',
    data: 2024-10-01T23:18:18.290Z,
    docinhosCoco: 33,
    __v: 0
  },
  {
    _id: new ObjectId('67d673a40b7b3d7c3564365d'),
    id: '3f68f92f-11fd-4b08-acde-00dda889ad9e',
    vendedorId: '18b3dea6-41b2-4aaf-a8d4-8268898a6c67',
    data: 2024-10-02T23:51:22.846Z,
    docinhosCoco: 39,
    __v: 0
  },
  {
    _id: new ObjectId('67d673a70b7b3d7c35643695'),
    id: '45e5d3ce-23a0-4c99-8fff-efb7b87b5f3b',
    vendedorId: '18b3dea6-41b2-4aaf-a8d4-8268898a6c67',
    data: 2024-10-05T09:44:47.579Z,
    docinhosCoco: 66,
    __v: 0
  },
  {
    _id: new ObjectId('67d673a80b7b3d7c35643699'),
    id: '60c567ba-3223-4d14-b669-6bace7e02150',
    vendedorId: '18b3dea6-41b2-4aaf-a8d4-8268898a6c67',
    data: 2024-10-05T12:36:06.589Z,
    docinhosCoco: 97,
    __v: 0
  },
  {
    _id: new ObjectId('67d673ad0b7b3d7c356436fb'),
    id: 'f364b71e-ba02-4436-b1f5-dcd0029a29f5',
    vendedorId: '18b3dea6-41b2-4aaf-a8d4-8268898a6c67',
    data: 2024-10-08T19:17:28.579Z,
    docinhosCoco: 64,
    __v: 0
  },
  {
    _id: new ObjectId('67d673ae0b7b3d7c35643713'),
    id: '5a9e7cb4-eb59-4ef6-9851-e01c897ec042',
    vendedorId: '18b3dea6-41b2-4aaf-a8d4-8268898a6c67',
    data: 2024-10-09T22:11:14.882Z,
    docinhosCoco: 67,
    __v: 0
  },
  {
    _id: new ObjectId('67d673ae0b7b3d7c35643717'),
    id: '4f3342b2-0e8c-4c8b-beaf-3cd902737e64',
    vendedorId: '18b3dea6-41b2-4aaf-a8d4-8268898a6c67',
    data: 2024-10-10T00:21:50.269Z,
    docinhosCoco: 60,
    __v: 0
  },
  {
    _id: new ObjectId('67d673af0b7b3d7c35643723'),
    id: 'aeba02e0-af68-4786-943d-6407dab7ae30',
    vendedorId: '18b3dea6-41b2-4aaf-a8d4-8268898a6c67',
    data: 2024-10-10T07:54:08.244Z,
    docinhosCoco: 72,
    __v: 0
  },
  {
    _id: new ObjectId('67d673b00b7b3d7c35643739'),
    id: '60c5a7b2-5c81-44cd-9546-d68d9989ad89',
    vendedorId: '18b3dea6-41b2-4aaf-a8d4-8268898a6c67',
    data: 2024-10-10T23:47:13.908Z,
    docinhosCoco: 38,
    __v: 0
  },
  {
    _id: new ObjectId('67d673b10b7b3d7c35643753'),
    id: '2fe3608e-d681-49b2-a51b-c0128c51f591',
    vendedorId: '18b3dea6-41b2-4aaf-a8d4-8268898a6c67',
    data: 2024-10-11T17:33:03.817Z,
    docinhosCoco: 74,
    __v: 0
  },
  {
    _id: new ObjectId('67d673b20b7b3d7c3564375d'),
    id: 'afdbc75d-9925-442c-aed0-0fd4c547ce1e',
    vendedorId: '18b3dea6-41b2-4aaf-a8d4-8268898a6c67',
    data: 2024-10-11T21:52:45.214Z,
    docinhosCoco: 39,
    __v: 0
  },
  {
    _id: new ObjectId('67d673b30b7b3d7c3564377f'),
    id: 'd537a7ca-1f1c-435b-9d52-bcac3c3db8b8',
    vendedorId: '18b3dea6-41b2-4aaf-a8d4-8268898a6c67',
    data: 2024-10-13T03:13:32.224Z,
    docinhosCoco: 94,
    __v: 0
  },
  {
    _id: new ObjectId('67d673b40b7b3d7c35643783'),
    id: 'eb647947-121f-443b-8e71-221ffefcb2b4',
    vendedorId: '18b3dea6-41b2-4aaf-a8d4-8268898a6c67',
    data: 2024-10-13T03:51:14.943Z,
    docinhosCoco: 66,
    __v: 0
  },
  {
    _id: new ObjectId('67d673b40b7b3d7c3564378b'),
    id: '234662d2-6c67-4c6e-842d-901d5b205bd0',
    vendedorId: '18b3dea6-41b2-4aaf-a8d4-8268898a6c67',
    data: 2024-10-13T14:14:45.725Z,
    docinhosCoco: 81,
    __v: 0
  },
  {
    _id: new ObjectId('67d673b90b7b3d7c356437f1'),
    id: 'aae5da24-be22-421b-908e-52243d895194',
    vendedorId: '18b3dea6-41b2-4aaf-a8d4-8268898a6c67',
    data: 2024-10-17T07:27:58.146Z,
    docinhosCoco: 48,
    __v: 0
  },
  {
    _id: new ObjectId('67d673ba0b7b3d7c356437fd'),
    id: '2a4ae5cc-5964-4aa9-a3c0-abbfadb4730b',
    vendedorId: '18b3dea6-41b2-4aaf-a8d4-8268898a6c67',
    data: 2024-10-17T17:15:01.088Z,
    docinhosCoco: 71,
    __v: 0
  },
  {
    _id: new ObjectId('67d673bb0b7b3d7c35643811'),
    id: 'd5b45d15-ddfd-43b9-83d9-2b2a28b4bd51',
    vendedorId: '18b3dea6-41b2-4aaf-a8d4-8268898a6c67',
    data: 2024-10-18T05:38:57.988Z,
    docinhosCoco: 72,
    __v: 0
  },
  {
    _id: new ObjectId('67d673bb0b7b3d7c35643817'),
    id: '34487eb0-0aa1-4d44-9de9-9aab57f64afe',
    vendedorId: '18b3dea6-41b2-4aaf-a8d4-8268898a6c67',
    data: 2024-10-18T10:32:14.899Z,
    docinhosCoco: 72,
    __v: 0
  },
  {
    _id: new ObjectId('67d673be0b7b3d7c35643849'),
    id: 'a5e85e61-8efa-4143-bf22-6c147aa1cb70',
    vendedorId: '18b3dea6-41b2-4aaf-a8d4-8268898a6c67',
    data: 2024-10-19T16:42:11.043Z,
    docinhosCoco: 59,
    __v: 0
  },
  {
    _id: new ObjectId('67d673c30b7b3d7c356438b3'),
    id: '57e66be1-888a-401b-a5b6-c91e92b3ccfc',
    vendedorId: '18b3dea6-41b2-4aaf-a8d4-8268898a6c67',
    data: 2024-10-23T07:09:48.747Z,
    docinhosCoco: 75,
    __v: 0
  },
  {
    _id: new ObjectId('67d673cc0b7b3d7c3564395f'),
    id: 'f677b46c-d2ec-46a7-9cb7-70bb08a24cd4',
    vendedorId: '18b3dea6-41b2-4aaf-a8d4-8268898a6c67',
    data: 2024-10-29T03:38:27.838Z,
    docinhosCoco: 56,
    __v: 0
  },
  {
    _id: new ObjectId('67d673cc0b7b3d7c3564396b'),
    id: '33a2851c-6729-4d2f-821b-0df3ee410cfc',
    vendedorId: '18b3dea6-41b2-4aaf-a8d4-8268898a6c67',
    data: 2024-10-29T20:36:56.978Z,
    docinhosCoco: 44,
    __v: 0
  },
  {
    _id: new ObjectId('67d673cf0b7b3d7c356439a7'),
    id: '9b2d5e0e-0519-4bb7-bdf6-1ae95031a5b0',
    vendedorId: '18b3dea6-41b2-4aaf-a8d4-8268898a6c67',
    data: 2024-10-31T21:07:43.731Z,
    docinhosCoco: 67,
    __v: 0
  },
  {
    _id: new ObjectId('67d673d20b7b3d7c356439d9'),
    id: '86326fff-ecdc-4d70-af9f-85f2a4d62d5d',
    vendedorId: '18b3dea6-41b2-4aaf-a8d4-8268898a6c67',
    data: 2024-11-02T16:17:09.007Z,
    docinhosCoco: 91,
    __v: 0
  },
  {
    _id: new ObjectId('67d673d60b7b3d7c35643a2f'),
    id: '127fe848-6450-43f1-a944-92f8f95314a7',
    vendedorId: '18b3dea6-41b2-4aaf-a8d4-8268898a6c67',
    data: 2024-11-05T01:41:02.088Z,
    docinhosCoco: 69,
    __v: 0
  },
  {
    _id: new ObjectId('67d673e00b7b3d7c35643ae7'),
    id: '8f75117e-ea52-45d1-96ae-a8094955df3e',
    vendedorId: '18b3dea6-41b2-4aaf-a8d4-8268898a6c67',
    data: 2024-11-10T01:58:11.746Z,
    docinhosCoco: 93,
    __v: 0
  },
  {
    _id: new ObjectId('67d673e20b7b3d7c35643b13'),
    id: 'c00339ac-eefd-4e0c-8e08-ee446bf071d3',
    vendedorId: '18b3dea6-41b2-4aaf-a8d4-8268898a6c67',
    data: 2024-11-11T11:38:49.925Z,
    docinhosCoco: 54,
    __v: 0
  },
  {
    _id: new ObjectId('67d673e50b7b3d7c35643b51'),
    id: 'f1908451-c4c0-46ca-bdd8-8b0fcab1cc34',
    vendedorId: '18b3dea6-41b2-4aaf-a8d4-8268898a6c67',
    data: 2024-11-13T14:27:30.262Z,
    docinhosCoco: 60,
    __v: 0
  },
  {
    _id: new ObjectId('67d673e80b7b3d7c35643b7f'),
    id: 'e0218f85-ae8a-4c70-bd97-6b8447fc2d7a',
    vendedorId: '18b3dea6-41b2-4aaf-a8d4-8268898a6c67',
    data: 2024-11-15T01:37:01.039Z,
    docinhosCoco: 76,
    __v: 0
  },
  {
    _id: new ObjectId('67d673e80b7b3d7c35643b8b'),
    id: '1336ecf3-4eef-4ae8-bdbe-0a5bfa20d22e',
    vendedorId: '18b3dea6-41b2-4aaf-a8d4-8268898a6c67',
    data: 2024-11-15T11:29:43.955Z,
    docinhosCoco: 45,
    __v: 0
  },
  {
    _id: new ObjectId('67d673ec0b7b3d7c35643bd3'),
    id: '29342c03-6440-499c-a659-963c3af3e33a',
    vendedorId: '18b3dea6-41b2-4aaf-a8d4-8268898a6c67',
    data: 2024-11-17T12:21:48.374Z,
    docinhosCoco: 61,
    __v: 0
  },
  {
    _id: new ObjectId('67d673ed0b7b3d7c35643be3'),
    id: 'eb6096c0-d3d6-4449-9553-e62b69f8c8e1',
    vendedorId: '18b3dea6-41b2-4aaf-a8d4-8268898a6c67',
    data: 2024-11-17T19:53:14.104Z,
    docinhosCoco: 68,
    __v: 0
  },
  {
    _id: new ObjectId('67d673ed0b7b3d7c35643bf3'),
    id: '243a4221-39ff-4134-8698-89b630d3aa80',
    vendedorId: '18b3dea6-41b2-4aaf-a8d4-8268898a6c67',
    data: 2024-11-18T10:03:15.703Z,
    docinhosCoco: 51,
    __v: 0
  },
  {
    _id: new ObjectId('67d673ee0b7b3d7c35643bff'),
    id: 'a8772cc8-1589-4628-9af0-66bb9212bd9f',
    vendedorId: '18b3dea6-41b2-4aaf-a8d4-8268898a6c67',
    data: 2024-11-18T20:18:34.243Z,
    docinhosCoco: 44,
    __v: 0
  },
  {
    _id: new ObjectId('67d673f10b7b3d7c35643c41'),
    id: '0a14da1f-b33c-4afb-9359-9bcf28bc2f83',
    vendedorId: '18b3dea6-41b2-4aaf-a8d4-8268898a6c67',
    data: 2024-11-21T08:30:32.635Z,
    docinhosCoco: 76,
    __v: 0
  },
  {
    _id: new ObjectId('67d673f40b7b3d7c35643c71'),
    id: 'e1af9887-eccf-43c3-855f-bb0fda28e2dc',
    vendedorId: '18b3dea6-41b2-4aaf-a8d4-8268898a6c67',
    data: 2024-11-22T17:33:31.336Z,
    docinhosCoco: 56,
    __v: 0
  },
  {
    _id: new ObjectId('67d673f70b7b3d7c35643ca9'),
    id: '70ce8d32-3203-4deb-8a04-b464e046dc14',
    vendedorId: '18b3dea6-41b2-4aaf-a8d4-8268898a6c67',
    data: 2024-11-23T21:21:02.700Z,
    docinhosCoco: 67,
    __v: 0
  },
  {
    _id: new ObjectId('67d673f70b7b3d7c35643cb5'),
    id: 'd701d231-a104-42a2-beb4-31ee15a8b747',
    vendedorId: '18b3dea6-41b2-4aaf-a8d4-8268898a6c67',
    data: 2024-11-24T04:35:38.052Z,
    docinhosCoco: 48,
    __v: 0
  },
  {
    _id: new ObjectId('67d673fa0b7b3d7c35643ce7'),
    id: '8cf6ad22-a5d7-4659-89e8-9fbd912f7519',
    vendedorId: '18b3dea6-41b2-4aaf-a8d4-8268898a6c67',
    data: 2024-11-25T21:34:22.512Z,
    docinhosCoco: 58,
    __v: 0
  },
  {
    _id: new ObjectId('67d673fc0b7b3d7c35643d0b'),
    id: '39116e12-8bae-4b9b-a54b-4256378e644c',
    vendedorId: '18b3dea6-41b2-4aaf-a8d4-8268898a6c67',
    data: 2024-11-27T05:43:01.572Z,
    docinhosCoco: 48,
    __v: 0
  },
  {
    _id: new ObjectId('67d673fd0b7b3d7c35643d21'),
    id: '441fc0c6-3c23-40a4-9bd3-de2b0f6b43f4',
    vendedorId: '18b3dea6-41b2-4aaf-a8d4-8268898a6c67',
    data: 2024-11-27T20:43:12.590Z,
    docinhosCoco: 34,
    __v: 0
  },
  {
    _id: new ObjectId('67d674090b7b3d7c35643e0d'),
    id: '715cc278-1bc7-4cb0-b11a-55a1976f74aa',
    vendedorId: '18b3dea6-41b2-4aaf-a8d4-8268898a6c67',
    data: 2024-12-05T10:14:24.186Z,
    docinhosCoco: 85,
    __v: 0
  },
  {
    _id: new ObjectId('67d6740d0b7b3d7c35643e59'),
    id: '2592bcd4-2e57-45a5-ba9f-ea4f8460d348',
    vendedorId: '18b3dea6-41b2-4aaf-a8d4-8268898a6c67',
    data: 2024-12-07T18:40:11.623Z,
    docinhosCoco: 77,
    __v: 0
  },
  {
    _id: new ObjectId('67d6740e0b7b3d7c35643e75'),
    id: 'ac6feb9e-3440-4d53-9d1e-c880da2111a2',
    vendedorId: '18b3dea6-41b2-4aaf-a8d4-8268898a6c67',
    data: 2024-12-08T11:22:24.302Z,
    docinhosCoco: 48,
    __v: 0
  },
  {
    _id: new ObjectId('67d6740e0b7b3d7c35643e7b'),
    id: '63034f4f-f2f1-4fe6-9a41-2fcca58bf291',
    vendedorId: '18b3dea6-41b2-4aaf-a8d4-8268898a6c67',
    data: 2024-12-08T14:19:35.274Z,
    docinhosCoco: 117,
    __v: 0
  },
  {
    _id: new ObjectId('67d674100b7b3d7c35643e97'),
    id: '6f0bd5be-c82d-485f-8c22-9a4ac42202e7',
    vendedorId: '18b3dea6-41b2-4aaf-a8d4-8268898a6c67',
    data: 2024-12-09T07:24:01.465Z,
    docinhosCoco: 57,
    __v: 0
  },
  {
    _id: new ObjectId('67d674110b7b3d7c35643ea7'),
    id: '721d4847-860b-4980-9abf-2795398f3fca',
    vendedorId: '18b3dea6-41b2-4aaf-a8d4-8268898a6c67',
    data: 2024-12-10T03:47:46.888Z,
    docinhosCoco: 80,
    __v: 0
  },
  {
    _id: new ObjectId('67d674170b7b3d7c35643f29'),
    id: '22eee676-0c58-4857-9f54-aea078637d17',
    vendedorId: '18b3dea6-41b2-4aaf-a8d4-8268898a6c67',
    data: 2024-12-14T09:24:22.027Z,
    docinhosCoco: 108,
    __v: 0
  },
  {
    _id: new ObjectId('67d674180b7b3d7c35643f41'),
    id: 'c8ef4af3-431e-4f66-968a-c22d2ab24c8f',
    vendedorId: '18b3dea6-41b2-4aaf-a8d4-8268898a6c67',
    data: 2024-12-15T05:51:35.459Z,
    docinhosCoco: 52,
    __v: 0
  },
  {
    _id: new ObjectId('67d6741a0b7b3d7c35643f65'),
    id: 'cafc8e66-91ae-4e1d-9bcd-9407ee6bb428',
    vendedorId: '18b3dea6-41b2-4aaf-a8d4-8268898a6c67',
    data: 2024-12-16T04:30:12.542Z,
    docinhosCoco: 85,
    __v: 0
  },
  {
    _id: new ObjectId('67d6741b0b7b3d7c35643f71'),
    id: '51ed17c9-4177-4362-a2f9-a9e0dd8dc52f',
    vendedorId: '18b3dea6-41b2-4aaf-a8d4-8268898a6c67',
    data: 2024-12-16T09:36:07.090Z,
    docinhosCoco: 40,
    __v: 0
  },
  {
    _id: new ObjectId('67d6741c0b7b3d7c35643f89'),
    id: '7ff3ff74-8f0c-4574-b3bc-1127f0e81316',
    vendedorId: '18b3dea6-41b2-4aaf-a8d4-8268898a6c67',
    data: 2024-12-17T02:23:57.012Z,
    docinhosCoco: 62,
    __v: 0
  },
  {
    _id: new ObjectId('67d6741f0b7b3d7c35643fbb'),
    id: 'cf37e03a-527e-4395-8766-fdc2bb6a0a84',
    vendedorId: '18b3dea6-41b2-4aaf-a8d4-8268898a6c67',
    data: 2024-12-19T04:25:40.973Z,
    docinhosCoco: 90,
    __v: 0
  },
  {
    _id: new ObjectId('67d674220b7b3d7c35643ffb'),
    id: 'cac0028a-92d5-4b24-896d-eca05798f14d',
    vendedorId: '18b3dea6-41b2-4aaf-a8d4-8268898a6c67',
    data: 2024-12-21T05:30:38.780Z,
    docinhosCoco: 48,
    __v: 0
  },
  {
    _id: new ObjectId('67d674220b7b3d7c35644005'),
    id: '338cce6e-8021-462f-a2ee-2b8985d3445f',
    vendedorId: '18b3dea6-41b2-4aaf-a8d4-8268898a6c67',
    data: 2024-12-21T12:00:14.334Z,
    docinhosCoco: 98,
    __v: 0
  },
  {
    _id: new ObjectId('67d674230b7b3d7c35644019'),
    id: '4bc6d9cd-35f5-4399-8eaa-600f1058c81c',
    vendedorId: '18b3dea6-41b2-4aaf-a8d4-8268898a6c67',
    data: 2024-12-22T02:26:54.577Z,
    docinhosCoco: 120,
    __v: 0
  },
  {
    _id: new ObjectId('67d674250b7b3d7c3564403d'),
    id: 'f14d9fe2-e4b6-4595-89cf-bbc40359a191',
    vendedorId: '18b3dea6-41b2-4aaf-a8d4-8268898a6c67',
    data: 2024-12-23T15:57:53.769Z,
    docinhosCoco: 48,
    __v: 0
  },
  {
    _id: new ObjectId('67d674260b7b3d7c3564404f'),
    id: '89cb49cf-812b-498a-ad3f-1699fa4b9997',
    vendedorId: '18b3dea6-41b2-4aaf-a8d4-8268898a6c67',
    data: 2024-12-24T00:39:16.963Z,
    docinhosCoco: 94,
    __v: 0
  },
  {
    _id: new ObjectId('67d674280b7b3d7c35644075'),
    id: '849141d6-9834-4293-aea1-f26d32da4bc8',
    vendedorId: '18b3dea6-41b2-4aaf-a8d4-8268898a6c67',
    data: 2024-12-24T23:04:54.674Z,
    docinhosCoco: 66,
    __v: 0
  },
  {
    _id: new ObjectId('67d674280b7b3d7c35644077'),
    id: '6d0603a5-5586-4544-934d-4ebdbf265ca1',
    vendedorId: '18b3dea6-41b2-4aaf-a8d4-8268898a6c67',
    data: 2024-12-25T01:45:42.868Z,
    docinhosCoco: 68,
    __v: 0
  },
  {
    _id: new ObjectId('67d674280b7b3d7c3564407b'),
    id: 'a610d901-783d-4aa7-946e-84905ad2acdf',
    vendedorId: '18b3dea6-41b2-4aaf-a8d4-8268898a6c67',
    data: 2024-12-25T03:53:55.607Z,
    docinhosCoco: 94,
    __v: 0
  },
  {
    _id: new ObjectId('67d674290b7b3d7c35644087'),
    id: 'e44e55e3-7700-40b1-ac4d-81211c4c95e0',
    vendedorId: '18b3dea6-41b2-4aaf-a8d4-8268898a6c67',
    data: 2024-12-25T07:46:12.071Z,
    docinhosCoco: 76,
    __v: 0
  },
  {
    _id: new ObjectId('67d6742a0b7b3d7c356440a1'),
    id: '52b3dcac-8580-4b9b-a065-f50332955173',
    vendedorId: '18b3dea6-41b2-4aaf-a8d4-8268898a6c67',
    data: 2024-12-26T18:36:32.505Z,
    docinhosCoco: 68,
    __v: 0
  },
  {
    _id: new ObjectId('67d674300b7b3d7c35644119'),
    id: '0d83a613-23e3-4f15-860e-999497ae5554',
    vendedorId: '18b3dea6-41b2-4aaf-a8d4-8268898a6c67',
    data: 2024-12-30T04:41:06.692Z,
    docinhosCoco: 45,
    __v: 0
  },
  {
    _id: new ObjectId('67d674310b7b3d7c35644127'),
    id: '710283a7-c34a-4ed4-b880-73468f49366b',
    vendedorId: '18b3dea6-41b2-4aaf-a8d4-8268898a6c67',
    data: 2024-12-30T09:35:17.396Z,
    docinhosCoco: 54,
    __v: 0
  },
  {
    _id: new ObjectId('67d674330b7b3d7c35644147'),
    id: '891bae58-ffd3-487a-94a6-52bcf749bff5',
    vendedorId: '18b3dea6-41b2-4aaf-a8d4-8268898a6c67',
    data: 2024-12-31T07:37:00.162Z,
    docinhosCoco: 56,
    __v: 0
  },
  {
    _id: new ObjectId('67d674330b7b3d7c3564414f'),
    id: '70dec6e3-7f82-407e-8c01-a1069712c758',
    vendedorId: '18b3dea6-41b2-4aaf-a8d4-8268898a6c67',
    data: 2024-12-31T15:10:03.468Z,
    docinhosCoco: 81,
    __v: 0
  },
  {
    _id: new ObjectId('67d674340b7b3d7c3564415d'),
    id: 'd51f9844-886e-49be-8ffc-8881bd8c300b',
    vendedorId: '18b3dea6-41b2-4aaf-a8d4-8268898a6c67',
    data: 2024-12-31T22:28:23.235Z,
    docinhosCoco: 61,
    __v: 0
  },
  {
    _id: new ObjectId('67d674340b7b3d7c3564415f'),
    id: '8825b594-2932-4c15-953e-bab668465dcb',
    vendedorId: '18b3dea6-41b2-4aaf-a8d4-8268898a6c67',
    data: 2025-01-01T02:09:30.514Z,
    docinhosCoco: 57,
    __v: 0
  },
  {
    _id: new ObjectId('67d674370b7b3d7c3564419f'),
    id: 'cf0ca5c9-517e-4006-9e91-0953fda2dc35',
    vendedorId: '18b3dea6-41b2-4aaf-a8d4-8268898a6c67',
    data: 2025-01-03T00:43:40.890Z,
    docinhosCoco: 77,
    __v: 0
  },
  {
    _id: new ObjectId('67d674400b7b3d7c3564424f'),
    id: 'a10c88e8-916a-4873-8589-e5a1db6b0a7f',
    vendedorId: '18b3dea6-41b2-4aaf-a8d4-8268898a6c67',
    data: 2025-01-09T03:03:08.111Z,
    docinhosCoco: 42,
    __v: 0
  },
  {
    _id: new ObjectId('67d674420b7b3d7c3564427f'),
    id: '2f76226f-22db-4aeb-94c6-0e870195dc3a',
    vendedorId: '18b3dea6-41b2-4aaf-a8d4-8268898a6c67',
    data: 2025-01-10T14:31:47.604Z,
    docinhosCoco: 59,
    __v: 0
  },
  {
    _id: new ObjectId('67d674430b7b3d7c35644283'),
    id: '3607cf34-83a5-446a-8659-bc814383df7b',
    vendedorId: '18b3dea6-41b2-4aaf-a8d4-8268898a6c67',
    data: 2025-01-10T18:31:46.323Z,
    docinhosCoco: 62,
    __v: 0
  },
  {
    _id: new ObjectId('67d674440b7b3d7c356442a1'),
    id: 'f8294485-8781-4950-a891-3c83bd4f38f5',
    vendedorId: '18b3dea6-41b2-4aaf-a8d4-8268898a6c67',
    data: 2025-01-11T18:50:12.803Z,
    docinhosCoco: 50,
    __v: 0
  },
  {
    _id: new ObjectId('67d674460b7b3d7c356442bd'),
    id: '8021e9e6-71c2-4f02-acf9-38e9955eb5ca',
    vendedorId: '18b3dea6-41b2-4aaf-a8d4-8268898a6c67',
    data: 2025-01-13T00:31:35.249Z,
    docinhosCoco: 93,
    __v: 0
  },
  {
    _id: new ObjectId('67d674460b7b3d7c356442c5'),
    id: '17c3f0c5-9018-4278-874a-b7aceb9c6c04',
    vendedorId: '18b3dea6-41b2-4aaf-a8d4-8268898a6c67',
    data: 2025-01-13T04:41:21.979Z,
    docinhosCoco: 61,
    __v: 0
  },
  {
    _id: new ObjectId('67d6744a0b7b3d7c35644317'),
    id: '6bd2fdf2-5483-4f75-a5db-7cf54e763b2a',
    vendedorId: '18b3dea6-41b2-4aaf-a8d4-8268898a6c67',
    data: 2025-01-16T07:43:29.661Z,
    docinhosCoco: 50,
    __v: 0
  },
  {
    _id: new ObjectId('67d6744d0b7b3d7c35644357'),
    id: '578401cb-8bbb-4cc5-80c6-3771f7ac73d2',
    vendedorId: '18b3dea6-41b2-4aaf-a8d4-8268898a6c67',
    data: 2025-01-18T09:24:41.315Z,
    docinhosCoco: 41,
    __v: 0
  },
  {
    _id: new ObjectId('67d6744e0b7b3d7c35644359'),
    id: '6fd68aba-fab9-4f28-aea3-91e767fae13f',
    vendedorId: '18b3dea6-41b2-4aaf-a8d4-8268898a6c67',
    data: 2025-01-18T09:38:00.271Z,
    docinhosCoco: 80,
    __v: 0
  },
  {
    _id: new ObjectId('67d674510b7b3d7c356443a1'),
    id: 'ea4045c3-563d-4163-8ff8-e63b18efdb1f',
    vendedorId: '18b3dea6-41b2-4aaf-a8d4-8268898a6c67',
    data: 2025-01-20T13:28:09.193Z,
    docinhosCoco: 41,
    __v: 0
  },
  {
    _id: new ObjectId('67d674520b7b3d7c356443a9'),
    id: '86af06bf-e3e4-4825-9cb0-ddf5a75b2baf',
    vendedorId: '18b3dea6-41b2-4aaf-a8d4-8268898a6c67',
    data: 2025-01-20T19:00:16.140Z,
    docinhosCoco: 34,
    __v: 0
  },
  {
    _id: new ObjectId('67d674580b7b3d7c35644421'),
    id: '372d3b8a-ad09-45a9-b1fc-0fe10975ecf1',
    vendedorId: '18b3dea6-41b2-4aaf-a8d4-8268898a6c67',
    data: 2025-01-25T08:06:53.477Z,
    docinhosCoco: 93,
    __v: 0
  },
  {
    _id: new ObjectId('67d6745c0b7b3d7c3564446f'),
    id: 'c753dacb-6f01-4af9-88fe-799958cddd8c',
    vendedorId: '18b3dea6-41b2-4aaf-a8d4-8268898a6c67',
    data: 2025-01-27T11:03:01.418Z,
    docinhosCoco: 61,
    __v: 0
  },
  {
    _id: new ObjectId('67d6745e0b7b3d7c35644495'),
    id: '230a5f70-4983-4526-924a-9f6453aaecf1',
    vendedorId: '18b3dea6-41b2-4aaf-a8d4-8268898a6c67',
    data: 2025-01-28T13:05:23.617Z,
    docinhosCoco: 32,
    __v: 0
  },
  {
    _id: new ObjectId('67d6745e0b7b3d7c35644497'),
    id: '0bd6ccaa-e02a-4900-966a-62636777ffdf',
    vendedorId: '18b3dea6-41b2-4aaf-a8d4-8268898a6c67',
    data: 2025-01-28T14:17:14.090Z,
    docinhosCoco: 52,
    __v: 0
  },
  {
    _id: new ObjectId('67d674600b7b3d7c356444c3'),
    id: '927c62a8-ce64-4247-9422-28cad6a1fc72',
    vendedorId: '18b3dea6-41b2-4aaf-a8d4-8268898a6c67',
    data: 2025-01-30T04:27:11.817Z,
    docinhosCoco: 35,
    __v: 0
  },
  {
    _id: new ObjectId('67d674680b7b3d7c35644553'),
    id: '38d8c787-baef-4487-bbee-9f83cca6e73e',
    vendedorId: '18b3dea6-41b2-4aaf-a8d4-8268898a6c67',
    data: 2025-02-03T12:00:19.678Z,
    docinhosCoco: 64,
    __v: 0
  },
  {
    _id: new ObjectId('67d674710b7b3d7c356445f7'),
    id: 'c696eb82-f942-48d1-a60e-c8ef222bd384',
    vendedorId: '18b3dea6-41b2-4aaf-a8d4-8268898a6c67',
    data: 2025-02-08T18:14:08.956Z,
    docinhosCoco: 65,
    __v: 0
  },
  {
    _id: new ObjectId('67d674720b7b3d7c3564460b'),
    id: '333f9d20-bea5-47d3-9f77-dd3c51adb820',
    vendedorId: '18b3dea6-41b2-4aaf-a8d4-8268898a6c67',
    data: 2025-02-09T11:41:43.225Z,
    docinhosCoco: 53,
    __v: 0
  },
  {
    _id: new ObjectId('67d674740b7b3d7c3564462f'),
    id: 'db30022a-b646-420a-a36f-e0f3382efe4c',
    vendedorId: '18b3dea6-41b2-4aaf-a8d4-8268898a6c67',
    data: 2025-02-10T12:28:19.227Z,
    docinhosCoco: 66,
    __v: 0
  },
  {
    _id: new ObjectId('67d674750b7b3d7c3564464f'),
    id: '2798e195-a1dd-42fe-bd8c-59d9a8298878',
    vendedorId: '18b3dea6-41b2-4aaf-a8d4-8268898a6c67',
    data: 2025-02-11T14:00:56.539Z,
    docinhosCoco: 36,
    __v: 0
  },
  ... 18 more items
]
✅ Processado vendedor: Fernanda Mendes
Debug - Repository - Query params: {
  vendedorId: 'ae6d4253-c522-4241-bdb2-b3782c06eba5',
  dataInicio: 2024-09-17T03:00:00.000Z,
  dataFim: 2025-03-18T02:59:59.999Z
}
Debug - Repository - MongoDB query: {
  vendedorId: 'ae6d4253-c522-4241-bdb2-b3782c06eba5',
  data: { '$gte': 1726542000000, '$lte': 1742266799999 }
}
Debug - Repository - Resultado encontrado: [
  {
    _id: new ObjectId('67c9968590c4d048db4a8f82'),
    id: '3b9b8192-1140-4c36-8fdf-931571a4719e',
    vendedorId: 'ae6d4253-c522-4241-bdb2-b3782c06eba5',
    data: 2025-01-11T00:00:00.000Z,
    docinhosCoco: 930,
    __v: 0
  },
  {
    _id: new ObjectId('67c996a090c4d048db4a8fc4'),
    id: '1f73b166-cc81-4c75-95d2-e7c3c6d7aea4',
    vendedorId: 'ae6d4253-c522-4241-bdb2-b3782c06eba5',
    data: 2025-01-14T00:00:00.000Z,
    docinhosCoco: 1206,
    __v: 0
  },
  {
    _id: new ObjectId('67c996b790c4d048db4a8ff6'),
    id: '35e3cbb5-fa1d-4c86-850a-f861d15b2a6a',
    vendedorId: 'ae6d4253-c522-4241-bdb2-b3782c06eba5',
    data: 2025-01-09T00:00:00.000Z,
    docinhosCoco: 766,
    __v: 0
  },
  {
    _id: new ObjectId('67c997e990c4d048db4a9065'),
    id: 'd3dc64c9-de8b-42d7-8894-b9bd874d8148',
    vendedorId: 'ae6d4253-c522-4241-bdb2-b3782c06eba5',
    data: 2025-02-14T00:00:00.000Z,
    docinhosCoco: 1197,
    __v: 0
  },
  {
    _id: new ObjectId('67c9980190c4d048db4a908d'),
    id: '2eade3fd-b813-4696-9eae-a7573b354cfa',
    vendedorId: 'ae6d4253-c522-4241-bdb2-b3782c06eba5',
    data: 2025-02-06T00:00:00.000Z,
    docinhosCoco: 1221,
    __v: 0
  },
  {
    _id: new ObjectId('67d673930b7b3d7c35643507'),
    id: '9cc5712a-cae1-4472-ac81-7585855bdbce',
    vendedorId: 'ae6d4253-c522-4241-bdb2-b3782c06eba5',
    data: 2024-09-21T17:04:51.177Z,
    docinhosCoco: 44,
    __v: 0
  },
  {
    _id: new ObjectId('67d673930b7b3d7c3564350d'),
    id: '873470a4-f927-4dfc-9721-800aa6c1c51d',
    vendedorId: 'ae6d4253-c522-4241-bdb2-b3782c06eba5',
    data: 2024-09-21T22:27:44.141Z,
    docinhosCoco: 80,
    __v: 0
  },
  {
    _id: new ObjectId('67d673940b7b3d7c3564351b'),
    id: '413672b2-f06b-43e5-bcb4-4fe5984fde7f',
    vendedorId: 'ae6d4253-c522-4241-bdb2-b3782c06eba5',
    data: 2024-09-22T10:58:55.149Z,
    docinhosCoco: 79,
    __v: 0
  },
  {
    _id: new ObjectId('67d673950b7b3d7c35643535'),
    id: '4de00e01-7f41-4763-b37c-275b3b961c0d',
    vendedorId: 'ae6d4253-c522-4241-bdb2-b3782c06eba5',
    data: 2024-09-22T21:43:16.618Z,
    docinhosCoco: 101,
    __v: 0
  },
  {
    _id: new ObjectId('67d673970b7b3d7c3564354f'),
    id: 'ba239f11-1bb5-4dfc-9031-03be410836db',
    vendedorId: 'ae6d4253-c522-4241-bdb2-b3782c06eba5',
    data: 2024-09-23T14:22:40.427Z,
    docinhosCoco: 73,
    __v: 0
  },
  {
    _id: new ObjectId('67d6739f0b7b3d7c356435ef'),
    id: '92a6ca10-c01d-4fda-9240-995cb92ec9a6',
    vendedorId: 'ae6d4253-c522-4241-bdb2-b3782c06eba5',
    data: 2024-09-28T16:59:38.239Z,
    docinhosCoco: 45,
    __v: 0
  },
  {
    _id: new ObjectId('67d673a70b7b3d7c35643687'),
    id: '4c8b30da-1263-4f5d-b6be-d72a09edf004',
    vendedorId: 'ae6d4253-c522-4241-bdb2-b3782c06eba5',
    data: 2024-10-04T23:19:56.937Z,
    docinhosCoco: 40,
    __v: 0
  },
  {
    _id: new ObjectId('67d673a70b7b3d7c35643691'),
    id: '8a9b040d-b133-4d11-8ecc-653d4fbba2bb',
    vendedorId: 'ae6d4253-c522-4241-bdb2-b3782c06eba5',
    data: 2024-10-05T04:37:19.734Z,
    docinhosCoco: 104,
    __v: 0
  },
  {
    _id: new ObjectId('67d673a80b7b3d7c356436a9'),
    id: '2c4d70b0-c1f0-4be7-9df9-b31f7a9b7183',
    vendedorId: 'ae6d4253-c522-4241-bdb2-b3782c06eba5',
    data: 2024-10-06T00:01:40.363Z,
    docinhosCoco: 85,
    __v: 0
  },
  {
    _id: new ObjectId('67d673aa0b7b3d7c356436cb'),
    id: '482210a0-14d3-4096-bf8e-b58778c0c9ba',
    vendedorId: 'ae6d4253-c522-4241-bdb2-b3782c06eba5',
    data: 2024-10-06T17:43:25.372Z,
    docinhosCoco: 58,
    __v: 0
  },
  {
    _id: new ObjectId('67d673ac0b7b3d7c356436f9'),
    id: '6b6909c4-060c-42b3-a3dc-f7f9a9864e7f',
    vendedorId: 'ae6d4253-c522-4241-bdb2-b3782c06eba5',
    data: 2024-10-08T16:38:30.000Z,
    docinhosCoco: 47,
    __v: 0
  },
  {
    _id: new ObjectId('67d673ae0b7b3d7c3564371b'),
    id: '96086094-c932-4b5a-baa0-41810fc6911f',
    vendedorId: 'ae6d4253-c522-4241-bdb2-b3782c06eba5',
    data: 2024-10-10T04:25:18.985Z,
    docinhosCoco: 34,
    __v: 0
  },
  {
    _id: new ObjectId('67d673af0b7b3d7c35643735'),
    id: 'a3f89572-de5f-4bd3-9a83-684c9ebda602',
    vendedorId: 'ae6d4253-c522-4241-bdb2-b3782c06eba5',
    data: 2024-10-10T21:42:49.226Z,
    docinhosCoco: 50,
    __v: 0
  },
  {
    _id: new ObjectId('67d673bc0b7b3d7c35643823'),
    id: 'd6f209cf-3440-41aa-9075-220333190289',
    vendedorId: 'ae6d4253-c522-4241-bdb2-b3782c06eba5',
    data: 2024-10-18T21:16:55.464Z,
    docinhosCoco: 64,
    __v: 0
  },
  {
    _id: new ObjectId('67d673c10b7b3d7c3564388b'),
    id: '24862480-0e82-44fb-a6e9-8830284d4f29',
    vendedorId: 'ae6d4253-c522-4241-bdb2-b3782c06eba5',
    data: 2024-10-22T04:52:04.696Z,
    docinhosCoco: 45,
    __v: 0
  },
  {
    _id: new ObjectId('67d673c30b7b3d7c356438bd'),
    id: 'f776cbbb-63cf-4a85-8beb-c7197e3d0154',
    vendedorId: 'ae6d4253-c522-4241-bdb2-b3782c06eba5',
    data: 2024-10-23T15:19:23.835Z,
    docinhosCoco: 40,
    __v: 0
  },
  {
    _id: new ObjectId('67d673c80b7b3d7c35643915'),
    id: '79efcd9d-8096-481f-835d-c774a787535f',
    vendedorId: 'ae6d4253-c522-4241-bdb2-b3782c06eba5',
    data: 2024-10-26T14:50:57.107Z,
    docinhosCoco: 87,
    __v: 0
  },
  {
    _id: new ObjectId('67d673cb0b7b3d7c3564394f'),
    id: '3a896b9f-0129-4881-9c41-d89c88b169ac',
    vendedorId: 'ae6d4253-c522-4241-bdb2-b3782c06eba5',
    data: 2024-10-28T11:44:32.628Z,
    docinhosCoco: 70,
    __v: 0
  },
  {
    _id: new ObjectId('67d673d00b7b3d7c356439b3'),
    id: '8c084d94-f6ea-4cce-ad22-41805eb437a9',
    vendedorId: 'ae6d4253-c522-4241-bdb2-b3782c06eba5',
    data: 2024-11-01T09:32:55.986Z,
    docinhosCoco: 70,
    __v: 0
  },
  {
    _id: new ObjectId('67d673d10b7b3d7c356439c9'),
    id: 'a78323b5-1f91-41de-93ec-3e4af66e475f',
    vendedorId: 'ae6d4253-c522-4241-bdb2-b3782c06eba5',
    data: 2024-11-02T01:55:42.040Z,
    docinhosCoco: 46,
    __v: 0
  },
  {
    _id: new ObjectId('67d673d20b7b3d7c356439e3'),
    id: 'f7d2b792-4e8e-46bc-af51-773ccd099022',
    vendedorId: 'ae6d4253-c522-4241-bdb2-b3782c06eba5',
    data: 2024-11-03T02:46:38.109Z,
    docinhosCoco: 61,
    __v: 0
  },
  {
    _id: new ObjectId('67d673dc0b7b3d7c35643aa7'),
    id: '3d474ac4-70e8-44c4-befa-2f6a40b06e1d',
    vendedorId: 'ae6d4253-c522-4241-bdb2-b3782c06eba5',
    data: 2024-11-07T21:34:23.754Z,
    docinhosCoco: 54,
    __v: 0
  },
  {
    _id: new ObjectId('67d673dd0b7b3d7c35643aab'),
    id: 'd15f0c57-22d9-40a7-980e-469285489355',
    vendedorId: 'ae6d4253-c522-4241-bdb2-b3782c06eba5',
    data: 2024-11-08T01:48:54.149Z,
    docinhosCoco: 44,
    __v: 0
  },
  {
    _id: new ObjectId('67d673e50b7b3d7c35643b47'),
    id: '778d8747-e304-46fe-8e76-2a2f0fbb463e',
    vendedorId: 'ae6d4253-c522-4241-bdb2-b3782c06eba5',
    data: 2024-11-13T04:24:33.256Z,
    docinhosCoco: 69,
    __v: 0
  },
  {
    _id: new ObjectId('67d673e60b7b3d7c35643b63'),
    id: '80264c74-16de-45d9-8d54-eeaa33ae9129',
    vendedorId: 'ae6d4253-c522-4241-bdb2-b3782c06eba5',
    data: 2024-11-14T01:35:45.712Z,
    docinhosCoco: 80,
    __v: 0
  },
  {
    _id: new ObjectId('67d673e70b7b3d7c35643b79'),
    id: '310397fd-3560-4eec-9a90-2d306a56cafc',
    vendedorId: 'ae6d4253-c522-4241-bdb2-b3782c06eba5',
    data: 2024-11-14T21:33:02.806Z,
    docinhosCoco: 37,
    __v: 0
  },
  {
    _id: new ObjectId('67d673e80b7b3d7c35643b83'),
    id: '3d18cccf-34a1-4fd4-ae74-139c83e2b47b',
    vendedorId: 'ae6d4253-c522-4241-bdb2-b3782c06eba5',
    data: 2024-11-15T08:58:58.039Z,
    docinhosCoco: 53,
    __v: 0
  },
  {
    _id: new ObjectId('67d673ef0b7b3d7c35643c0f'),
    id: '4ad69515-2908-4d0a-b222-2c076322097c',
    vendedorId: 'ae6d4253-c522-4241-bdb2-b3782c06eba5',
    data: 2024-11-19T12:12:51.013Z,
    docinhosCoco: 41,
    __v: 0
  },
  {
    _id: new ObjectId('67d673ef0b7b3d7c35643c17'),
    id: '4307c85c-1706-4a0d-a0a1-f91733559891',
    vendedorId: 'ae6d4253-c522-4241-bdb2-b3782c06eba5',
    data: 2024-11-19T23:23:01.444Z,
    docinhosCoco: 43,
    __v: 0
  },
  {
    _id: new ObjectId('67d673f00b7b3d7c35643c1d'),
    id: 'd179935a-da39-427b-b2be-668f52c7cc99',
    vendedorId: 'ae6d4253-c522-4241-bdb2-b3782c06eba5',
    data: 2024-11-20T03:27:32.478Z,
    docinhosCoco: 59,
    __v: 0
  },
  {
    _id: new ObjectId('67d673f10b7b3d7c35643c37'),
    id: 'e4c18d63-70dd-426d-8058-5669593e69c4',
    vendedorId: 'ae6d4253-c522-4241-bdb2-b3782c06eba5',
    data: 2024-11-20T21:27:55.789Z,
    docinhosCoco: 36,
    __v: 0
  },
  {
    _id: new ObjectId('67d673f50b7b3d7c35643c87'),
    id: 'f0798c58-84fe-4ca3-a996-93af76702adb',
    vendedorId: 'ae6d4253-c522-4241-bdb2-b3782c06eba5',
    data: 2024-11-23T01:27:15.618Z,
    docinhosCoco: 31,
    __v: 0
  },
  {
    _id: new ObjectId('67d673f70b7b3d7c35643caf'),
    id: '50d9c012-ad47-43fc-ab9d-7f295a444d97',
    vendedorId: 'ae6d4253-c522-4241-bdb2-b3782c06eba5',
    data: 2024-11-23T23:05:50.497Z,
    docinhosCoco: 101,
    __v: 0
  },
  {
    _id: new ObjectId('67d673f90b7b3d7c35643cd3'),
    id: '148d8120-5db0-469b-bf2d-cb6072638e19',
    vendedorId: 'ae6d4253-c522-4241-bdb2-b3782c06eba5',
    data: 2024-11-25T11:38:11.246Z,
    docinhosCoco: 59,
    __v: 0
  },
  {
    _id: new ObjectId('67d673f90b7b3d7c35643cdf'),
    id: '50be9cc7-9b6d-4f7a-88b2-0364b954100a',
    vendedorId: 'ae6d4253-c522-4241-bdb2-b3782c06eba5',
    data: 2024-11-25T16:34:29.344Z,
    docinhosCoco: 78,
    __v: 0
  },
  {
    _id: new ObjectId('67d673fa0b7b3d7c35643cf3'),
    id: '401c6ff7-8e9a-4627-bcc9-2db127bde98c',
    vendedorId: 'ae6d4253-c522-4241-bdb2-b3782c06eba5',
    data: 2024-11-26T10:30:13.486Z,
    docinhosCoco: 41,
    __v: 0
  },
  {
    _id: new ObjectId('67d674000b7b3d7c35643d5d'),
    id: '908f2742-fd2b-40bb-972e-adffd433eac9',
    vendedorId: 'ae6d4253-c522-4241-bdb2-b3782c06eba5',
    data: 2024-11-29T18:41:08.188Z,
    docinhosCoco: 73,
    __v: 0
  },
  {
    _id: new ObjectId('67d674050b7b3d7c35643dbb'),
    id: '68d5b379-0719-4119-9121-9045cf38a162',
    vendedorId: 'ae6d4253-c522-4241-bdb2-b3782c06eba5',
    data: 2024-12-02T07:34:30.619Z,
    docinhosCoco: 94,
    __v: 0
  },
  {
    _id: new ObjectId('67d6740a0b7b3d7c35643e2d'),
    id: 'b86f80b7-66bc-442b-a18c-0cefdc62ed3d',
    vendedorId: 'ae6d4253-c522-4241-bdb2-b3782c06eba5',
    data: 2024-12-06T14:16:33.318Z,
    docinhosCoco: 67,
    __v: 0
  },
  {
    _id: new ObjectId('67d674100b7b3d7c35643e95'),
    id: '04ad4dec-6884-4a64-829a-fe573097de06',
    vendedorId: 'ae6d4253-c522-4241-bdb2-b3782c06eba5',
    data: 2024-12-09T04:32:49.960Z,
    docinhosCoco: 51,
    __v: 0
  },
  {
    _id: new ObjectId('67d674150b7b3d7c35643f01'),
    id: '73fe28aa-ecf7-43e0-8591-9a4851fc24cb',
    vendedorId: 'ae6d4253-c522-4241-bdb2-b3782c06eba5',
    data: 2024-12-13T03:03:23.197Z,
    docinhosCoco: 90,
    __v: 0
  },
  {
    _id: new ObjectId('67d674170b7b3d7c35643f2b'),
    id: '3fd8e320-bdaf-4da8-810e-45afaca0ebfe',
    vendedorId: 'ae6d4253-c522-4241-bdb2-b3782c06eba5',
    data: 2024-12-14T09:29:57.601Z,
    docinhosCoco: 71,
    __v: 0
  },
  {
    _id: new ObjectId('67d6741b0b7b3d7c35643f6f'),
    id: 'b13de4c4-9c90-43ba-97f2-331cdee7882b',
    vendedorId: 'ae6d4253-c522-4241-bdb2-b3782c06eba5',
    data: 2024-12-16T09:20:48.294Z,
    docinhosCoco: 92,
    __v: 0
  },
  {
    _id: new ObjectId('67d6741b0b7b3d7c35643f75'),
    id: '7f678c48-bbb4-4620-8a63-784d60efb9af',
    vendedorId: 'ae6d4253-c522-4241-bdb2-b3782c06eba5',
    data: 2024-12-16T11:18:26.604Z,
    docinhosCoco: 39,
    __v: 0
  },
  {
    _id: new ObjectId('67d6741f0b7b3d7c35643fc9'),
    id: '0137c4b6-03a9-414b-877f-3c9f466842cd',
    vendedorId: 'ae6d4253-c522-4241-bdb2-b3782c06eba5',
    data: 2024-12-19T23:15:48.216Z,
    docinhosCoco: 73,
    __v: 0
  },
  {
    _id: new ObjectId('67d674210b7b3d7c35643fef'),
    id: 'ca6dd234-b45c-4d83-9471-f25653d1448a',
    vendedorId: 'ae6d4253-c522-4241-bdb2-b3782c06eba5',
    data: 2024-12-20T23:28:21.311Z,
    docinhosCoco: 64,
    __v: 0
  },
  {
    _id: new ObjectId('67d674230b7b3d7c35644011'),
    id: '9f070221-04f9-41d2-aa96-e8b5475929e1',
    vendedorId: 'ae6d4253-c522-4241-bdb2-b3782c06eba5',
    data: 2024-12-21T19:11:42.673Z,
    docinhosCoco: 110,
    __v: 0
  },
  {
    _id: new ObjectId('67d674240b7b3d7c3564401d'),
    id: '6560c35a-ba89-4766-9c24-e403a4586843',
    vendedorId: 'ae6d4253-c522-4241-bdb2-b3782c06eba5',
    data: 2024-12-22T17:58:37.530Z,
    docinhosCoco: 113,
    __v: 0
  },
  {
    _id: new ObjectId('67d674270b7b3d7c35644063'),
    id: 'e9659abf-5930-4798-afdc-0ed8eade7770',
    vendedorId: 'ae6d4253-c522-4241-bdb2-b3782c06eba5',
    data: 2024-12-24T12:01:55.414Z,
    docinhosCoco: 69,
    __v: 0
  },
  {
    _id: new ObjectId('67d674290b7b3d7c3564407f'),
    id: 'e0a7cde9-76b5-4e0e-8b9d-2845c8f06425',
    vendedorId: 'ae6d4253-c522-4241-bdb2-b3782c06eba5',
    data: 2024-12-25T04:36:10.799Z,
    docinhosCoco: 43,
    __v: 0
  },
  {
    _id: new ObjectId('67d6742c0b7b3d7c356440cb'),
    id: '4faddd87-b2af-491a-84ec-98f353301498',
    vendedorId: 'ae6d4253-c522-4241-bdb2-b3782c06eba5',
    data: 2024-12-28T02:29:05.280Z,
    docinhosCoco: 88,
    __v: 0
  },
  {
    _id: new ObjectId('67d6742e0b7b3d7c356440e5'),
    id: '7817e072-bee2-41fb-8370-605529070645',
    vendedorId: 'ae6d4253-c522-4241-bdb2-b3782c06eba5',
    data: 2024-12-28T20:16:11.991Z,
    docinhosCoco: 61,
    __v: 0
  },
  {
    _id: new ObjectId('67d674330b7b3d7c3564414d'),
    id: '32a8d721-80a3-453d-bf37-5e75e7c0997e',
    vendedorId: 'ae6d4253-c522-4241-bdb2-b3782c06eba5',
    data: 2024-12-31T13:02:20.287Z,
    docinhosCoco: 84,
    __v: 0
  },
  {
    _id: new ObjectId('67d674370b7b3d7c356441a3'),
    id: '8a32291c-ed38-4b46-9bef-f0b61c9b3b53',
    vendedorId: 'ae6d4253-c522-4241-bdb2-b3782c06eba5',
    data: 2025-01-03T03:20:07.324Z,
    docinhosCoco: 74,
    __v: 0
  },
  {
    _id: new ObjectId('67d6743b0b7b3d7c356441ef'),
    id: '68f71330-dff2-4e8f-b6db-90d891a9d48c',
    vendedorId: 'ae6d4253-c522-4241-bdb2-b3782c06eba5',
    data: 2025-01-05T20:54:59.116Z,
    docinhosCoco: 42,
    __v: 0
  },
  {
    _id: new ObjectId('67d6743c0b7b3d7c356441fd'),
    id: '23aee7ac-0b7f-434e-adb8-405fa5095187',
    vendedorId: 'ae6d4253-c522-4241-bdb2-b3782c06eba5',
    data: 2025-01-06T10:52:59.550Z,
    docinhosCoco: 43,
    __v: 0
  },
  {
    _id: new ObjectId('67d6743d0b7b3d7c3564421b'),
    id: 'abad9959-912d-49ed-a735-1e645988a6a7',
    vendedorId: 'ae6d4253-c522-4241-bdb2-b3782c06eba5',
    data: 2025-01-07T15:22:39.296Z,
    docinhosCoco: 46,
    __v: 0
  },
  {
    _id: new ObjectId('67d6743e0b7b3d7c35644229'),
    id: '92da68f2-c4b1-4ba2-92b6-0f4e50125520',
    vendedorId: 'ae6d4253-c522-4241-bdb2-b3782c06eba5',
    data: 2025-01-08T02:00:03.145Z,
    docinhosCoco: 66,
    __v: 0
  },
  {
    _id: new ObjectId('67d6743f0b7b3d7c35644237'),
    id: '47a8754a-1465-400c-8830-10863a20f7b9',
    vendedorId: 'ae6d4253-c522-4241-bdb2-b3782c06eba5',
    data: 2025-01-08T13:14:16.544Z,
    docinhosCoco: 31,
    __v: 0
  },
  {
    _id: new ObjectId('67d674440b7b3d7c3564429d'),
    id: 'be7a6893-f9c6-48c2-8225-5b0988a9c177',
    vendedorId: 'ae6d4253-c522-4241-bdb2-b3782c06eba5',
    data: 2025-01-11T16:26:49.692Z,
    docinhosCoco: 72,
    __v: 0
  },
  {
    _id: new ObjectId('67d674490b7b3d7c35644301'),
    id: '1b9db8ee-33dc-44f7-96d0-9f8e51b1a65d',
    vendedorId: 'ae6d4253-c522-4241-bdb2-b3782c06eba5',
    data: 2025-01-15T11:09:02.890Z,
    docinhosCoco: 64,
    __v: 0
  },
  {
    _id: new ObjectId('67d674490b7b3d7c35644307'),
    id: '1a2e667a-1bab-4dc1-af78-f5fd54de47e8',
    vendedorId: 'ae6d4253-c522-4241-bdb2-b3782c06eba5',
    data: 2025-01-15T18:26:28.218Z,
    docinhosCoco: 70,
    __v: 0
  },
  {
    _id: new ObjectId('67d6744c0b7b3d7c35644333'),
    id: '0e3905f6-6607-4d6a-86a1-0189f3ffc2f0',
    vendedorId: 'ae6d4253-c522-4241-bdb2-b3782c06eba5',
    data: 2025-01-17T04:05:25.905Z,
    docinhosCoco: 35,
    __v: 0
  },
  {
    _id: new ObjectId('67d674540b7b3d7c356443dd'),
    id: '65be7804-d4c5-4f36-99a0-f60d05fe4104',
    vendedorId: 'ae6d4253-c522-4241-bdb2-b3782c06eba5',
    data: 2025-01-22T09:56:04.763Z,
    docinhosCoco: 78,
    __v: 0
  },
  {
    _id: new ObjectId('67d674590b7b3d7c35644431'),
    id: 'd43faed8-6970-4018-9856-c42da90a3206',
    vendedorId: 'ae6d4253-c522-4241-bdb2-b3782c06eba5',
    data: 2025-01-25T18:23:48.247Z,
    docinhosCoco: 93,
    __v: 0
  },
  {
    _id: new ObjectId('67d6745c0b7b3d7c35644477'),
    id: '28c6678a-7d54-4d37-85df-105a74e1fb53',
    vendedorId: 'ae6d4253-c522-4241-bdb2-b3782c06eba5',
    data: 2025-01-27T17:12:16.679Z,
    docinhosCoco: 39,
    __v: 0
  },
  {
    _id: new ObjectId('67d6745c0b7b3d7c3564447b'),
    id: 'bd503e00-24bc-4ae1-bfc6-e505c4ed26d8',
    vendedorId: 'ae6d4253-c522-4241-bdb2-b3782c06eba5',
    data: 2025-01-27T21:29:56.920Z,
    docinhosCoco: 54,
    __v: 0
  },
  {
    _id: new ObjectId('67d6745e0b7b3d7c356444a3'),
    id: '2aa4d058-bb35-4b5f-b5fe-bf9e53734881',
    vendedorId: 'ae6d4253-c522-4241-bdb2-b3782c06eba5',
    data: 2025-01-29T05:33:58.524Z,
    docinhosCoco: 41,
    __v: 0
  },
  {
    _id: new ObjectId('67d674600b7b3d7c356444b9'),
    id: '58cfd7a6-6bb4-46b5-bcc4-88d96ad9feec',
    vendedorId: 'ae6d4253-c522-4241-bdb2-b3782c06eba5',
    data: 2025-01-29T19:22:18.346Z,
    docinhosCoco: 62,
    __v: 0
  },
  {
    _id: new ObjectId('67d674610b7b3d7c356444cd'),
    id: '632ef174-74db-4b48-aa02-ecc96b173c93',
    vendedorId: 'ae6d4253-c522-4241-bdb2-b3782c06eba5',
    data: 2025-01-30T15:02:51.562Z,
    docinhosCoco: 31,
    __v: 0
  },
  {
    _id: new ObjectId('67d674610b7b3d7c356444d5'),
    id: '8d33dfb9-06b0-4454-95b0-9658a47cc469',
    vendedorId: 'ae6d4253-c522-4241-bdb2-b3782c06eba5',
    data: 2025-01-30T22:45:03.329Z,
    docinhosCoco: 80,
    __v: 0
  },
  {
    _id: new ObjectId('67d674660b7b3d7c35644521'),
    id: 'a72df292-e87a-439a-a9c5-894af22cd69c',
    vendedorId: 'ae6d4253-c522-4241-bdb2-b3782c06eba5',
    data: 2025-02-02T03:19:35.571Z,
    docinhosCoco: 50,
    __v: 0
  },
  {
    _id: new ObjectId('67d674680b7b3d7c35644545'),
    id: '6c177926-208d-4b8b-8eb7-f53eeee72a61',
    vendedorId: 'ae6d4253-c522-4241-bdb2-b3782c06eba5',
    data: 2025-02-03T05:45:15.572Z,
    docinhosCoco: 56,
    __v: 0
  },
  {
    _id: new ObjectId('67d6746d0b7b3d7c356445b5'),
    id: '66084970-f197-4a1a-8e11-1a085d08192b',
    vendedorId: 'ae6d4253-c522-4241-bdb2-b3782c06eba5',
    data: 2025-02-06T18:09:27.498Z,
    docinhosCoco: 75,
    __v: 0
  },
  {
    _id: new ObjectId('67d674720b7b3d7c3564460f'),
    id: '3d37961a-3578-4cca-a812-d1b479426bcd',
    vendedorId: 'ae6d4253-c522-4241-bdb2-b3782c06eba5',
    data: 2025-02-09T12:46:35.287Z,
    docinhosCoco: 94,
    __v: 0
  },
  {
    _id: new ObjectId('67d674730b7b3d7c35644621'),
    id: 'e0f8b38c-344c-44e1-a7a1-d6a5ab1fa6a1',
    vendedorId: 'ae6d4253-c522-4241-bdb2-b3782c06eba5',
    data: 2025-02-09T23:15:04.828Z,
    docinhosCoco: 102,
    __v: 0
  },
  {
    _id: new ObjectId('67d674750b7b3d7c3564464d'),
    id: '3d92aa0b-8f80-41de-9dbf-36b7380fe9c2',
    vendedorId: 'ae6d4253-c522-4241-bdb2-b3782c06eba5',
    data: 2025-02-11T13:25:13.434Z,
    docinhosCoco: 36,
    __v: 0
  },
  {
    _id: new ObjectId('67d674760b7b3d7c35644659'),
    id: '441477e0-2868-438b-ab6b-25a9a0138462',
    vendedorId: 'ae6d4253-c522-4241-bdb2-b3782c06eba5',
    data: 2025-02-11T23:45:21.504Z,
    docinhosCoco: 74,
    __v: 0
  },
  {
    _id: new ObjectId('67d674760b7b3d7c35644663'),
    id: '10200be4-e3fb-4c99-b29d-04b237e5c873',
    vendedorId: 'ae6d4253-c522-4241-bdb2-b3782c06eba5',
    data: 2025-02-12T04:35:35.217Z,
    docinhosCoco: 65,
    __v: 0
  },
  {
    _id: new ObjectId('67d674780b7b3d7c3564467f'),
    id: '8837e3a6-2996-4167-8a7f-9ca51310e6a3',
    vendedorId: 'ae6d4253-c522-4241-bdb2-b3782c06eba5',
    data: 2025-02-12T23:41:23.041Z,
    docinhosCoco: 72,
    __v: 0
  },
  {
    _id: new ObjectId('67d6747a0b7b3d7c356446ad'),
    id: 'f4f69de9-a0c9-4737-84af-dd652d74ee24',
    vendedorId: 'ae6d4253-c522-4241-bdb2-b3782c06eba5',
    data: 2025-02-14T10:36:16.393Z,
    docinhosCoco: 40,
    __v: 0
  },
  {
    _id: new ObjectId('67d6747b0b7b3d7c356446c1'),
    id: '88d03a22-a687-49d3-a169-9ad0648be4ec',
    vendedorId: 'ae6d4253-c522-4241-bdb2-b3782c06eba5',
    data: 2025-02-14T21:05:29.357Z,
    docinhosCoco: 65,
    __v: 0
  },
  {
    _id: new ObjectId('67d674800b7b3d7c3564471b'),
    id: 'c5113dbc-9729-4563-949f-399755f10014',
    vendedorId: 'ae6d4253-c522-4241-bdb2-b3782c06eba5',
    data: 2025-02-17T14:50:33.249Z,
    docinhosCoco: 37,
    __v: 0
  },
  {
    _id: new ObjectId('67d674830b7b3d7c35644757'),
    id: '00ed8122-f6bc-4b64-88b9-15a8f78c7d69',
    vendedorId: 'ae6d4253-c522-4241-bdb2-b3782c06eba5',
    data: 2025-02-19T04:11:25.565Z,
    docinhosCoco: 78,
    __v: 0
  },
  {
    _id: new ObjectId('67d674830b7b3d7c35644761'),
    id: '285b96ec-de31-44d7-a6d5-0241c5702e23',
    vendedorId: 'ae6d4253-c522-4241-bdb2-b3782c06eba5',
    data: 2025-02-19T13:27:54.382Z,
    docinhosCoco: 65,
    __v: 0
  },
  {
    _id: new ObjectId('67d674840b7b3d7c35644775'),
    id: 'c5af3396-f174-40ab-a077-a129fdeb8a59',
    vendedorId: 'ae6d4253-c522-4241-bdb2-b3782c06eba5',
    data: 2025-02-20T06:44:39.654Z,
    docinhosCoco: 74,
    __v: 0
  },
  {
    _id: new ObjectId('67d674860b7b3d7c35644793'),
    id: '4c2380ef-a5d6-4c2e-8e54-2977d6cf6d2c',
    vendedorId: 'ae6d4253-c522-4241-bdb2-b3782c06eba5',
    data: 2025-02-20T22:48:24.510Z,
    docinhosCoco: 63,
    __v: 0
  },
  {
    _id: new ObjectId('67d674870b7b3d7c356447a3'),
    id: 'f68a2ef0-5371-48f0-9196-84919abcbef9',
    vendedorId: 'ae6d4253-c522-4241-bdb2-b3782c06eba5',
    data: 2025-02-22T10:30:56.663Z,
    docinhosCoco: 89,
    __v: 0
  },
  {
    _id: new ObjectId('67d674870b7b3d7c356447a7'),
    id: '406e44bb-54cb-4106-be1e-96847bcdbb0b',
    vendedorId: 'ae6d4253-c522-4241-bdb2-b3782c06eba5',
    data: 2025-02-22T11:44:55.263Z,
    docinhosCoco: 66,
    __v: 0
  },
  {
    _id: new ObjectId('67d674880b7b3d7c356447b5'),
    id: 'cb08a5b9-c6a7-48e2-9683-8d5eceb5268a',
    vendedorId: 'ae6d4253-c522-4241-bdb2-b3782c06eba5',
    data: 2025-02-22T23:48:13.769Z,
    docinhosCoco: 98,
    __v: 0
  },
  {
    _id: new ObjectId('67d6748a0b7b3d7c356447e5'),
    id: '5b2dcf38-ba74-44a2-955a-c2740bf0b7fa',
    vendedorId: 'ae6d4253-c522-4241-bdb2-b3782c06eba5',
    data: 2025-02-25T02:25:28.905Z,
    docinhosCoco: 49,
    __v: 0
  },
  {
    _id: new ObjectId('67d6748d0b7b3d7c3564481f'),
    id: '488b17d3-d5a0-4b7b-9783-6cca0a25ecae',
    vendedorId: 'ae6d4253-c522-4241-bdb2-b3782c06eba5',
    data: 2025-02-27T01:32:51.743Z,
    docinhosCoco: 80,
    __v: 0
  },
  {
    _id: new ObjectId('67d674930b7b3d7c35644895'),
    id: 'eb2227d0-e5e5-4bf3-9afb-cd42fc706bd9',
    vendedorId: 'ae6d4253-c522-4241-bdb2-b3782c06eba5',
    data: 2025-03-03T03:35:03.883Z,
    docinhosCoco: 72,
    __v: 0
  },
  {
    _id: new ObjectId('67d674940b7b3d7c356448a7'),
    id: 'f40862cf-5129-4049-b2b3-0a835301a510',
    vendedorId: 'ae6d4253-c522-4241-bdb2-b3782c06eba5',
    data: 2025-03-03T14:34:38.369Z,
    docinhosCoco: 39,
    __v: 0
  },
  {
    _id: new ObjectId('67d674960b7b3d7c356448cd'),
    id: '4cd47f37-02c3-4b24-9277-20771af9223e',
    vendedorId: 'ae6d4253-c522-4241-bdb2-b3782c06eba5',
    data: 2025-03-04T18:58:24.228Z,
    docinhosCoco: 54,
    __v: 0
  },
  ... 4 more items
]
✅ Processado vendedor: Ícaro Barros
Debug - Repository - Query params: {
  vendedorId: '0b20e45c-9eb6-49e1-93c4-2f3e6d966226',
  dataInicio: 2024-09-17T03:00:00.000Z,
  dataFim: 2025-03-18T02:59:59.999Z
}
Debug - Repository - MongoDB query: {
  vendedorId: '0b20e45c-9eb6-49e1-93c4-2f3e6d966226',
  data: { '$gte': 1726542000000, '$lte': 1742266799999 }
}
Debug - Repository - Resultado encontrado: [
  {
    _id: new ObjectId('67c9968090c4d048db4a8f72'),
    id: 'e44c78d2-883c-4224-828e-6932bad744d1',
    vendedorId: '0b20e45c-9eb6-49e1-93c4-2f3e6d966226',
    data: 2025-01-03T00:00:00.000Z,
    docinhosCoco: 1231,
    __v: 0
  },
  {
    _id: new ObjectId('67c9969a90c4d048db4a8fac'),
    id: '7f621306-f7a5-4ee3-910a-b280a622fd56',
    vendedorId: '0b20e45c-9eb6-49e1-93c4-2f3e6d966226',
    data: 2025-01-02T00:00:00.000Z,
    docinhosCoco: 1518,
    __v: 0
  },
  {
    _id: new ObjectId('67c996b890c4d048db4a8ffe'),
    id: '2db9bdef-b280-4f49-b405-bab0c80571a2',
    vendedorId: '0b20e45c-9eb6-49e1-93c4-2f3e6d966226',
    data: 2025-01-13T00:00:00.000Z,
    docinhosCoco: 1988,
    __v: 0
  },
  {
    _id: new ObjectId('67c997e490c4d048db4a9053'),
    id: '1fafc359-3eae-44b2-a180-efd102952248',
    vendedorId: '0b20e45c-9eb6-49e1-93c4-2f3e6d966226',
    data: 2025-02-05T00:00:00.000Z,
    docinhosCoco: 1656,
    __v: 0
  },
  {
    _id: new ObjectId('67c9980790c4d048db4a90a7'),
    id: '75f832d1-e78c-48ad-af02-87d8eef3e2ed',
    vendedorId: '0b20e45c-9eb6-49e1-93c4-2f3e6d966226',
    data: 2025-02-18T00:00:00.000Z,
    docinhosCoco: 747,
    __v: 0
  },
  {
    _id: new ObjectId('67d6738f0b7b3d7c356434bf'),
    id: '748e2f87-4ab5-4145-90df-7246727eae2b',
    vendedorId: '0b20e45c-9eb6-49e1-93c4-2f3e6d966226',
    data: 2024-09-18T23:51:44.793Z,
    docinhosCoco: 60,
    __v: 0
  },
  {
    _id: new ObjectId('67d673940b7b3d7c35643521'),
    id: '08c52077-d4f1-47c1-8287-f0d321332b6c',
    vendedorId: '0b20e45c-9eb6-49e1-93c4-2f3e6d966226',
    data: 2024-09-22T11:31:26.993Z,
    docinhosCoco: 79,
    __v: 0
  },
  {
    _id: new ObjectId('67d6739b0b7b3d7c3564359b'),
    id: 'f3b87810-0253-4a08-b294-152d220bd772',
    vendedorId: '0b20e45c-9eb6-49e1-93c4-2f3e6d966226',
    data: 2024-09-25T16:49:09.113Z,
    docinhosCoco: 70,
    __v: 0
  },
  {
    _id: new ObjectId('67d6739f0b7b3d7c356435f9'),
    id: '6d75ce25-88a2-4df4-bc9d-fdfbaffc4c6a',
    vendedorId: '0b20e45c-9eb6-49e1-93c4-2f3e6d966226',
    data: 2024-09-29T01:26:10.181Z,
    docinhosCoco: 72,
    __v: 0
  },
  {
    _id: new ObjectId('67d673a10b7b3d7c3564361b'),
    id: 'aaee501f-c3cf-4c00-aa12-8a23551edac7',
    vendedorId: '0b20e45c-9eb6-49e1-93c4-2f3e6d966226',
    data: 2024-09-30T20:28:49.029Z,
    docinhosCoco: 80,
    __v: 0
  },
  {
    _id: new ObjectId('67d673a20b7b3d7c35643637'),
    id: 'bb7dc5f6-c5cd-4194-a04e-777ce7b47d58',
    vendedorId: '0b20e45c-9eb6-49e1-93c4-2f3e6d966226',
    data: 2024-10-01T21:29:10.737Z,
    docinhosCoco: 78,
    __v: 0
  },
  {
    _id: new ObjectId('67d673a30b7b3d7c35643643'),
    id: '5826671a-655f-429a-abd7-78c04181bac2',
    vendedorId: '0b20e45c-9eb6-49e1-93c4-2f3e6d966226',
    data: 2024-10-02T03:29:48.123Z,
    docinhosCoco: 47,
    __v: 0
  },
  {
    _id: new ObjectId('67d673a40b7b3d7c35643655'),
    id: '1a449c02-8c54-4bf3-ba13-85828085916c',
    vendedorId: '0b20e45c-9eb6-49e1-93c4-2f3e6d966226',
    data: 2024-10-02T13:14:01.306Z,
    docinhosCoco: 32,
    __v: 0
  },
  {
    _id: new ObjectId('67d673aa0b7b3d7c356436d1'),
    id: 'a5aad411-278c-4e69-9027-0317df1dc793',
    vendedorId: '0b20e45c-9eb6-49e1-93c4-2f3e6d966226',
    data: 2024-10-06T21:00:38.562Z,
    docinhosCoco: 102,
    __v: 0
  },
  {
    _id: new ObjectId('67d673ad0b7b3d7c356436fd'),
    id: 'ff40b1fe-7a65-40fb-a30c-8abde61d3898',
    vendedorId: '0b20e45c-9eb6-49e1-93c4-2f3e6d966226',
    data: 2024-10-08T21:32:17.607Z,
    docinhosCoco: 31,
    __v: 0
  },
  {
    _id: new ObjectId('67d673b30b7b3d7c35643775'),
    id: '61821c9a-74f0-4a2d-ab69-b571b963f9c2',
    vendedorId: '0b20e45c-9eb6-49e1-93c4-2f3e6d966226',
    data: 2024-10-12T18:26:16.547Z,
    docinhosCoco: 68,
    __v: 0
  },
  {
    _id: new ObjectId('67d673b40b7b3d7c35643793'),
    id: '2c43703d-008b-4026-8fa6-84e669f033c5',
    vendedorId: '0b20e45c-9eb6-49e1-93c4-2f3e6d966226',
    data: 2024-10-14T02:30:33.136Z,
    docinhosCoco: 100,
    __v: 0
  },
  {
    _id: new ObjectId('67d673b60b7b3d7c356437b1'),
    id: 'ced8a3d6-c280-401f-9e85-c9cc36b010df',
    vendedorId: '0b20e45c-9eb6-49e1-93c4-2f3e6d966226',
    data: 2024-10-15T03:15:53.306Z,
    docinhosCoco: 74,
    __v: 0
  },
  {
    _id: new ObjectId('67d673b90b7b3d7c356437f3'),
    id: 'ad79d51e-4499-487a-8054-0bbde4306d9c',
    vendedorId: '0b20e45c-9eb6-49e1-93c4-2f3e6d966226',
    data: 2024-10-17T07:31:51.173Z,
    docinhosCoco: 72,
    __v: 0
  },
  {
    _id: new ObjectId('67d673bc0b7b3d7c35643833'),
    id: 'd68e3fff-d1be-4e91-a8e3-96cfec26da31',
    vendedorId: '0b20e45c-9eb6-49e1-93c4-2f3e6d966226',
    data: 2024-10-19T07:22:28.394Z,
    docinhosCoco: 87,
    __v: 0
  },
  {
    _id: new ObjectId('67d673be0b7b3d7c3564384b'),
    id: '27e073ee-6bc0-4597-be78-2a2dedd3aba5',
    vendedorId: '0b20e45c-9eb6-49e1-93c4-2f3e6d966226',
    data: 2024-10-19T18:22:42.916Z,
    docinhosCoco: 71,
    __v: 0
  },
  {
    _id: new ObjectId('67d673c00b7b3d7c35643879'),
    id: 'aaf8bf28-12e0-4f96-9693-3736e1c67433',
    vendedorId: '0b20e45c-9eb6-49e1-93c4-2f3e6d966226',
    data: 2024-10-21T07:46:20.086Z,
    docinhosCoco: 78,
    __v: 0
  },
  {
    _id: new ObjectId('67d673c20b7b3d7c356438a5'),
    id: 'bde2a314-b436-4275-b6d7-b7a157d22785',
    vendedorId: '0b20e45c-9eb6-49e1-93c4-2f3e6d966226',
    data: 2024-10-22T21:18:15.363Z,
    docinhosCoco: 72,
    __v: 0
  },
  {
    _id: new ObjectId('67d673c40b7b3d7c356438c5'),
    id: '330e5db3-9223-4a82-8992-8dc38b51defe',
    vendedorId: '0b20e45c-9eb6-49e1-93c4-2f3e6d966226',
    data: 2024-10-24T00:34:01.405Z,
    docinhosCoco: 43,
    __v: 0
  },
  {
    _id: new ObjectId('67d673c50b7b3d7c356438d5'),
    id: 'b8cd8631-0acb-4ed3-9669-6feab8fcd435',
    vendedorId: '0b20e45c-9eb6-49e1-93c4-2f3e6d966226',
    data: 2024-10-24T13:15:25.030Z,
    docinhosCoco: 44,
    __v: 0
  },
  {
    _id: new ObjectId('67d673c50b7b3d7c356438db'),
    id: 'e81a2928-15b7-4cfe-a754-4c352d576a25',
    vendedorId: '0b20e45c-9eb6-49e1-93c4-2f3e6d966226',
    data: 2024-10-24T18:32:30.529Z,
    docinhosCoco: 35,
    __v: 0
  },
  {
    _id: new ObjectId('67d673c60b7b3d7c356438e7'),
    id: 'd27f2808-e332-4d0f-9803-307690827a9a',
    vendedorId: '0b20e45c-9eb6-49e1-93c4-2f3e6d966226',
    data: 2024-10-25T11:18:50.434Z,
    docinhosCoco: 70,
    __v: 0
  },
  {
    _id: new ObjectId('67d673c90b7b3d7c35643921'),
    id: '75af8d9d-8322-4cf3-b2da-5f386f889781',
    vendedorId: '0b20e45c-9eb6-49e1-93c4-2f3e6d966226',
    data: 2024-10-26T19:43:35.833Z,
    docinhosCoco: 89,
    __v: 0
  },
  {
    _id: new ObjectId('67d673c90b7b3d7c35643933'),
    id: '4764392a-38ec-43f6-ac1c-dd4397af8ba8',
    vendedorId: '0b20e45c-9eb6-49e1-93c4-2f3e6d966226',
    data: 2024-10-27T09:37:28.880Z,
    docinhosCoco: 72,
    __v: 0
  },
  {
    _id: new ObjectId('67d673cb0b7b3d7c35643949'),
    id: 'b6ef48d3-dcc2-42ff-b866-aef17f1bf5e9',
    vendedorId: '0b20e45c-9eb6-49e1-93c4-2f3e6d966226',
    data: 2024-10-28T06:50:01.920Z,
    docinhosCoco: 59,
    __v: 0
  },
  {
    _id: new ObjectId('67d673d00b7b3d7c356439b1'),
    id: '424af054-2918-42ec-bb78-4158cc55677e',
    vendedorId: '0b20e45c-9eb6-49e1-93c4-2f3e6d966226',
    data: 2024-11-01T04:59:39.495Z,
    docinhosCoco: 61,
    __v: 0
  },
  {
    _id: new ObjectId('67d673d00b7b3d7c356439bb'),
    id: '3f193408-3453-427b-a193-b4cdefcb1e58',
    vendedorId: '0b20e45c-9eb6-49e1-93c4-2f3e6d966226',
    data: 2024-11-01T14:02:52.982Z,
    docinhosCoco: 61,
    __v: 0
  },
  {
    _id: new ObjectId('67d673d20b7b3d7c356439d3'),
    id: '1dd9b9a4-cdcd-476b-ac9a-d6ae30b32746',
    vendedorId: '0b20e45c-9eb6-49e1-93c4-2f3e6d966226',
    data: 2024-11-02T10:37:43.845Z,
    docinhosCoco: 93,
    __v: 0
  },
  {
    _id: new ObjectId('67d673d80b7b3d7c35643a53'),
    id: '6fc0ed19-a7fc-4af5-bcab-ff79dcf4b402',
    vendedorId: '0b20e45c-9eb6-49e1-93c4-2f3e6d966226',
    data: 2024-11-05T19:32:23.839Z,
    docinhosCoco: 48,
    __v: 0
  },
  {
    _id: new ObjectId('67d673d90b7b3d7c35643a69'),
    id: 'bbf88294-c68b-4a54-9705-c2fee3287648',
    vendedorId: '0b20e45c-9eb6-49e1-93c4-2f3e6d966226',
    data: 2024-11-06T11:21:05.747Z,
    docinhosCoco: 58,
    __v: 0
  },
  {
    _id: new ObjectId('67d673dc0b7b3d7c35643a9d'),
    id: 'fd6be271-754a-43e5-9ec5-3543ac5c5e02',
    vendedorId: '0b20e45c-9eb6-49e1-93c4-2f3e6d966226',
    data: 2024-11-07T12:35:07.312Z,
    docinhosCoco: 71,
    __v: 0
  },
  {
    _id: new ObjectId('67d673dd0b7b3d7c35643ab1'),
    id: 'e8665362-cdd7-4811-8b69-fbf7cc7b37de',
    vendedorId: '0b20e45c-9eb6-49e1-93c4-2f3e6d966226',
    data: 2024-11-08T07:46:01.265Z,
    docinhosCoco: 39,
    __v: 0
  },
  {
    _id: new ObjectId('67d673de0b7b3d7c35643ac5'),
    id: '292657c4-9ac1-4554-9719-cd1ac11d568d',
    vendedorId: '0b20e45c-9eb6-49e1-93c4-2f3e6d966226',
    data: 2024-11-09T05:15:13.459Z,
    docinhosCoco: 83,
    __v: 0
  },
  {
    _id: new ObjectId('67d673e00b7b3d7c35643ae5'),
    id: '5e6b8317-4903-4086-a333-bc32372aa9ad',
    vendedorId: '0b20e45c-9eb6-49e1-93c4-2f3e6d966226',
    data: 2024-11-10T01:03:22.925Z,
    docinhosCoco: 59,
    __v: 0
  },
  {
    _id: new ObjectId('67d673e40b7b3d7c35643b3b'),
    id: '288f843d-275f-4b9d-828b-e2fa70a034e9',
    vendedorId: '0b20e45c-9eb6-49e1-93c4-2f3e6d966226',
    data: 2024-11-12T20:22:44.851Z,
    docinhosCoco: 41,
    __v: 0
  },
  {
    _id: new ObjectId('67d673e70b7b3d7c35643b75'),
    id: '2972989e-dc90-48a1-bd02-6bcbafee3d08',
    vendedorId: '0b20e45c-9eb6-49e1-93c4-2f3e6d966226',
    data: 2024-11-14T18:09:24.880Z,
    docinhosCoco: 49,
    __v: 0
  },
  {
    _id: new ObjectId('67d673e90b7b3d7c35643ba5'),
    id: 'b0185afc-af10-4729-b2f6-5ceb002d1e73',
    vendedorId: '0b20e45c-9eb6-49e1-93c4-2f3e6d966226',
    data: 2024-11-16T01:48:54.481Z,
    docinhosCoco: 60,
    __v: 0
  },
  {
    _id: new ObjectId('67d673ee0b7b3d7c35643c03'),
    id: '4e5a61f6-a358-4abf-818c-921185f4a6ee',
    vendedorId: '0b20e45c-9eb6-49e1-93c4-2f3e6d966226',
    data: 2024-11-18T23:11:44.998Z,
    docinhosCoco: 77,
    __v: 0
  },
  {
    _id: new ObjectId('67d673f30b7b3d7c35643c59'),
    id: '72c3b1cd-b925-4add-996e-3d3157053f08',
    vendedorId: '0b20e45c-9eb6-49e1-93c4-2f3e6d966226',
    data: 2024-11-22T02:14:39.007Z,
    docinhosCoco: 75,
    __v: 0
  },
  {
    _id: new ObjectId('67d673f40b7b3d7c35643c6d'),
    id: 'af1eadd6-6b45-4b80-9cc2-ea7602353529',
    vendedorId: '0b20e45c-9eb6-49e1-93c4-2f3e6d966226',
    data: 2024-11-22T16:20:33.453Z,
    docinhosCoco: 52,
    __v: 0
  },
  {
    _id: new ObjectId('67d673f40b7b3d7c35643c75'),
    id: '34e6a4e4-0247-4784-805f-d3d1f6595d45',
    vendedorId: '0b20e45c-9eb6-49e1-93c4-2f3e6d966226',
    data: 2024-11-22T19:23:56.067Z,
    docinhosCoco: 41,
    __v: 0
  },
  {
    _id: new ObjectId('67d673f50b7b3d7c35643c83'),
    id: '82ba31bc-7c3b-41ea-91cd-102bb2720019',
    vendedorId: '0b20e45c-9eb6-49e1-93c4-2f3e6d966226',
    data: 2024-11-23T00:35:22.476Z,
    docinhosCoco: 78,
    __v: 0
  },
  {
    _id: new ObjectId('67d673f60b7b3d7c35643c97'),
    id: '56915a63-8c4e-44b4-a756-ed53f5d36324',
    vendedorId: '0b20e45c-9eb6-49e1-93c4-2f3e6d966226',
    data: 2024-11-23T12:43:02.942Z,
    docinhosCoco: 76,
    __v: 0
  },
  {
    _id: new ObjectId('67d673fc0b7b3d7c35643d11'),
    id: 'f61ca59b-d9f1-4b69-a73f-54083f791e10',
    vendedorId: '0b20e45c-9eb6-49e1-93c4-2f3e6d966226',
    data: 2024-11-27T13:51:55.444Z,
    docinhosCoco: 80,
    __v: 0
  },
  {
    _id: new ObjectId('67d673ff0b7b3d7c35643d4b'),
    id: 'abc9bf06-c34d-4764-923b-2935727bac61',
    vendedorId: '0b20e45c-9eb6-49e1-93c4-2f3e6d966226',
    data: 2024-11-29T06:34:47.819Z,
    docinhosCoco: 37,
    __v: 0
  },
  {
    _id: new ObjectId('67d674010b7b3d7c35643d6d'),
    id: '35ff3779-e0d1-409c-880c-a6b58e5a98be',
    vendedorId: '0b20e45c-9eb6-49e1-93c4-2f3e6d966226',
    data: 2024-11-30T07:16:09.699Z,
    docinhosCoco: 57,
    __v: 0
  },
  {
    _id: new ObjectId('67d674030b7b3d7c35643d9d'),
    id: 'c9c71c40-682d-4fa2-9238-68b6ef5322ed',
    vendedorId: '0b20e45c-9eb6-49e1-93c4-2f3e6d966226',
    data: 2024-12-01T07:21:44.070Z,
    docinhosCoco: 97,
    __v: 0
  },
  {
    _id: new ObjectId('67d674030b7b3d7c35643da1'),
    id: '720e34d4-ef33-40f3-a140-3ad3adda215a',
    vendedorId: '0b20e45c-9eb6-49e1-93c4-2f3e6d966226',
    data: 2024-12-01T11:49:46.167Z,
    docinhosCoco: 53,
    __v: 0
  },
  {
    _id: new ObjectId('67d674070b7b3d7c35643de9'),
    id: 'eb302b7d-d2a3-4719-a003-6df082b190cc',
    vendedorId: '0b20e45c-9eb6-49e1-93c4-2f3e6d966226',
    data: 2024-12-04T02:10:52.050Z,
    docinhosCoco: 43,
    __v: 0
  },
  {
    _id: new ObjectId('67d674080b7b3d7c35643df7'),
    id: 'f6203821-abed-4621-aed6-9669a651bfaa',
    vendedorId: '0b20e45c-9eb6-49e1-93c4-2f3e6d966226',
    data: 2024-12-04T15:50:51.997Z,
    docinhosCoco: 50,
    __v: 0
  },
  {
    _id: new ObjectId('67d674130b7b3d7c35643ecd'),
    id: '207fdf40-54c9-4046-b611-69c7be557fde',
    vendedorId: '0b20e45c-9eb6-49e1-93c4-2f3e6d966226',
    data: 2024-12-11T13:05:30.910Z,
    docinhosCoco: 54,
    __v: 0
  },
  {
    _id: new ObjectId('67d674140b7b3d7c35643ee5'),
    id: '3b7f885a-25d0-4f71-8630-45e6f5718117',
    vendedorId: '0b20e45c-9eb6-49e1-93c4-2f3e6d966226',
    data: 2024-12-12T09:46:28.325Z,
    docinhosCoco: 68,
    __v: 0
  },
  {
    _id: new ObjectId('67d674160b7b3d7c35643f15'),
    id: '88bc4a2d-b889-40c6-aba5-7d4773b5e70b',
    vendedorId: '0b20e45c-9eb6-49e1-93c4-2f3e6d966226',
    data: 2024-12-13T19:55:50.749Z,
    docinhosCoco: 66,
    __v: 0
  },
  {
    _id: new ObjectId('67d674190b7b3d7c35643f51'),
    id: '9f205af1-fb69-427b-9b03-3d2fa5333dcf',
    vendedorId: '0b20e45c-9eb6-49e1-93c4-2f3e6d966226',
    data: 2024-12-15T16:52:28.130Z,
    docinhosCoco: 53,
    __v: 0
  },
  {
    _id: new ObjectId('67d6741c0b7b3d7c35643f8d'),
    id: '3ac89c76-85ee-4fc6-9752-5fad0c81173a',
    vendedorId: '0b20e45c-9eb6-49e1-93c4-2f3e6d966226',
    data: 2024-12-17T07:31:48.172Z,
    docinhosCoco: 84,
    __v: 0
  },
  {
    _id: new ObjectId('67d6741f0b7b3d7c35643fbf'),
    id: '10967cee-88bc-42d5-a1fe-31108165c8d4',
    vendedorId: '0b20e45c-9eb6-49e1-93c4-2f3e6d966226',
    data: 2024-12-19T08:12:18.742Z,
    docinhosCoco: 45,
    __v: 0
  },
  {
    _id: new ObjectId('67d6741f0b7b3d7c35643fc5'),
    id: 'ddb7a0ee-55c6-4ccb-81fb-add9ccfcdbb6',
    vendedorId: '0b20e45c-9eb6-49e1-93c4-2f3e6d966226',
    data: 2024-12-19T18:31:51.883Z,
    docinhosCoco: 84,
    __v: 0
  },
  {
    _id: new ObjectId('67d674200b7b3d7c35643fd3'),
    id: '08d320bb-0045-4071-ae5c-3e4256fb5f8f',
    vendedorId: '0b20e45c-9eb6-49e1-93c4-2f3e6d966226',
    data: 2024-12-20T01:33:35.233Z,
    docinhosCoco: 68,
    __v: 0
  },
  {
    _id: new ObjectId('67d674200b7b3d7c35643fdb'),
    id: '2837fbff-b33c-448f-beb3-248d350a6c1b',
    vendedorId: '0b20e45c-9eb6-49e1-93c4-2f3e6d966226',
    data: 2024-12-20T07:28:51.080Z,
    docinhosCoco: 51,
    __v: 0
  },
  {
    _id: new ObjectId('67d674240b7b3d7c3564402d'),
    id: 'c34bcaa9-c04b-4e66-8ff6-01374da1f411',
    vendedorId: '0b20e45c-9eb6-49e1-93c4-2f3e6d966226',
    data: 2024-12-23T04:21:24.995Z,
    docinhosCoco: 57,
    __v: 0
  },
  {
    _id: new ObjectId('67d674250b7b3d7c35644033'),
    id: '3a637fbd-043e-4944-9290-ba5301496c73',
    vendedorId: '0b20e45c-9eb6-49e1-93c4-2f3e6d966226',
    data: 2024-12-23T11:02:17.033Z,
    docinhosCoco: 64,
    __v: 0
  },
  {
    _id: new ObjectId('67d6742f0b7b3d7c356440ff'),
    id: 'e866b68a-cc65-4d3e-b326-e223cde8e06d',
    vendedorId: '0b20e45c-9eb6-49e1-93c4-2f3e6d966226',
    data: 2024-12-29T10:42:49.350Z,
    docinhosCoco: 91,
    __v: 0
  },
  {
    _id: new ObjectId('67d674300b7b3d7c35644113'),
    id: 'eae896e1-7c57-4b66-8c4d-a544a4de0f53',
    vendedorId: '0b20e45c-9eb6-49e1-93c4-2f3e6d966226',
    data: 2024-12-29T18:47:17.820Z,
    docinhosCoco: 95,
    __v: 0
  },
  {
    _id: new ObjectId('67d674310b7b3d7c35644123'),
    id: '1652c895-fb59-4294-8c2e-af80479bd083',
    vendedorId: '0b20e45c-9eb6-49e1-93c4-2f3e6d966226',
    data: 2024-12-30T08:06:48.350Z,
    docinhosCoco: 94,
    __v: 0
  },
  {
    _id: new ObjectId('67d674320b7b3d7c3564413b'),
    id: 'affcd42f-64c8-4e36-a849-f37560508f54',
    vendedorId: '0b20e45c-9eb6-49e1-93c4-2f3e6d966226',
    data: 2024-12-30T20:02:56.106Z,
    docinhosCoco: 85,
    __v: 0
  },
  {
    _id: new ObjectId('67d674330b7b3d7c35644153'),
    id: '6c21b153-1c4a-4342-8d99-099b7817525c',
    vendedorId: '0b20e45c-9eb6-49e1-93c4-2f3e6d966226',
    data: 2024-12-31T17:29:20.064Z,
    docinhosCoco: 66,
    __v: 0
  },
  {
    _id: new ObjectId('67d674360b7b3d7c3564417f'),
    id: '0d9b7ec9-b0a7-43ae-b887-0a6beda2c81c',
    vendedorId: '0b20e45c-9eb6-49e1-93c4-2f3e6d966226',
    data: 2025-01-02T00:12:48.532Z,
    docinhosCoco: 46,
    __v: 0
  },
  {
    _id: new ObjectId('67d674370b7b3d7c35644195'),
    id: '3f076951-50a7-4719-a4e4-570d4ad7f77d',
    vendedorId: '0b20e45c-9eb6-49e1-93c4-2f3e6d966226',
    data: 2025-01-02T15:18:54.303Z,
    docinhosCoco: 32,
    __v: 0
  },
  {
    _id: new ObjectId('67d674370b7b3d7c3564419b'),
    id: '9d118084-5a35-4d07-a166-3b3a7f084c62',
    vendedorId: '0b20e45c-9eb6-49e1-93c4-2f3e6d966226',
    data: 2025-01-02T23:49:45.758Z,
    docinhosCoco: 78,
    __v: 0
  },
  {
    _id: new ObjectId('67d6743c0b7b3d7c35644207'),
    id: '8eadf66c-055e-4ba2-82e7-a7b8a1cd04b9',
    vendedorId: '0b20e45c-9eb6-49e1-93c4-2f3e6d966226',
    data: 2025-01-07T02:45:35.315Z,
    docinhosCoco: 79,
    __v: 0
  },
  {
    _id: new ObjectId('67d674410b7b3d7c35644261'),
    id: '8d928bdf-ae14-48cd-9193-93ef03f0575f',
    vendedorId: '0b20e45c-9eb6-49e1-93c4-2f3e6d966226',
    data: 2025-01-09T17:38:32.583Z,
    docinhosCoco: 63,
    __v: 0
  },
  {
    _id: new ObjectId('67d674440b7b3d7c356442a5'),
    id: '1df849d3-957b-40fb-a769-526582af911e',
    vendedorId: '0b20e45c-9eb6-49e1-93c4-2f3e6d966226',
    data: 2025-01-12T00:53:35.042Z,
    docinhosCoco: 39,
    __v: 0
  },
  {
    _id: new ObjectId('67d674500b7b3d7c3564438f'),
    id: '8a4ff939-230f-486f-9096-e043413fb5d2',
    vendedorId: '0b20e45c-9eb6-49e1-93c4-2f3e6d966226',
    data: 2025-01-19T21:58:41.139Z,
    docinhosCoco: 49,
    __v: 0
  },
  {
    _id: new ObjectId('67d674530b7b3d7c356443c9'),
    id: '376a1090-4104-41fe-9332-5501963ee87c',
    vendedorId: '0b20e45c-9eb6-49e1-93c4-2f3e6d966226',
    data: 2025-01-21T18:50:29.151Z,
    docinhosCoco: 57,
    __v: 0
  },
  {
    _id: new ObjectId('67d674630b7b3d7c356444f3'),
    id: '98713858-4086-4c72-884b-0d50fe902b77',
    vendedorId: '0b20e45c-9eb6-49e1-93c4-2f3e6d966226',
    data: 2025-01-31T23:02:05.255Z,
    docinhosCoco: 54,
    __v: 0
  },
  {
    _id: new ObjectId('67d674630b7b3d7c356444f5'),
    id: '6a0583a6-b04d-4657-bb00-1968ed053593',
    vendedorId: '0b20e45c-9eb6-49e1-93c4-2f3e6d966226',
    data: 2025-01-31T23:05:10.452Z,
    docinhosCoco: 60,
    __v: 0
  },
  {
    _id: new ObjectId('67d674700b7b3d7c356445e9'),
    id: '91b48550-41cc-4d8c-88f5-fcf17456e69e',
    vendedorId: '0b20e45c-9eb6-49e1-93c4-2f3e6d966226',
    data: 2025-02-08T07:28:39.927Z,
    docinhosCoco: 55,
    __v: 0
  },
  {
    _id: new ObjectId('67d674720b7b3d7c35644611'),
    id: '81804921-6989-49dc-b7bf-41f1c32c43e6',
    vendedorId: '0b20e45c-9eb6-49e1-93c4-2f3e6d966226',
    data: 2025-02-09T13:22:33.827Z,
    docinhosCoco: 42,
    __v: 0
  },
  {
    _id: new ObjectId('67d6747d0b7b3d7c356446e9'),
    id: 'f9dcbf5b-503b-43a7-8215-4e8d4f51e1be',
    vendedorId: '0b20e45c-9eb6-49e1-93c4-2f3e6d966226',
    data: 2025-02-15T23:18:02.378Z,
    docinhosCoco: 71,
    __v: 0
  },
  {
    _id: new ObjectId('67d674810b7b3d7c3564472d'),
    id: 'cd38a47f-056f-4e47-a0d4-9f35c26a6cd6',
    vendedorId: '0b20e45c-9eb6-49e1-93c4-2f3e6d966226',
    data: 2025-02-17T23:14:26.631Z,
    docinhosCoco: 56,
    __v: 0
  },
  {
    _id: new ObjectId('67d674820b7b3d7c3564474b'),
    id: 'b46a4cd1-9ff3-4778-8cf0-376a035999a9',
    vendedorId: '0b20e45c-9eb6-49e1-93c4-2f3e6d966226',
    data: 2025-02-18T17:43:57.152Z,
    docinhosCoco: 33,
    __v: 0
  },
  {
    _id: new ObjectId('67d674840b7b3d7c35644777'),
    id: 'f7f7f477-6029-423f-a789-291e8d2745fb',
    vendedorId: '0b20e45c-9eb6-49e1-93c4-2f3e6d966226',
    data: 2025-02-20T07:00:52.406Z,
    docinhosCoco: 67,
    __v: 0
  },
  {
    _id: new ObjectId('67d674850b7b3d7c35644781'),
    id: '6530be75-f82e-4ca3-8f0d-6eb8f64c9154',
    vendedorId: '0b20e45c-9eb6-49e1-93c4-2f3e6d966226',
    data: 2025-02-20T11:01:42.007Z,
    docinhosCoco: 71,
    __v: 0
  },
  {
    _id: new ObjectId('67d674860b7b3d7c35644799'),
    id: '13507cb0-1f11-43ad-9681-a5ea4f781bfc',
    vendedorId: '0b20e45c-9eb6-49e1-93c4-2f3e6d966226',
    data: 2025-02-21T15:29:45.470Z,
    docinhosCoco: 48,
    __v: 0
  },
  {
    _id: new ObjectId('67d674860b7b3d7c3564479f'),
    id: 'abcb1e1d-7228-41d2-b4c9-6652389d8378',
    vendedorId: '0b20e45c-9eb6-49e1-93c4-2f3e6d966226',
    data: 2025-02-22T04:52:24.775Z,
    docinhosCoco: 97,
    __v: 0
  },
  {
    _id: new ObjectId('67d674880b7b3d7c356447bd'),
    id: '241248a8-295f-4529-8561-8ab81cbce4a6',
    vendedorId: '0b20e45c-9eb6-49e1-93c4-2f3e6d966226',
    data: 2025-02-23T10:21:17.447Z,
    docinhosCoco: 54,
    __v: 0
  },
  {
    _id: new ObjectId('67d674880b7b3d7c356447bf'),
    id: 'b3983ffb-dc94-4ac0-a502-36e5f9e9571f',
    vendedorId: '0b20e45c-9eb6-49e1-93c4-2f3e6d966226',
    data: 2025-02-23T11:23:19.393Z,
    docinhosCoco: 50,
    __v: 0
  },
  {
    _id: new ObjectId('67d6748b0b7b3d7c356447f3'),
    id: 'b4d07725-0850-4312-ba74-93010fce6970',
    vendedorId: '0b20e45c-9eb6-49e1-93c4-2f3e6d966226',
    data: 2025-02-25T14:44:37.426Z,
    docinhosCoco: 77,
    __v: 0
  },
  {
    _id: new ObjectId('67d6748f0b7b3d7c35644843'),
    id: '0971dab5-4de8-4cd8-8bd3-0c5e4cfbd96f',
    vendedorId: '0b20e45c-9eb6-49e1-93c4-2f3e6d966226',
    data: 2025-02-28T05:26:56.060Z,
    docinhosCoco: 65,
    __v: 0
  },
  {
    _id: new ObjectId('67d6748f0b7b3d7c35644847'),
    id: '0698c568-660e-49ea-b032-136f8f9887f2',
    vendedorId: '0b20e45c-9eb6-49e1-93c4-2f3e6d966226',
    data: 2025-02-28T08:11:16.013Z,
    docinhosCoco: 48,
    __v: 0
  },
  {
    _id: new ObjectId('67d674930b7b3d7c3564488d'),
    id: '1d89e2ce-54b6-4eab-8e12-36b2aceccc1b',
    vendedorId: '0b20e45c-9eb6-49e1-93c4-2f3e6d966226',
    data: 2025-03-02T22:51:51.909Z,
    docinhosCoco: 39,
    __v: 0
  },
  {
    _id: new ObjectId('67d674990b7b3d7c35644913'),
    id: '2a2dbfdf-215f-49a5-8e7f-b5a14000798f',
    vendedorId: '0b20e45c-9eb6-49e1-93c4-2f3e6d966226',
    data: 2025-03-07T08:43:28.026Z,
    docinhosCoco: 31,
    __v: 0
  },
  {
    _id: new ObjectId('67d6749a0b7b3d7c35644919'),
    id: 'cecfc838-391d-4a9e-9d6a-a744f2d2c7da',
    vendedorId: '0b20e45c-9eb6-49e1-93c4-2f3e6d966226',
    data: 2025-03-07T12:52:43.184Z,
    docinhosCoco: 50,
    __v: 0
  },
  {
    _id: new ObjectId('67d6749f0b7b3d7c35644983'),
    id: '79eb018e-408b-4dd0-96f4-5afd433e31a6',
    vendedorId: '0b20e45c-9eb6-49e1-93c4-2f3e6d966226',
    data: 2025-03-11T00:46:02.022Z,
    docinhosCoco: 53,
    __v: 0
  },
  {
    _id: new ObjectId('67d674a00b7b3d7c3564498d'),
    id: '4d912fc0-d46d-43bf-88a6-3b24832f612a',
    vendedorId: '0b20e45c-9eb6-49e1-93c4-2f3e6d966226',
    data: 2025-03-11T06:05:02.024Z,
    docinhosCoco: 37,
    __v: 0
  },
  ... 5 more items
]
✅ Processado vendedor: Adriano Meireles
Debug - Repository - Query params: {
  vendedorId: 'd88c6130-6b61-47e1-a695-3c58829b920f',
  dataInicio: 2024-09-17T03:00:00.000Z,
  dataFim: 2025-03-18T02:59:59.999Z
}
Debug - Repository - MongoDB query: {
  vendedorId: 'd88c6130-6b61-47e1-a695-3c58829b920f',
  data: { '$gte': 1726542000000, '$lte': 1742266799999 }
}
Debug - Repository - Resultado encontrado: [
  {
    _id: new ObjectId('67c9968e90c4d048db4a8fa6'),
    id: 'b5a1d51d-ef5e-493d-9733-a8a3a1420188',
    vendedorId: 'd88c6130-6b61-47e1-a695-3c58829b920f',
    data: 2025-01-29T00:00:00.000Z,
    docinhosCoco: 1835,
    __v: 0
  },
  {
    _id: new ObjectId('67c996a390c4d048db4a8fd2'),
    id: '0451b7f8-15de-4b95-a2be-f9aecaab9bdd',
    vendedorId: 'd88c6130-6b61-47e1-a695-3c58829b920f',
    data: 2025-01-21T00:00:00.000Z,
    docinhosCoco: 1688,
    __v: 0
  },
  {
    _id: new ObjectId('67c996bd90c4d048db4a9012'),
    id: '593de9e7-e126-43ad-a211-31d944a0d66b',
    vendedorId: 'd88c6130-6b61-47e1-a695-3c58829b920f',
    data: 2025-01-23T00:00:00.000Z,
    docinhosCoco: 1083,
    __v: 0
  },
  {
    _id: new ObjectId('67c997e590c4d048db4a9055'),
    id: 'fe56e97e-07be-4516-b8ec-ab768c91e6b9',
    vendedorId: 'd88c6130-6b61-47e1-a695-3c58829b920f',
    data: 2025-02-06T00:00:00.000Z,
    docinhosCoco: 618,
    __v: 0
  },
  {
    _id: new ObjectId('67c9980590c4d048db4a909b'),
    id: '8801b2c5-eec5-46bc-b901-8d9893a50018',
    vendedorId: 'd88c6130-6b61-47e1-a695-3c58829b920f',
    data: 2025-02-12T00:00:00.000Z,
    docinhosCoco: 1248,
    __v: 0
  },
  {
    _id: new ObjectId('67d6738d0b7b3d7c35643497'),
    id: 'd809ce80-42d3-4f0b-9aed-18c070049f30',
    vendedorId: 'd88c6130-6b61-47e1-a695-3c58829b920f',
    data: 2024-09-17T15:32:04.569Z,
    docinhosCoco: 54,
    __v: 0
  },
  {
    _id: new ObjectId('67d6738f0b7b3d7c356434b5'),
    id: '79e7cedd-355e-484c-b1f3-8c87745569d7',
    vendedorId: 'd88c6130-6b61-47e1-a695-3c58829b920f',
    data: 2024-09-18T10:14:38.058Z,
    docinhosCoco: 59,
    __v: 0
  },
  {
    _id: new ObjectId('67d673930b7b3d7c35643503'),
    id: 'b40ce25b-a9cc-4f71-8432-dd293bd9ae5d',
    vendedorId: 'd88c6130-6b61-47e1-a695-3c58829b920f',
    data: 2024-09-21T07:29:14.140Z,
    docinhosCoco: 71,
    __v: 0
  },
  {
    _id: new ObjectId('67d673940b7b3d7c3564351f'),
    id: '6882a956-11b9-4451-bd41-f044bbb542b6',
    vendedorId: 'd88c6130-6b61-47e1-a695-3c58829b920f',
    data: 2024-09-22T11:30:48.115Z,
    docinhosCoco: 91,
    __v: 0
  },
  {
    _id: new ObjectId('67d673950b7b3d7c35643531'),
    id: '9254f052-3e76-4c97-bcc3-4c5b28d5f4ee',
    vendedorId: 'd88c6130-6b61-47e1-a695-3c58829b920f',
    data: 2024-09-22T20:06:15.605Z,
    docinhosCoco: 88,
    __v: 0
  },
  {
    _id: new ObjectId('67d673990b7b3d7c3564357b'),
    id: '31ba60e3-52ba-4768-8908-8b36184b63aa',
    vendedorId: 'd88c6130-6b61-47e1-a695-3c58829b920f',
    data: 2024-09-24T15:45:57.786Z,
    docinhosCoco: 39,
    __v: 0
  },
  {
    _id: new ObjectId('67d673990b7b3d7c35643583'),
    id: '43e83e9c-f46d-4bb8-a3a1-476c0fa044c7',
    vendedorId: 'd88c6130-6b61-47e1-a695-3c58829b920f',
    data: 2024-09-24T21:19:06.029Z,
    docinhosCoco: 70,
    __v: 0
  },
  {
    _id: new ObjectId('67d6739c0b7b3d7c356435b9'),
    id: 'f87271fe-36b3-4de5-9cbf-b6511bc3a129',
    vendedorId: 'd88c6130-6b61-47e1-a695-3c58829b920f',
    data: 2024-09-26T18:06:52.297Z,
    docinhosCoco: 55,
    __v: 0
  },
  {
    _id: new ObjectId('67d6739c0b7b3d7c356435bf'),
    id: '2beb9e21-5907-417c-8200-7726ffff4d92',
    vendedorId: 'd88c6130-6b61-47e1-a695-3c58829b920f',
    data: 2024-09-27T03:17:25.598Z,
    docinhosCoco: 75,
    __v: 0
  },
  {
    _id: new ObjectId('67d673a10b7b3d7c35643623'),
    id: 'e5918c06-4433-4081-ac50-7b39a21eabfe',
    vendedorId: 'd88c6130-6b61-47e1-a695-3c58829b920f',
    data: 2024-10-01T05:26:11.524Z,
    docinhosCoco: 38,
    __v: 0
  },
  {
    _id: new ObjectId('67d673a20b7b3d7c35643627'),
    id: '2a49cf2e-9362-4a1a-9881-1051a421a98d',
    vendedorId: 'd88c6130-6b61-47e1-a695-3c58829b920f',
    data: 2024-10-01T05:48:07.745Z,
    docinhosCoco: 37,
    __v: 0
  },
  {
    _id: new ObjectId('67d673a80b7b3d7c356436a1'),
    id: '53d6f0aa-3d9d-47b8-8a93-2373390c7a05',
    vendedorId: 'd88c6130-6b61-47e1-a695-3c58829b920f',
    data: 2024-10-05T21:30:20.071Z,
    docinhosCoco: 85,
    __v: 0
  },
  {
    _id: new ObjectId('67d673ac0b7b3d7c356436f5'),
    id: '4de39e81-4f22-41d3-9111-fc111fd1dee8',
    vendedorId: 'd88c6130-6b61-47e1-a695-3c58829b920f',
    data: 2024-10-08T13:44:35.469Z,
    docinhosCoco: 41,
    __v: 0
  },
  {
    _id: new ObjectId('67d673ad0b7b3d7c35643705'),
    id: '38bb8860-1690-43ee-9ee8-3c502307cb7e',
    vendedorId: 'd88c6130-6b61-47e1-a695-3c58829b920f',
    data: 2024-10-09T07:12:47.289Z,
    docinhosCoco: 77,
    __v: 0
  },
  {
    _id: new ObjectId('67d673b20b7b3d7c35643761'),
    id: 'a56977a5-b3b3-482b-85b2-e49aec9a2db5',
    vendedorId: 'd88c6130-6b61-47e1-a695-3c58829b920f',
    data: 2024-10-12T00:36:12.941Z,
    docinhosCoco: 41,
    __v: 0
  },
  {
    _id: new ObjectId('67d673b30b7b3d7c35643781'),
    id: '8ff5feb1-56f3-4124-9666-6e985485826b',
    vendedorId: 'd88c6130-6b61-47e1-a695-3c58829b920f',
    data: 2024-10-13T03:19:48.182Z,
    docinhosCoco: 54,
    __v: 0
  },
  {
    _id: new ObjectId('67d673b60b7b3d7c356437b7'),
    id: 'dee142a4-5b96-4d77-bd45-e88f54c52d0b',
    vendedorId: 'd88c6130-6b61-47e1-a695-3c58829b920f',
    data: 2024-10-15T07:32:11.917Z,
    docinhosCoco: 59,
    __v: 0
  },
  {
    _id: new ObjectId('67d673ba0b7b3d7c356437fb'),
    id: '8bbb495b-2f98-4065-8075-df0d9ae08174',
    vendedorId: 'd88c6130-6b61-47e1-a695-3c58829b920f',
    data: 2024-10-17T16:07:17.994Z,
    docinhosCoco: 67,
    __v: 0
  },
  {
    _id: new ObjectId('67d673ba0b7b3d7c35643809'),
    id: 'c94773e8-69e2-4881-b8a2-01eea4958b18',
    vendedorId: 'd88c6130-6b61-47e1-a695-3c58829b920f',
    data: 2024-10-17T23:03:05.297Z,
    docinhosCoco: 73,
    __v: 0
  },
  {
    _id: new ObjectId('67d673c00b7b3d7c35643875'),
    id: 'dac9c8cb-4bc5-4570-80bf-9c1570a9643b',
    vendedorId: 'd88c6130-6b61-47e1-a695-3c58829b920f',
    data: 2024-10-21T06:35:43.198Z,
    docinhosCoco: 66,
    __v: 0
  },
  {
    _id: new ObjectId('67d673c00b7b3d7c3564387f'),
    id: 'f208404f-d8b1-464e-a38a-ee318d0f0c00',
    vendedorId: 'd88c6130-6b61-47e1-a695-3c58829b920f',
    data: 2024-10-21T15:45:09.548Z,
    docinhosCoco: 61,
    __v: 0
  },
  {
    _id: new ObjectId('67d673c20b7b3d7c356438a3'),
    id: 'd1601f6d-2a76-427a-af2f-d6dd1cdab3a0',
    vendedorId: 'd88c6130-6b61-47e1-a695-3c58829b920f',
    data: 2024-10-22T21:06:18.171Z,
    docinhosCoco: 30,
    __v: 0
  },
  {
    _id: new ObjectId('67d673ca0b7b3d7c35643939'),
    id: 'c2371ee4-2660-4d68-8816-fe331b36c8c1',
    vendedorId: 'd88c6130-6b61-47e1-a695-3c58829b920f',
    data: 2024-10-27T16:40:14.286Z,
    docinhosCoco: 42,
    __v: 0
  },
  {
    _id: new ObjectId('67d673ca0b7b3d7c3564393d'),
    id: '0a5b2124-f0bf-4b62-a4c9-2f386b5887cf',
    vendedorId: 'd88c6130-6b61-47e1-a695-3c58829b920f',
    data: 2024-10-27T20:14:58.719Z,
    docinhosCoco: 52,
    __v: 0
  },
  {
    _id: new ObjectId('67d673cb0b7b3d7c35643947'),
    id: '2ea651d3-efe1-4c8f-899c-0c0847c7e2e5',
    vendedorId: 'd88c6130-6b61-47e1-a695-3c58829b920f',
    data: 2024-10-28T06:15:49.918Z,
    docinhosCoco: 53,
    __v: 0
  },
  {
    _id: new ObjectId('67d673cb0b7b3d7c3564394b'),
    id: 'a89808fb-6b86-4469-9a30-264ff877fba9',
    vendedorId: 'd88c6130-6b61-47e1-a695-3c58829b920f',
    data: 2024-10-28T09:25:55.534Z,
    docinhosCoco: 66,
    __v: 0
  },
  {
    _id: new ObjectId('67d673cd0b7b3d7c35643973'),
    id: 'a4d00f03-68f3-4239-8e72-28cfeaacb097',
    vendedorId: 'd88c6130-6b61-47e1-a695-3c58829b920f',
    data: 2024-10-30T04:46:22.077Z,
    docinhosCoco: 55,
    __v: 0
  },
  {
    _id: new ObjectId('67d673ce0b7b3d7c3564398b'),
    id: 'c8c9d30e-59c9-4e5e-8130-5ac18e6a21ff',
    vendedorId: 'd88c6130-6b61-47e1-a695-3c58829b920f',
    data: 2024-10-31T02:13:24.755Z,
    docinhosCoco: 76,
    __v: 0
  },
  {
    _id: new ObjectId('67d673d10b7b3d7c356439c3'),
    id: '4d251588-3b7e-4b89-8edd-aca6363190cc',
    vendedorId: 'd88c6130-6b61-47e1-a695-3c58829b920f',
    data: 2024-11-01T22:03:59.014Z,
    docinhosCoco: 32,
    __v: 0
  },
  {
    _id: new ObjectId('67d673d50b7b3d7c35643a13'),
    id: '99e6bf92-5aff-4285-86ce-539278e1c2da',
    vendedorId: 'd88c6130-6b61-47e1-a695-3c58829b920f',
    data: 2024-11-04T09:08:38.648Z,
    docinhosCoco: 73,
    __v: 0
  },
  {
    _id: new ObjectId('67d673d50b7b3d7c35643a15'),
    id: '36a6d195-1623-4769-8139-b3c5f2a95e83',
    vendedorId: 'd88c6130-6b61-47e1-a695-3c58829b920f',
    data: 2024-11-04T09:13:30.092Z,
    docinhosCoco: 76,
    __v: 0
  },
  {
    _id: new ObjectId('67d673d50b7b3d7c35643a1d'),
    id: 'a891fc74-49b3-4627-8028-fcc36faf6d9b',
    vendedorId: 'd88c6130-6b61-47e1-a695-3c58829b920f',
    data: 2024-11-04T15:02:45.634Z,
    docinhosCoco: 65,
    __v: 0
  },
  {
    _id: new ObjectId('67d673d60b7b3d7c35643a29'),
    id: '55d6c9b8-00f6-4e56-90ce-9d2817942008',
    vendedorId: 'd88c6130-6b61-47e1-a695-3c58829b920f',
    data: 2024-11-04T22:28:09.821Z,
    docinhosCoco: 45,
    __v: 0
  },
  {
    _id: new ObjectId('67d673d80b7b3d7c35643a4f'),
    id: '739107f7-cb27-426b-bd59-90110dab65c1',
    vendedorId: 'd88c6130-6b61-47e1-a695-3c58829b920f',
    data: 2024-11-05T17:24:23.623Z,
    docinhosCoco: 65,
    __v: 0
  },
  {
    _id: new ObjectId('67d673dc0b7b3d7c35643aa1'),
    id: '5d636890-6911-408a-b5da-8bcb0532a94a',
    vendedorId: 'd88c6130-6b61-47e1-a695-3c58829b920f',
    data: 2024-11-07T14:42:42.125Z,
    docinhosCoco: 50,
    __v: 0
  },
  {
    _id: new ObjectId('67d673dc0b7b3d7c35643aa5'),
    id: '1742bc0a-8b4d-45ca-b60d-d5fd35da6eef',
    vendedorId: 'd88c6130-6b61-47e1-a695-3c58829b920f',
    data: 2024-11-07T19:05:05.825Z,
    docinhosCoco: 75,
    __v: 0
  },
  {
    _id: new ObjectId('67d673de0b7b3d7c35643ac3'),
    id: '7509ba52-e2cc-4d10-b441-a3210ec3d210',
    vendedorId: 'd88c6130-6b61-47e1-a695-3c58829b920f',
    data: 2024-11-09T00:42:41.363Z,
    docinhosCoco: 59,
    __v: 0
  },
  {
    _id: new ObjectId('67d673e00b7b3d7c35643aed'),
    id: '5dd55f05-cbd2-4ba7-88c1-c6899ea1c949',
    vendedorId: 'd88c6130-6b61-47e1-a695-3c58829b920f',
    data: 2024-11-10T06:04:45.831Z,
    docinhosCoco: 65,
    __v: 0
  },
  {
    _id: new ObjectId('67d673e40b7b3d7c35643b41'),
    id: '660bd166-16f5-4617-8ff4-06974a75c139',
    vendedorId: 'd88c6130-6b61-47e1-a695-3c58829b920f',
    data: 2024-11-12T23:17:53.857Z,
    docinhosCoco: 73,
    __v: 0
  },
  {
    _id: new ObjectId('67d673e50b7b3d7c35643b53'),
    id: '7fc8b70c-d4dd-4bb7-8e29-95e1e36ea47c',
    vendedorId: 'd88c6130-6b61-47e1-a695-3c58829b920f',
    data: 2024-11-13T15:24:59.798Z,
    docinhosCoco: 72,
    __v: 0
  },
  {
    _id: new ObjectId('67d673e70b7b3d7c35643b7b'),
    id: '1e773254-1014-4ba3-a390-399db705a98f',
    vendedorId: 'd88c6130-6b61-47e1-a695-3c58829b920f',
    data: 2024-11-14T23:43:33.120Z,
    docinhosCoco: 67,
    __v: 0
  },
  {
    _id: new ObjectId('67d673ea0b7b3d7c35643ba9'),
    id: '8cd144db-045e-45f2-8c0b-8abd0f8a356e',
    vendedorId: 'd88c6130-6b61-47e1-a695-3c58829b920f',
    data: 2024-11-16T04:32:20.713Z,
    docinhosCoco: 100,
    __v: 0
  },
  {
    _id: new ObjectId('67d673eb0b7b3d7c35643bc7'),
    id: '8b0c8c7b-a473-4ae8-aeb8-404fa36aa9e6',
    vendedorId: 'd88c6130-6b61-47e1-a695-3c58829b920f',
    data: 2024-11-17T02:30:44.393Z,
    docinhosCoco: 41,
    __v: 0
  },
  {
    _id: new ObjectId('67d673ee0b7b3d7c35643bfb'),
    id: 'e4271000-001b-4b6b-b030-9401acc53cb7',
    vendedorId: 'd88c6130-6b61-47e1-a695-3c58829b920f',
    data: 2024-11-18T19:04:34.523Z,
    docinhosCoco: 78,
    __v: 0
  },
  {
    _id: new ObjectId('67d673f10b7b3d7c35643c3b'),
    id: '696a57b3-b032-4179-9ed0-a399bfe8c8a7',
    vendedorId: 'd88c6130-6b61-47e1-a695-3c58829b920f',
    data: 2024-11-21T02:34:50.684Z,
    docinhosCoco: 62,
    __v: 0
  },
  {
    _id: new ObjectId('67d673f50b7b3d7c35643c85'),
    id: '35635c66-bc73-42a4-b451-8b08373bb28f',
    vendedorId: 'd88c6130-6b61-47e1-a695-3c58829b920f',
    data: 2024-11-23T00:54:13.743Z,
    docinhosCoco: 44,
    __v: 0
  },
  {
    _id: new ObjectId('67d673fb0b7b3d7c35643cfd'),
    id: '817ba4be-30bb-4219-a90e-7c672857fb83',
    vendedorId: 'd88c6130-6b61-47e1-a695-3c58829b920f',
    data: 2024-11-26T16:40:31.850Z,
    docinhosCoco: 35,
    __v: 0
  },
  {
    _id: new ObjectId('67d674050b7b3d7c35643dcb'),
    id: '7b2131eb-d7bf-4524-9d03-e6073e25be97',
    vendedorId: 'd88c6130-6b61-47e1-a695-3c58829b920f',
    data: 2024-12-02T22:41:47.426Z,
    docinhosCoco: 48,
    __v: 0
  },
  {
    _id: new ObjectId('67d674060b7b3d7c35643ddd'),
    id: 'fe85b01c-d3d0-4a79-9d58-30ca191e9d84',
    vendedorId: 'd88c6130-6b61-47e1-a695-3c58829b920f',
    data: 2024-12-03T12:19:37.152Z,
    docinhosCoco: 37,
    __v: 0
  },
  {
    _id: new ObjectId('67d674070b7b3d7c35643def'),
    id: '10031190-d81a-488b-ba12-0d4e23eab3c7',
    vendedorId: 'd88c6130-6b61-47e1-a695-3c58829b920f',
    data: 2024-12-04T09:58:32.978Z,
    docinhosCoco: 51,
    __v: 0
  },
  {
    _id: new ObjectId('67d6740a0b7b3d7c35643e1b'),
    id: '44f1b811-91c7-4e4e-899c-909ed5fe983f',
    vendedorId: 'd88c6130-6b61-47e1-a695-3c58829b920f',
    data: 2024-12-05T15:41:15.086Z,
    docinhosCoco: 87,
    __v: 0
  },
  {
    _id: new ObjectId('67d6740b0b7b3d7c35643e3f'),
    id: 'b43a9a63-9984-468f-866b-bcd5e9bf109d',
    vendedorId: 'd88c6130-6b61-47e1-a695-3c58829b920f',
    data: 2024-12-07T04:59:32.805Z,
    docinhosCoco: 100,
    __v: 0
  },
  {
    _id: new ObjectId('67d6740c0b7b3d7c35643e4b'),
    id: 'cb75bb29-bfc9-478d-8c28-74a06defbca9',
    vendedorId: 'd88c6130-6b61-47e1-a695-3c58829b920f',
    data: 2024-12-07T09:11:47.545Z,
    docinhosCoco: 62,
    __v: 0
  },
  {
    _id: new ObjectId('67d674120b7b3d7c35643ebb'),
    id: 'eca528ec-f214-42a1-b2ad-2facab4eca14',
    vendedorId: 'd88c6130-6b61-47e1-a695-3c58829b920f',
    data: 2024-12-10T20:41:53.242Z,
    docinhosCoco: 49,
    __v: 0
  },
  {
    _id: new ObjectId('67d674120b7b3d7c35643ec9'),
    id: '761454ce-c5e2-4388-9e8e-d37961e243c1',
    vendedorId: 'd88c6130-6b61-47e1-a695-3c58829b920f',
    data: 2024-12-11T08:52:10.607Z,
    docinhosCoco: 85,
    __v: 0
  },
  {
    _id: new ObjectId('67d674130b7b3d7c35643ed9'),
    id: '291c8e94-ae44-4e20-8bda-02a92d6be69d',
    vendedorId: 'd88c6130-6b61-47e1-a695-3c58829b920f',
    data: 2024-12-11T23:54:37.943Z,
    docinhosCoco: 75,
    __v: 0
  },
  {
    _id: new ObjectId('67d674130b7b3d7c35643edb'),
    id: '3a65caea-a2b6-4ebb-8cba-631f80f554fa',
    vendedorId: 'd88c6130-6b61-47e1-a695-3c58829b920f',
    data: 2024-12-12T03:44:00.041Z,
    docinhosCoco: 94,
    __v: 0
  },
  {
    _id: new ObjectId('67d674180b7b3d7c35643f37'),
    id: '9877502a-adfe-4c7f-b8f6-7fa11df25cef',
    vendedorId: 'd88c6130-6b61-47e1-a695-3c58829b920f',
    data: 2024-12-14T18:10:15.288Z,
    docinhosCoco: 50,
    __v: 0
  },
  {
    _id: new ObjectId('67d674190b7b3d7c35643f4f'),
    id: '7360121a-b2be-492e-9ed9-f663b34961cb',
    vendedorId: 'd88c6130-6b61-47e1-a695-3c58829b920f',
    data: 2024-12-15T15:39:01.909Z,
    docinhosCoco: 71,
    __v: 0
  },
  {
    _id: new ObjectId('67d6741f0b7b3d7c35643fc7'),
    id: 'ac83bed8-c73b-484a-a680-45a41b9ea916',
    vendedorId: 'd88c6130-6b61-47e1-a695-3c58829b920f',
    data: 2024-12-19T19:06:17.506Z,
    docinhosCoco: 93,
    __v: 0
  },
  {
    _id: new ObjectId('67d674210b7b3d7c35643feb'),
    id: '35109355-390f-4f3a-a3c1-9e28fe29fe15',
    vendedorId: 'd88c6130-6b61-47e1-a695-3c58829b920f',
    data: 2024-12-20T19:32:58.982Z,
    docinhosCoco: 79,
    __v: 0
  },
  {
    _id: new ObjectId('67d674240b7b3d7c3564401b'),
    id: '37bf85c8-616e-4b57-813e-99843e40fd9b',
    vendedorId: 'd88c6130-6b61-47e1-a695-3c58829b920f',
    data: 2024-12-22T12:25:17.702Z,
    docinhosCoco: 116,
    __v: 0
  },
  {
    _id: new ObjectId('67d674260b7b3d7c35644043'),
    id: '2f5a34ee-2e99-40f4-b1fa-257278dea0e8',
    vendedorId: 'd88c6130-6b61-47e1-a695-3c58829b920f',
    data: 2024-12-23T17:22:56.767Z,
    docinhosCoco: 49,
    __v: 0
  },
  {
    _id: new ObjectId('67d674260b7b3d7c35644053'),
    id: 'be525722-bcae-430a-8317-d3f02d2268d0',
    vendedorId: 'd88c6130-6b61-47e1-a695-3c58829b920f',
    data: 2024-12-24T02:03:11.718Z,
    docinhosCoco: 91,
    __v: 0
  },
  {
    _id: new ObjectId('67d674290b7b3d7c35644083'),
    id: '0fd5f1bc-4cfc-4049-bc4c-517cd0c94580',
    vendedorId: 'd88c6130-6b61-47e1-a695-3c58829b920f',
    data: 2024-12-25T05:46:51.522Z,
    docinhosCoco: 69,
    __v: 0
  },
  {
    _id: new ObjectId('67d674290b7b3d7c35644085'),
    id: 'fa77c7d9-d5bd-41d2-a5a0-253b0c9e3e37',
    vendedorId: 'd88c6130-6b61-47e1-a695-3c58829b920f',
    data: 2024-12-25T07:41:59.374Z,
    docinhosCoco: 73,
    __v: 0
  },
  {
    _id: new ObjectId('67d674320b7b3d7c35644141'),
    id: '6090bb40-1093-4d8a-b8bc-1050f6e03265',
    vendedorId: 'd88c6130-6b61-47e1-a695-3c58829b920f',
    data: 2024-12-31T03:05:40.884Z,
    docinhosCoco: 57,
    __v: 0
  },
  {
    _id: new ObjectId('67d674330b7b3d7c3564414b'),
    id: '8dd1be52-65fa-472a-ba89-0189d39caa60',
    vendedorId: 'd88c6130-6b61-47e1-a695-3c58829b920f',
    data: 2024-12-31T11:06:26.739Z,
    docinhosCoco: 94,
    __v: 0
  },
  {
    _id: new ObjectId('67d674360b7b3d7c3564418b'),
    id: '06de3591-f3f4-4519-91c5-71ec9fb766e1',
    vendedorId: 'd88c6130-6b61-47e1-a695-3c58829b920f',
    data: 2025-01-02T11:01:50.921Z,
    docinhosCoco: 52,
    __v: 0
  },
  {
    _id: new ObjectId('67d6743b0b7b3d7c356441e9'),
    id: '8452a62e-04fe-4045-9237-cb246f573493',
    vendedorId: 'd88c6130-6b61-47e1-a695-3c58829b920f',
    data: 2025-01-05T13:51:16.822Z,
    docinhosCoco: 75,
    __v: 0
  },
  {
    _id: new ObjectId('67d6743c0b7b3d7c35644203'),
    id: 'b2814354-a849-429e-9b11-8abf1a37434e',
    vendedorId: 'd88c6130-6b61-47e1-a695-3c58829b920f',
    data: 2025-01-07T02:26:02.182Z,
    docinhosCoco: 36,
    __v: 0
  },
  {
    _id: new ObjectId('67d6743e0b7b3d7c3564422f'),
    id: '1f99dce2-1600-46bf-be5b-015c5d28a8e2',
    vendedorId: 'd88c6130-6b61-47e1-a695-3c58829b920f',
    data: 2025-01-08T05:39:58.319Z,
    docinhosCoco: 53,
    __v: 0
  },
  {
    _id: new ObjectId('67d674400b7b3d7c3564424b'),
    id: 'e591da33-fbe4-4d55-8a30-06a20881bcf9',
    vendedorId: 'd88c6130-6b61-47e1-a695-3c58829b920f',
    data: 2025-01-09T02:24:29.140Z,
    docinhosCoco: 39,
    __v: 0
  },
  {
    _id: new ObjectId('67d674400b7b3d7c35644257'),
    id: 'ea714e33-99a0-40d4-be3e-d5224c787f30',
    vendedorId: 'd88c6130-6b61-47e1-a695-3c58829b920f',
    data: 2025-01-09T10:13:31.114Z,
    docinhosCoco: 35,
    __v: 0
  },
  {
    _id: new ObjectId('67d674470b7b3d7c356442cf'),
    id: 'e9ffb730-06dc-4f8e-a7f7-bf7c72433768',
    vendedorId: 'd88c6130-6b61-47e1-a695-3c58829b920f',
    data: 2025-01-13T17:19:25.995Z,
    docinhosCoco: 32,
    __v: 0
  },
  {
    _id: new ObjectId('67d674480b7b3d7c356442f5'),
    id: '2d2acb7f-347f-4ceb-a02d-10fcc8348eab',
    vendedorId: 'd88c6130-6b61-47e1-a695-3c58829b920f',
    data: 2025-01-15T03:40:02.418Z,
    docinhosCoco: 44,
    __v: 0
  },
  {
    _id: new ObjectId('67d6744b0b7b3d7c35644329'),
    id: 'b886edc9-29d8-427f-926c-c8e5469e3665',
    vendedorId: 'd88c6130-6b61-47e1-a695-3c58829b920f',
    data: 2025-01-16T19:43:33.796Z,
    docinhosCoco: 38,
    __v: 0
  },
  {
    _id: new ObjectId('67d6744b0b7b3d7c3564432f'),
    id: '0a1287da-2b8c-40c4-8b57-5d8f85370d42',
    vendedorId: 'd88c6130-6b61-47e1-a695-3c58829b920f',
    data: 2025-01-17T03:10:05.529Z,
    docinhosCoco: 56,
    __v: 0
  },
  {
    _id: new ObjectId('67d6744c0b7b3d7c3564433f'),
    id: '622f8604-3777-4428-a2bc-ab17a322ca04',
    vendedorId: 'd88c6130-6b61-47e1-a695-3c58829b920f',
    data: 2025-01-17T16:16:10.939Z,
    docinhosCoco: 47,
    __v: 0
  },
  {
    _id: new ObjectId('67d6744c0b7b3d7c35644341'),
    id: '26dada77-112c-4877-9fac-2414e09e9587',
    vendedorId: 'd88c6130-6b61-47e1-a695-3c58829b920f',
    data: 2025-01-17T18:05:06.224Z,
    docinhosCoco: 77,
    __v: 0
  },
  {
    _id: new ObjectId('67d674500b7b3d7c35644387'),
    id: '958f4354-a587-48af-b8ba-1c75a4e8a4d7',
    vendedorId: 'd88c6130-6b61-47e1-a695-3c58829b920f',
    data: 2025-01-19T14:43:37.230Z,
    docinhosCoco: 101,
    __v: 0
  },
  {
    _id: new ObjectId('67d674520b7b3d7c356443b9'),
    id: '6bfe6d04-bf2e-4df3-98b7-4fdb7ca45392',
    vendedorId: 'd88c6130-6b61-47e1-a695-3c58829b920f',
    data: 2025-01-21T07:48:46.667Z,
    docinhosCoco: 56,
    __v: 0
  },
  {
    _id: new ObjectId('67d674580b7b3d7c3564442d'),
    id: 'cf4fbfff-efb9-4cfa-b5ea-ebe68d573fbd',
    vendedorId: 'd88c6130-6b61-47e1-a695-3c58829b920f',
    data: 2025-01-25T14:23:40.366Z,
    docinhosCoco: 67,
    __v: 0
  },
  {
    _id: new ObjectId('67d674580b7b3d7c3564442f'),
    id: '10b1d1f8-2575-4888-b217-37288767072e',
    vendedorId: 'd88c6130-6b61-47e1-a695-3c58829b920f',
    data: 2025-01-25T16:15:56.985Z,
    docinhosCoco: 57,
    __v: 0
  },
  {
    _id: new ObjectId('67d6745a0b7b3d7c35644445'),
    id: '1dbf0440-e01d-4a52-a86c-543a34f5b201',
    vendedorId: 'd88c6130-6b61-47e1-a695-3c58829b920f',
    data: 2025-01-26T12:05:24.008Z,
    docinhosCoco: 104,
    __v: 0
  },
  {
    _id: new ObjectId('67d6745e0b7b3d7c35644493'),
    id: 'cfc7943d-cd31-4a61-a535-5d1878936ab8',
    vendedorId: 'd88c6130-6b61-47e1-a695-3c58829b920f',
    data: 2025-01-28T11:38:21.427Z,
    docinhosCoco: 35,
    __v: 0
  },
  {
    _id: new ObjectId('67d674610b7b3d7c356444d9'),
    id: '97d125c7-e806-4008-86c3-76c4c2b4992f',
    vendedorId: 'd88c6130-6b61-47e1-a695-3c58829b920f',
    data: 2025-01-31T02:39:46.692Z,
    docinhosCoco: 67,
    __v: 0
  },
  {
    _id: new ObjectId('67d674630b7b3d7c356444f1'),
    id: 'dd9f8854-31ee-4372-be74-4b954d287cd3',
    vendedorId: 'd88c6130-6b61-47e1-a695-3c58829b920f',
    data: 2025-01-31T20:55:12.801Z,
    docinhosCoco: 77,
    __v: 0
  },
  {
    _id: new ObjectId('67d674670b7b3d7c35644535'),
    id: '29d72458-a62b-4bdf-8910-49eecf25348f',
    vendedorId: 'd88c6130-6b61-47e1-a695-3c58829b920f',
    data: 2025-02-02T19:38:17.519Z,
    docinhosCoco: 48,
    __v: 0
  },
  {
    _id: new ObjectId('67d674680b7b3d7c3564454d'),
    id: '8b400a17-88f4-4829-9622-5c01c0344538',
    vendedorId: 'd88c6130-6b61-47e1-a695-3c58829b920f',
    data: 2025-02-03T08:23:27.480Z,
    docinhosCoco: 38,
    __v: 0
  },
  {
    _id: new ObjectId('67d6746a0b7b3d7c35644571'),
    id: '1dd0d7bb-3d44-4b40-96ba-ee3c1bda2e79',
    vendedorId: 'd88c6130-6b61-47e1-a695-3c58829b920f',
    data: 2025-02-04T22:46:39.833Z,
    docinhosCoco: 52,
    __v: 0
  },
  {
    _id: new ObjectId('67d6746c0b7b3d7c35644597'),
    id: '1da86588-5c8b-48c5-b5c6-e021d4e6c34f',
    vendedorId: 'd88c6130-6b61-47e1-a695-3c58829b920f',
    data: 2025-02-05T23:51:47.325Z,
    docinhosCoco: 67,
    __v: 0
  },
  {
    _id: new ObjectId('67d6746c0b7b3d7c356445a1'),
    id: '927e6247-b859-4d25-9d68-21fbe43aab19',
    vendedorId: 'd88c6130-6b61-47e1-a695-3c58829b920f',
    data: 2025-02-06T04:10:13.388Z,
    docinhosCoco: 74,
    __v: 0
  },
  {
    _id: new ObjectId('67d6746e0b7b3d7c356445bb'),
    id: '6c4886ee-fb73-48f2-8a77-a4ffb11496e5',
    vendedorId: 'd88c6130-6b61-47e1-a695-3c58829b920f',
    data: 2025-02-06T21:07:04.911Z,
    docinhosCoco: 55,
    __v: 0
  },
  {
    _id: new ObjectId('67d6746f0b7b3d7c356445db'),
    id: '5f12ce1e-79b7-41d2-8477-92a37bd627a6',
    vendedorId: 'd88c6130-6b61-47e1-a695-3c58829b920f',
    data: 2025-02-07T15:51:39.982Z,
    docinhosCoco: 79,
    __v: 0
  },
  ... 23 more items
]
✅ Processado vendedor: Natanael Freire
Debug - Repository - Query params: {
  vendedorId: '8d5dc31a-f639-47b6-b486-2a84d24e827d',
  dataInicio: 2024-09-17T03:00:00.000Z,
  dataFim: 2025-03-18T02:59:59.999Z
}
Debug - Repository - MongoDB query: {
  vendedorId: '8d5dc31a-f639-47b6-b486-2a84d24e827d',
  data: { '$gte': 1726542000000, '$lte': 1742266799999 }
}
Debug - Repository - Resultado encontrado: [
  {
    _id: new ObjectId('67d6738d0b7b3d7c35643491'),
    id: 'cccd54a2-917a-441d-958a-9e763766a017',
    vendedorId: '8d5dc31a-f639-47b6-b486-2a84d24e827d',
    data: 2024-09-17T09:42:19.540Z,
    docinhosCoco: 46,
    __v: 0
  },
  {
    _id: new ObjectId('67d673900b7b3d7c356434d5'),
    id: 'bbb74a72-ccc0-46db-a59d-d7a95bc198fd',
    vendedorId: '8d5dc31a-f639-47b6-b486-2a84d24e827d',
    data: 2024-09-19T15:57:43.033Z,
    docinhosCoco: 56,
    __v: 0
  },
  {
    _id: new ObjectId('67d673920b7b3d7c356434fb'),
    id: '12df0611-654c-484b-8f06-0a8f2cc4ac78',
    vendedorId: '8d5dc31a-f639-47b6-b486-2a84d24e827d',
    data: 2024-09-21T04:03:57.854Z,
    docinhosCoco: 83,
    __v: 0
  },
  {
    _id: new ObjectId('67d673930b7b3d7c35643509'),
    id: '7102c847-cf6f-4667-93a0-28e369b67e40',
    vendedorId: '8d5dc31a-f639-47b6-b486-2a84d24e827d',
    data: 2024-09-21T18:48:02.727Z,
    docinhosCoco: 96,
    __v: 0
  },
  {
    _id: new ObjectId('67d673980b7b3d7c35643569'),
    id: '8b34deb8-cf47-41fc-ba01-e23748bae37a',
    vendedorId: '8d5dc31a-f639-47b6-b486-2a84d24e827d',
    data: 2024-09-24T05:33:11.564Z,
    docinhosCoco: 54,
    __v: 0
  },
  {
    _id: new ObjectId('67d673990b7b3d7c35643577'),
    id: 'deec990d-3e63-47f4-9fd2-ae1d87ba604d',
    vendedorId: '8d5dc31a-f639-47b6-b486-2a84d24e827d',
    data: 2024-09-24T15:04:42.133Z,
    docinhosCoco: 47,
    __v: 0
  },
  {
    _id: new ObjectId('67d673a10b7b3d7c35643613'),
    id: '51669b03-40a1-4f0a-a083-f9b07c29f746',
    vendedorId: '8d5dc31a-f639-47b6-b486-2a84d24e827d',
    data: 2024-09-30T11:57:46.672Z,
    docinhosCoco: 74,
    __v: 0
  },
  {
    _id: new ObjectId('67d673a20b7b3d7c3564362b'),
    id: '477d9fd1-3471-4114-8bd8-1f09ae35ce98',
    vendedorId: '8d5dc31a-f639-47b6-b486-2a84d24e827d',
    data: 2024-10-01T07:47:05.404Z,
    docinhosCoco: 41,
    __v: 0
  },
  {
    _id: new ObjectId('67d673a90b7b3d7c356436b5'),
    id: 'b5fb3c55-5497-44c9-bb35-44151c70a592',
    vendedorId: '8d5dc31a-f639-47b6-b486-2a84d24e827d',
    data: 2024-10-06T05:12:08.923Z,
    docinhosCoco: 41,
    __v: 0
  },
  {
    _id: new ObjectId('67d673a90b7b3d7c356436bb'),
    id: 'e16bd15b-3840-4958-9837-f423229826a5',
    vendedorId: '8d5dc31a-f639-47b6-b486-2a84d24e827d',
    data: 2024-10-06T08:03:07.936Z,
    docinhosCoco: 62,
    __v: 0
  },
  {
    _id: new ObjectId('67d673aa0b7b3d7c356436cf'),
    id: '538aa2ea-628a-4eb2-bc47-d7c1ced8a6bc',
    vendedorId: '8d5dc31a-f639-47b6-b486-2a84d24e827d',
    data: 2024-10-06T19:05:51.394Z,
    docinhosCoco: 49,
    __v: 0
  },
  {
    _id: new ObjectId('67d673ae0b7b3d7c35643721'),
    id: 'efe6bb2e-e564-4d92-91d5-387b434dc6d2',
    vendedorId: '8d5dc31a-f639-47b6-b486-2a84d24e827d',
    data: 2024-10-10T07:38:14.199Z,
    docinhosCoco: 55,
    __v: 0
  },
  {
    _id: new ObjectId('67d673af0b7b3d7c35643733'),
    id: 'bbda4f80-3e60-4034-b451-7d025318680a',
    vendedorId: '8d5dc31a-f639-47b6-b486-2a84d24e827d',
    data: 2024-10-10T16:20:00.543Z,
    docinhosCoco: 74,
    __v: 0
  },
  {
    _id: new ObjectId('67d673b10b7b3d7c35643749'),
    id: '664c7163-0293-4609-882e-59c3ed4310e3',
    vendedorId: '8d5dc31a-f639-47b6-b486-2a84d24e827d',
    data: 2024-10-11T10:45:58.962Z,
    docinhosCoco: 62,
    __v: 0
  },
  {
    _id: new ObjectId('67d673b70b7b3d7c356437c7'),
    id: 'ab1dd779-4d09-4ef3-8b93-c11d268758b1',
    vendedorId: '8d5dc31a-f639-47b6-b486-2a84d24e827d',
    data: 2024-10-15T18:31:20.765Z,
    docinhosCoco: 78,
    __v: 0
  },
  {
    _id: new ObjectId('67d673b70b7b3d7c356437d1'),
    id: '2e0f5f97-297b-430c-8429-ce6e00d4e882',
    vendedorId: '8d5dc31a-f639-47b6-b486-2a84d24e827d',
    data: 2024-10-16T04:09:06.762Z,
    docinhosCoco: 80,
    __v: 0
  },
  {
    _id: new ObjectId('67d673be0b7b3d7c3564384d'),
    id: '4b16424f-f28d-45d2-a033-7534d8d709c8',
    vendedorId: '8d5dc31a-f639-47b6-b486-2a84d24e827d',
    data: 2024-10-19T18:56:44.717Z,
    docinhosCoco: 59,
    __v: 0
  },
  {
    _id: new ObjectId('67d673c00b7b3d7c35643877'),
    id: '79c149ac-8636-46a3-ae7a-090dbb879e79',
    vendedorId: '8d5dc31a-f639-47b6-b486-2a84d24e827d',
    data: 2024-10-21T07:41:10.520Z,
    docinhosCoco: 51,
    __v: 0
  },
  {
    _id: new ObjectId('67d673c30b7b3d7c356438b9'),
    id: '6c0c99b6-d12a-4228-b1db-dac705f0dfab',
    vendedorId: '8d5dc31a-f639-47b6-b486-2a84d24e827d',
    data: 2024-10-23T09:48:49.179Z,
    docinhosCoco: 57,
    __v: 0
  },
  {
    _id: new ObjectId('67d673d00b7b3d7c356439af'),
    id: '3190e77b-ed82-42c8-b402-44fbab13ff1b',
    vendedorId: '8d5dc31a-f639-47b6-b486-2a84d24e827d',
    data: 2024-11-01T02:34:58.825Z,
    docinhosCoco: 63,
    __v: 0
  },
  {
    _id: new ObjectId('67d673d00b7b3d7c356439b5'),
    id: '5bff7d97-caa9-4e9f-98f5-15589a0689fe',
    vendedorId: '8d5dc31a-f639-47b6-b486-2a84d24e827d',
    data: 2024-11-01T11:28:12.431Z,
    docinhosCoco: 70,
    __v: 0
  },
  {
    _id: new ObjectId('67d673d40b7b3d7c35643a07'),
    id: '7f9ad5c3-8c41-4750-9b58-b9dace7f53b4',
    vendedorId: '8d5dc31a-f639-47b6-b486-2a84d24e827d',
    data: 2024-11-04T03:33:04.763Z,
    docinhosCoco: 55,
    __v: 0
  },
  {
    _id: new ObjectId('67d673d50b7b3d7c35643a1b'),
    id: 'f18fb8ae-ba4d-4abf-b274-b882dd3346f4',
    vendedorId: '8d5dc31a-f639-47b6-b486-2a84d24e827d',
    data: 2024-11-04T14:02:46.798Z,
    docinhosCoco: 49,
    __v: 0
  },
  {
    _id: new ObjectId('67d673db0b7b3d7c35643a8d'),
    id: 'fe715464-5ee5-4b1e-aa29-589a4594486c',
    vendedorId: '8d5dc31a-f639-47b6-b486-2a84d24e827d',
    data: 2024-11-07T02:51:03.276Z,
    docinhosCoco: 57,
    __v: 0
  },
  {
    _id: new ObjectId('67d673dc0b7b3d7c35643a97'),
    id: '0adeb0de-06eb-48cf-a38b-a414a09e5816',
    vendedorId: '8d5dc31a-f639-47b6-b486-2a84d24e827d',
    data: 2024-11-07T07:54:53.732Z,
    docinhosCoco: 69,
    __v: 0
  },
  {
    _id: new ObjectId('67d673e30b7b3d7c35643b1f'),
    id: '9d3c8984-3b5a-42bb-9d45-66b906addec1',
    vendedorId: '8d5dc31a-f639-47b6-b486-2a84d24e827d',
    data: 2024-11-11T21:25:36.292Z,
    docinhosCoco: 75,
    __v: 0
  },
  {
    _id: new ObjectId('67d673e60b7b3d7c35643b5d'),
    id: '4ea4c82d-ae80-40e9-b6b7-2e7f0f105853',
    vendedorId: '8d5dc31a-f639-47b6-b486-2a84d24e827d',
    data: 2024-11-13T19:36:32.979Z,
    docinhosCoco: 50,
    __v: 0
  },
  {
    _id: new ObjectId('67d673e80b7b3d7c35643b91'),
    id: 'ecc6273c-d5f9-4a3c-b5f7-917bccdc353d',
    vendedorId: '8d5dc31a-f639-47b6-b486-2a84d24e827d',
    data: 2024-11-15T14:45:01.378Z,
    docinhosCoco: 43,
    __v: 0
  },
  {
    _id: new ObjectId('67d673eb0b7b3d7c35643bbf'),
    id: 'e1c73961-d353-4ca6-983a-8ffd0b0ebcfc',
    vendedorId: '8d5dc31a-f639-47b6-b486-2a84d24e827d',
    data: 2024-11-16T23:39:38.009Z,
    docinhosCoco: 83,
    __v: 0
  },
  {
    _id: new ObjectId('67d673ef0b7b3d7c35643c19'),
    id: '4bc56914-10f3-4a83-b2b9-da34dac8587c',
    vendedorId: '8d5dc31a-f639-47b6-b486-2a84d24e827d',
    data: 2024-11-19T23:56:06.433Z,
    docinhosCoco: 33,
    __v: 0
  },
  {
    _id: new ObjectId('67d673f80b7b3d7c35643cbb'),
    id: '7f0f2e3c-48e0-4f07-afef-a9f95875a1fd',
    vendedorId: '8d5dc31a-f639-47b6-b486-2a84d24e827d',
    data: 2024-11-24T10:26:55.823Z,
    docinhosCoco: 40,
    __v: 0
  },
  {
    _id: new ObjectId('67d673fc0b7b3d7c35643d0f'),
    id: '31bb9e86-cd5d-4aa1-96c3-6b1fcb539c76',
    vendedorId: '8d5dc31a-f639-47b6-b486-2a84d24e827d',
    data: 2024-11-27T13:10:50.011Z,
    docinhosCoco: 55,
    __v: 0
  },
  {
    _id: new ObjectId('67d674040b7b3d7c35643daf'),
    id: '9f02b5f3-5821-4c47-bae2-214f645d591b',
    vendedorId: '8d5dc31a-f639-47b6-b486-2a84d24e827d',
    data: 2024-12-01T20:23:12.014Z,
    docinhosCoco: 83,
    __v: 0
  },
  {
    _id: new ObjectId('67d6740d0b7b3d7c35643e69'),
    id: 'bba46d2d-c2ae-4951-a9dd-9664feece108',
    vendedorId: '8d5dc31a-f639-47b6-b486-2a84d24e827d',
    data: 2024-12-08T01:50:45.304Z,
    docinhosCoco: 116,
    __v: 0
  },
  {
    _id: new ObjectId('67d674180b7b3d7c35643f3d'),
    id: 'a79e6580-4676-4f07-bfec-98992f267b29',
    vendedorId: '8d5dc31a-f639-47b6-b486-2a84d24e827d',
    data: 2024-12-15T02:21:35.321Z,
    docinhosCoco: 76,
    __v: 0
  },
  {
    _id: new ObjectId('67d674180b7b3d7c35643f43'),
    id: 'e6861f7f-0b99-4496-a665-09d7f1a6bb16',
    vendedorId: '8d5dc31a-f639-47b6-b486-2a84d24e827d',
    data: 2024-12-15T08:14:49.880Z,
    docinhosCoco: 102,
    __v: 0
  },
  {
    _id: new ObjectId('67d674190b7b3d7c35643f49'),
    id: '23d67e17-12cf-4dbc-91be-f5dfa4b309a8',
    vendedorId: '8d5dc31a-f639-47b6-b486-2a84d24e827d',
    data: 2024-12-15T10:59:29.067Z,
    docinhosCoco: 83,
    __v: 0
  },
  {
    _id: new ObjectId('67d6741d0b7b3d7c35643fa1'),
    id: 'f9a83769-ef70-4e94-9c70-e8fc9805b11d',
    vendedorId: '8d5dc31a-f639-47b6-b486-2a84d24e827d',
    data: 2024-12-17T19:26:48.694Z,
    docinhosCoco: 57,
    __v: 0
  },
  {
    _id: new ObjectId('67d6741e0b7b3d7c35643fb3'),
    id: 'bb5053dc-6fd6-4ad9-95c4-038cec5f9021',
    vendedorId: '8d5dc31a-f639-47b6-b486-2a84d24e827d',
    data: 2024-12-18T18:03:04.775Z,
    docinhosCoco: 74,
    __v: 0
  },
  {
    _id: new ObjectId('67d6741f0b7b3d7c35643fc1'),
    id: '836e8988-c2fc-4ce6-b3ee-e29b129e4719',
    vendedorId: '8d5dc31a-f639-47b6-b486-2a84d24e827d',
    data: 2024-12-19T14:51:09.098Z,
    docinhosCoco: 36,
    __v: 0
  },
  {
    _id: new ObjectId('67d6742b0b7b3d7c356440a7'),
    id: '161845cd-1aad-45fa-a994-63f42e80d960',
    vendedorId: '8d5dc31a-f639-47b6-b486-2a84d24e827d',
    data: 2024-12-26T23:36:59.425Z,
    docinhosCoco: 87,
    __v: 0
  },
  {
    _id: new ObjectId('67d674300b7b3d7c3564411b'),
    id: '2ea61cbd-fabd-4f7c-86c6-451d27ce3c73',
    vendedorId: '8d5dc31a-f639-47b6-b486-2a84d24e827d',
    data: 2024-12-30T04:50:10.425Z,
    docinhosCoco: 73,
    __v: 0
  },
  {
    _id: new ObjectId('67d674350b7b3d7c35644177'),
    id: 'd9f1d1c9-036e-4342-81ab-a9f5ebe15c79',
    vendedorId: '8d5dc31a-f639-47b6-b486-2a84d24e827d',
    data: 2025-01-01T14:42:39.254Z,
    docinhosCoco: 55,
    __v: 0
  },
  {
    _id: new ObjectId('67d674360b7b3d7c35644181'),
    id: '0d5c8323-414f-483b-9571-fe4244d189ba',
    vendedorId: '8d5dc31a-f639-47b6-b486-2a84d24e827d',
    data: 2025-01-02T02:39:28.969Z,
    docinhosCoco: 47,
    __v: 0
  },
  {
    _id: new ObjectId('67d674380b7b3d7c356441af'),
    id: '46c7e81a-30ad-45b6-9b67-4ca874ce96d0',
    vendedorId: '8d5dc31a-f639-47b6-b486-2a84d24e827d',
    data: 2025-01-03T08:54:28.571Z,
    docinhosCoco: 58,
    __v: 0
  },
  {
    _id: new ObjectId('67d6743d0b7b3d7c3564420d'),
    id: '8db86e5a-6403-42e4-8af7-7f5f4d4840d8',
    vendedorId: '8d5dc31a-f639-47b6-b486-2a84d24e827d',
    data: 2025-01-07T06:45:23.176Z,
    docinhosCoco: 39,
    __v: 0
  },
  {
    _id: new ObjectId('67d674430b7b3d7c35644291'),
    id: 'dd673322-9172-4291-b7af-207269c4eafa',
    vendedorId: '8d5dc31a-f639-47b6-b486-2a84d24e827d',
    data: 2025-01-11T03:06:24.355Z,
    docinhosCoco: 55,
    __v: 0
  },
  {
    _id: new ObjectId('67d674440b7b3d7c35644299'),
    id: '9fba71d5-3ce1-4fd6-a704-cc1e29d60660',
    vendedorId: '8d5dc31a-f639-47b6-b486-2a84d24e827d',
    data: 2025-01-11T15:16:24.682Z,
    docinhosCoco: 53,
    __v: 0
  },
  {
    _id: new ObjectId('67d674490b7b3d7c356442ff'),
    id: 'd5ad6b95-2b3a-48b1-869c-89c4008d5125',
    vendedorId: '8d5dc31a-f639-47b6-b486-2a84d24e827d',
    data: 2025-01-15T09:49:20.167Z,
    docinhosCoco: 80,
    __v: 0
  },
  {
    _id: new ObjectId('67d674510b7b3d7c356443a7'),
    id: '2d8ba40c-a104-4b93-bcc0-fc7c9e5b9ba0',
    vendedorId: '8d5dc31a-f639-47b6-b486-2a84d24e827d',
    data: 2025-01-20T17:36:26.482Z,
    docinhosCoco: 74,
    __v: 0
  },
  {
    _id: new ObjectId('67d674520b7b3d7c356443b1'),
    id: '8b4be119-a7cc-45e1-bb2e-ac3495a764ac',
    vendedorId: '8d5dc31a-f639-47b6-b486-2a84d24e827d',
    data: 2025-01-21T01:57:27.613Z,
    docinhosCoco: 56,
    __v: 0
  },
  {
    _id: new ObjectId('67d674540b7b3d7c356443df'),
    id: '8eea8003-b76d-46bb-b6b2-31b5db0c6495',
    vendedorId: '8d5dc31a-f639-47b6-b486-2a84d24e827d',
    data: 2025-01-22T10:17:02.376Z,
    docinhosCoco: 38,
    __v: 0
  },
  {
    _id: new ObjectId('67d674560b7b3d7c356443fd'),
    id: '2e8cbc1b-99fc-4385-a033-ca49fe4d18e2',
    vendedorId: '8d5dc31a-f639-47b6-b486-2a84d24e827d',
    data: 2025-01-24T03:08:56.004Z,
    docinhosCoco: 51,
    __v: 0
  },
  {
    _id: new ObjectId('67d674610b7b3d7c356444df'),
    id: '5a776363-daf6-4c1c-933c-52f8f287b994',
    vendedorId: '8d5dc31a-f639-47b6-b486-2a84d24e827d',
    data: 2025-01-31T06:25:53.693Z,
    docinhosCoco: 30,
    __v: 0
  },
  {
    _id: new ObjectId('67d674660b7b3d7c35644525'),
    id: 'd05b4933-192f-479f-af6d-cb867e42ef7a',
    vendedorId: '8d5dc31a-f639-47b6-b486-2a84d24e827d',
    data: 2025-02-02T10:11:07.822Z,
    docinhosCoco: 97,
    __v: 0
  },
  {
    _id: new ObjectId('67d674670b7b3d7c35644531'),
    id: '8583a724-b2b3-4e29-bd86-ca4c16cb2c87',
    vendedorId: '8d5dc31a-f639-47b6-b486-2a84d24e827d',
    data: 2025-02-02T17:33:46.809Z,
    docinhosCoco: 74,
    __v: 0
  },
  {
    _id: new ObjectId('67d674690b7b3d7c35644557'),
    id: '3c9f179e-8873-465e-b9d6-f328694d13d8',
    vendedorId: '8d5dc31a-f639-47b6-b486-2a84d24e827d',
    data: 2025-02-03T15:57:03.787Z,
    docinhosCoco: 59,
    __v: 0
  },
  {
    _id: new ObjectId('67d6746b0b7b3d7c35644587'),
    id: 'bf6bde7f-2e3c-44b5-bc62-539fffb3e8ef',
    vendedorId: '8d5dc31a-f639-47b6-b486-2a84d24e827d',
    data: 2025-02-05T12:49:30.760Z,
    docinhosCoco: 74,
    __v: 0
  },
  {
    _id: new ObjectId('67d674700b7b3d7c356445e3'),
    id: '070cfb2d-1b89-48cd-a2c8-46a6d831152c',
    vendedorId: '8d5dc31a-f639-47b6-b486-2a84d24e827d',
    data: 2025-02-08T02:15:09.203Z,
    docinhosCoco: 33,
    __v: 0
  },
  {
    _id: new ObjectId('67d674730b7b3d7c35644623'),
    id: '002e3875-7c8b-4eef-a991-ad676b713d96',
    vendedorId: '8d5dc31a-f639-47b6-b486-2a84d24e827d',
    data: 2025-02-10T00:56:28.399Z,
    docinhosCoco: 67,
    __v: 0
  },
  {
    _id: new ObjectId('67d6747b0b7b3d7c356446c5'),
    id: 'bf811fe0-f923-4043-a994-a7ba6b65c4eb',
    vendedorId: '8d5dc31a-f639-47b6-b486-2a84d24e827d',
    data: 2025-02-15T00:55:36.032Z,
    docinhosCoco: 48,
    __v: 0
  },
  {
    _id: new ObjectId('67d674820b7b3d7c35644743'),
    id: 'ece05b17-7fcd-4bd6-aa98-745518776dae',
    vendedorId: '8d5dc31a-f639-47b6-b486-2a84d24e827d',
    data: 2025-02-18T14:17:54.241Z,
    docinhosCoco: 67,
    __v: 0
  },
  {
    _id: new ObjectId('67d674850b7b3d7c3564477f'),
    id: '574939ed-b507-47d3-b2d9-4eea6bb17237',
    vendedorId: '8d5dc31a-f639-47b6-b486-2a84d24e827d',
    data: 2025-02-20T10:42:46.860Z,
    docinhosCoco: 49,
    __v: 0
  },
  {
    _id: new ObjectId('67d6748d0b7b3d7c35644823'),
    id: 'a3a62c7a-c1f5-4129-a3ee-732c64d71237',
    vendedorId: '8d5dc31a-f639-47b6-b486-2a84d24e827d',
    data: 2025-02-27T04:58:44.538Z,
    docinhosCoco: 61,
    __v: 0
  },
  {
    _id: new ObjectId('67d6748d0b7b3d7c35644825'),
    id: '6b539a71-bd51-420e-8d87-22c0ddb834f9',
    vendedorId: '8d5dc31a-f639-47b6-b486-2a84d24e827d',
    data: 2025-02-27T06:02:23.841Z,
    docinhosCoco: 58,
    __v: 0
  },
  {
    _id: new ObjectId('67d6748f0b7b3d7c3564483d'),
    id: '827f4b0e-4f87-40a9-ae6f-a621199d249c',
    vendedorId: '8d5dc31a-f639-47b6-b486-2a84d24e827d',
    data: 2025-02-27T22:58:36.905Z,
    docinhosCoco: 51,
    __v: 0
  },
  {
    _id: new ObjectId('67d674900b7b3d7c3564485f'),
    id: '953d4be8-44fc-4a88-ba51-fd675575ee4c',
    vendedorId: '8d5dc31a-f639-47b6-b486-2a84d24e827d',
    data: 2025-03-01T03:45:03.863Z,
    docinhosCoco: 75,
    __v: 0
  },
  {
    _id: new ObjectId('67d674910b7b3d7c35644871'),
    id: '24dd8a6b-e720-41bd-b43d-237184931825',
    vendedorId: '8d5dc31a-f639-47b6-b486-2a84d24e827d',
    data: 2025-03-02T00:25:16.693Z,
    docinhosCoco: 97,
    __v: 0
  },
  {
    _id: new ObjectId('67d674920b7b3d7c3564487f'),
    id: 'c164d133-501e-49d0-9248-1acbe4624a8e',
    vendedorId: '8d5dc31a-f639-47b6-b486-2a84d24e827d',
    data: 2025-03-02T15:36:13.462Z,
    docinhosCoco: 100,
    __v: 0
  },
  {
    _id: new ObjectId('67d674940b7b3d7c3564489f'),
    id: '8b31e35f-9232-4365-b570-da1603f7ca1a',
    vendedorId: '8d5dc31a-f639-47b6-b486-2a84d24e827d',
    data: 2025-03-03T05:34:03.984Z,
    docinhosCoco: 65,
    __v: 0
  },
  {
    _id: new ObjectId('67d674950b7b3d7c356448b3'),
    id: 'a0a13b7f-e5b1-49ba-9313-52434951c96f',
    vendedorId: '8d5dc31a-f639-47b6-b486-2a84d24e827d',
    data: 2025-03-03T22:38:37.903Z,
    docinhosCoco: 62,
    __v: 0
  },
  {
    _id: new ObjectId('67d674a30b7b3d7c356449d5'),
    id: 'c0e658b6-d685-47dd-aead-4f3cac0c1109',
    vendedorId: '8d5dc31a-f639-47b6-b486-2a84d24e827d',
    data: 2025-03-13T13:39:03.591Z,
    docinhosCoco: 59,
    __v: 0
  },
  {
    _id: new ObjectId('67d674a70b7b3d7c35644a17'),
    id: 'a3fc5447-5633-470d-8619-4293e19c5ba1',
    vendedorId: '8d5dc31a-f639-47b6-b486-2a84d24e827d',
    data: 2025-03-15T16:43:38.792Z,
    docinhosCoco: 83,
    __v: 0
  }
]
✅ Processado vendedor: Gabriel Almeida
Debug - Repository - Query params: {
  vendedorId: 'vendedor123',
  dataInicio: 2024-09-17T03:00:00.000Z,
  dataFim: 2025-03-18T02:59:59.999Z
}
Debug - Repository - MongoDB query: {
  vendedorId: 'vendedor123',
  data: { '$gte': 1726542000000, '$lte': 1742266799999 }
}
Debug - Repository - Resultado encontrado: []
✅ Processado vendedor: João Silva
Debug - Repository - Query params: {
  vendedorId: 'b8b7b196-6f01-415a-bd25-d88f2dacf354',
  dataInicio: 2024-09-17T03:00:00.000Z,
  dataFim: 2025-03-18T02:59:59.999Z
}
Debug - Repository - MongoDB query: {
  vendedorId: 'b8b7b196-6f01-415a-bd25-d88f2dacf354',
  data: { '$gte': 1726542000000, '$lte': 1742266799999 }
}
Debug - Repository - Resultado encontrado: [
  {
    _id: new ObjectId('67d810393686e9d0f3e55413'),
    id: '850dab14-2d12-429f-8888-dd896b0508ac',
    vendedorId: 'b8b7b196-6f01-415a-bd25-d88f2dacf354',
    data: 2025-03-17T00:00:00.000Z,
    docinhosCoco: 200,
    __v: 0
  }
]
✅ Processado vendedor: Claudia
Debug - Repository - Query params: {
  vendedorId: '92664944-fe46-4bf6-92ec-3184dd6f0367',
  dataInicio: 2024-09-17T03:00:00.000Z,
  dataFim: 2025-03-18T02:59:59.999Z
}
Debug - Repository - MongoDB query: {
  vendedorId: '92664944-fe46-4bf6-92ec-3184dd6f0367',
  data: { '$gte': 1726542000000, '$lte': 1742266799999 }
}
Debug - Repository - Resultado encontrado: [
  {
    _id: new ObjectId('67d811e83686e9d0f3e55576'),
    id: '18c2b2ee-b085-4e0f-9af9-f3ea9ac2be56',
    vendedorId: '92664944-fe46-4bf6-92ec-3184dd6f0367',
    data: 2025-03-17T00:00:00.000Z,
    docinhosCoco: 350,
    __v: 0
  }
]
✅ Processado vendedor: João Vitor
Debug - Repository - Query params: {
  vendedorId: '44236aaa-4d98-44d3-8554-5e7797d7c809',
  dataInicio: 2024-09-17T03:00:00.000Z,
  dataFim: 2025-03-18T02:59:59.999Z
}
Debug - Repository - MongoDB query: {
  vendedorId: '44236aaa-4d98-44d3-8554-5e7797d7c809',
  data: { '$gte': 1726542000000, '$lte': 1742266799999 }
}
Debug - Repository - Resultado encontrado: [
  {
    _id: new ObjectId('67d81f793686e9d0f3e55862'),
    id: '61508347-54cb-4c6e-bfb7-57ec4dc2f4a0',
    vendedorId: '44236aaa-4d98-44d3-8554-5e7797d7c809',
    data: 2025-03-13T00:00:00.000Z,
    docinhosCoco: 20,
    __v: 0
  },
  {
    _id: new ObjectId('67d81faf3686e9d0f3e5586b'),
    id: 'dfccc577-4e30-4c18-8563-5acd885705c3',
    vendedorId: '44236aaa-4d98-44d3-8554-5e7797d7c809',
    data: 2025-03-15T00:00:00.000Z,
    docinhosCoco: 25,
    __v: 0
  }
]
✅ Processado vendedor: Luiza
Debug - Repository - Query params: {
  vendedorId: 'b4f2a066-5fb7-49e4-b73a-896461dffd36',
  dataInicio: 2024-09-17T03:00:00.000Z,
  dataFim: 2025-03-18T02:59:59.999Z
}
Debug - Repository - MongoDB query: {
  vendedorId: 'b4f2a066-5fb7-49e4-b73a-896461dffd36',
  data: { '$gte': 1726542000000, '$lte': 1742266799999 }
}
Debug - Repository - Resultado encontrado: [
  {
    _id: new ObjectId('67d81f9e3686e9d0f3e55868'),
    id: '9914e94e-d7b0-4734-b5ce-7d3b899471dd',
    vendedorId: 'b4f2a066-5fb7-49e4-b73a-896461dffd36',
    data: 2025-03-17T00:00:00.000Z,
    docinhosCoco: 20,
    __v: 0
  }
]
✅ Processado vendedor: Rafael
Debug - Repository - Query params: {
  vendedorId: '0c170730-be64-47dd-b41a-75e008779bf8',
  dataInicio: 2024-09-17T03:00:00.000Z,
  dataFim: 2025-03-18T02:59:59.999Z
}
Debug - Repository - MongoDB query: {
  vendedorId: '0c170730-be64-47dd-b41a-75e008779bf8',
  data: { '$gte': 1726542000000, '$lte': 1742266799999 }
}
Debug - Repository - Resultado encontrado: [
  {
    _id: new ObjectId('67d81f923686e9d0f3e55865'),
    id: '2acf08ac-37e3-49c1-a395-9290ff7223fa',
    vendedorId: '0c170730-be64-47dd-b41a-75e008779bf8',
    data: 2025-03-12T00:00:00.000Z,
    docinhosCoco: 120,
    __v: 0
  },
  {
    _id: new ObjectId('67d81fc03686e9d0f3e5586e'),
    id: '7fcfdf7f-9b01-41b5-a218-5d810e55e528',
    vendedorId: '0c170730-be64-47dd-b41a-75e008779bf8',
    data: 2025-03-15T00:00:00.000Z,
    docinhosCoco: 50,
    __v: 0
  }
]
✅ Processado vendedor: Gabriel
Debug - Repository - Query params: {
  vendedorId: '96f1cd6a-0436-4b66-bbf4-77828627d806',
  dataInicio: 2024-09-17T03:00:00.000Z,
  dataFim: 2025-03-18T02:59:59.999Z
}
Debug - Repository - MongoDB query: {
  vendedorId: '96f1cd6a-0436-4b66-bbf4-77828627d806',
  data: { '$gte': 1726542000000, '$lte': 1742266799999 }
}
Debug - Repository - Resultado encontrado: [
  {
    _id: new ObjectId('67d859473686e9d0f3e55bfa'),
    id: '3fa862bf-574a-4bb6-b55c-fed383d1585e',
    vendedorId: '96f1cd6a-0436-4b66-bbf4-77828627d806',
    data: 2025-03-14T00:00:00.000Z,
    docinhosCoco: 15,
    __v: 0
  },
  {
    _id: new ObjectId('67d8595b3686e9d0f3e55bfd'),
    id: '5184eb1f-fa10-468b-9863-59344facb3ae',
    vendedorId: '96f1cd6a-0436-4b66-bbf4-77828627d806',
    data: 2025-03-17T00:00:00.000Z,
    docinhosCoco: 20,
    __v: 0
  }
]
✅ Processado vendedor: Gabi

📚 Total de exemplos de treinamento gerados: 38

🔄 Iniciando treinamento do modelo...
❌ Erro ao treinar exemplo: Error: Erro ao treinar modelo: Not Found
    at OllamaService.<anonymous> (/Users/amaro/Documents/Projeto/Nimage/src/application/services/OllamaService.ts:156:23)
    at Generator.next (<anonymous>)
    at fulfilled (/Users/amaro/Documents/Projeto/Nimage/src/application/services/OllamaService.ts:5:58)
    at processTicksAndRejections (node:internal/process/task_queues:96:5)
❌ Erro durante o treinamento: Error: Erro ao treinar modelo: Not Found
    at OllamaService.<anonymous> (/Users/amaro/Documents/Projeto/Nimage/src/application/services/OllamaService.ts:156:23)
    at Generator.next (<anonymous>)
    at fulfilled (/Users/amaro/Documents/Projeto/Nimage/src/application/services/OllamaService.ts:5:58)
    at processTicksAndRejections (node:internal/process/task_queues:96:5)
